Marca temporal,쮺ual es su edad?,쮺ual es su sexo?,Que carrera esta estudiando,En que ciclo de estudio se encuentra este semestre,Cual es la herramienta de lectura que mas utilizas,Que modalidad de lectura prefieres,Que modalidad de lectura es mas accesible para usted,Crees que la gente que lee es mas culta,"Cuantas horas al dia dedicas a la lectura tradicional (libros, revistas)","Cuantas horas al dia dedicas a la lectura digital (eBooks, pdf's)",A que horario del dia sueles leer un libro fisico o digital,En que modalidad de lectura comprendes mejor un texto,Cual es para usted el obstaculo mas frecuente al momento de su lectura,En un rango de 0 a 500 nuevos soles cuanto estarias dispuesto a pagar por un libro fisico,En un rango de 0 a 500 nuevos soles cuanto estarias dispuesto a pagar por un libro digital,Cuanto te costo (en nuevos soles) el ultimo libro fisico o digital que compraste,Para finalizar nos podrias regalar un comentario acerca de como te parecio la encuesta,Puntuacion
18/04/2022 21:26:02,18,Femenino,Bioingenier칤a,3,Laptop o PC,Tradicional o cl치sica,Digital o virtual,"S칤, es un poco m치s culta que los que no leen",3,8,Tarde,Tradicional o cl치sica,Redes sociales,0 - 100,0 - 100,20,,
18/04/2022 21:27:16,18,Masculino,Bioingenier칤a,3,Tablet o eReaders,Ambas,Digital o virtual,"S칤, definitivamente",1,5,Noche,Ambas,"Ruido, sonidos",0 - 100,0 - 100,25.5,Buena,
18/04/2022 21:28:17,25,Masculino,Ingenier칤a Mecatr칩nica,5,Celular,Ambas,Ambas,"S칤, definitivamente",1,1,Tarde,Ambas,Movilidad y transporte de la herramienta de lectura,0 - 100,0 - 100,36,Buen tema,
18/04/2022 21:30:43,24,Femenino,Ingenier칤a Mecatr칩nica,5,Tablet o eReaders,Tradicional o cl치sica,Digital o virtual,"S칤, definitivamente",1,2,Noche,Tradicional o cl치sica,"Ruido, sonidos",0 - 100,0 - 100,15,,
18/04/2022 21:31:29,18,Masculino,Ingenier칤a Qu칤mica,3,Laptop o PC,Ambas,Digital o virtual,"S칤, es un poco m치s culta que los que no leen",1,3,Tarde,Ambas,"Ruido, sonidos",0 - 100,0 - 100,35,Estoy conforme con las preguntas.,
18/04/2022 21:31:36,22,Masculino,Ingenier칤a Electr칩nica,3,Laptop o PC,Tradicional o cl치sica,Digital o virtual,"S칤, es un poco m치s culta que los que no leen",1,3,Noche,Tradicional o cl치sica,"Ruido, sonidos",100 - 200,0 - 100,15,"Entendible, 칠xitos en el proyecto, gente.",
18/04/2022 21:32:23,18,Masculino,Ingenier칤a Electr칩nica,3,Laptop o PC,Digital o virtual,Digital o virtual,"S칤, es un poco m치s culta que los que no leen",1,2,Noche,Digital o virtual,Redes sociales,100 - 200,0 - 100,22,Buena encuesta.,
18/04/2022 21:34:33,19,Femenino,Ingenier칤a Qu칤mica,3,Celular,Ambas,Digital o virtual,No creo que tenga que ver,3,2,Ma침ana,Tradicional o cl치sica,"Ruido, sonidos",0 - 100,0 - 100,18.9,Correcta. Aunque en obst치culos quise escoger m치s de una opci칩n,
18/04/2022 21:34:43,19,Masculino,Ingenier칤a Industrial,3,"Libros, cuadernos",Tradicional o cl치sica,Ambas,No creo que tenga que ver,1,1,Noche,Tradicional o cl치sica,"Ruido, sonidos",0 - 100,0 - 100,30,Interesante,
18/04/2022 21:37:12,18,Masculino,Bioingenier칤a,3,Laptop o PC,Tradicional o cl치sica,Digital o virtual,"S칤, definitivamente",0,0,Noche,Tradicional o cl치sica,"Ruido, sonidos",0 - 100,0 - 100,19.9,,
18/04/2022 21:38:24,20,Masculino,Bioingenier칤a,4,Celular,Ambas,Digital o virtual,"S칤, definitivamente",2,3,Ma침ana,Tradicional o cl치sica,"Ruido, sonidos",100 - 200,0 - 100,45,Muy buena :3,
18/04/2022 21:48:41,20,Femenino,Ciencia de la Computaci칩n,5,Celular,Digital o virtual,Digital o virtual,"S칤, es un poco m치s culta que los que no leen",1,3,Ma침ana,Digital o virtual,El precio de los libros,100 - 200,0 - 100,69.9,,
18/04/2022 21:49:50,17,Femenino,Ingenier칤a Qu칤mica,1,Laptop o PC,Ambas,Ambas,"S칤, es un poco m치s culta que los que no leen",2,4,Noche,Ambas,"Ruido, sonidos",100 - 200,0 - 100,10.5,,
18/04/2022 21:50:15,20,Masculino,Ingenier칤a Qu칤mica,2,Laptop o PC,Tradicional o cl치sica,Tradicional o cl치sica,"S칤, es un poco m치s culta que los que no leen",1,1,Noche,Tradicional o cl치sica,Redes sociales,0 - 100,0 - 100,12.5,bien,
18/04/2022 21:51:37,18,Femenino,Ciencia de la Computaci칩n,4,Laptop o PC,Ambas,Digital o virtual,"S칤, es un poco m치s culta que los que no leen",0,0,Tarde,Ambas,"Ruido, sonidos",0 - 100,0 - 100,15,buena,
18/04/2022 21:52:31,23,Masculino,Ingenier칤a Electr칩nica,5,"Libros, cuadernos",Ambas,Tradicional o cl치sica,"S칤, definitivamente",5,2,Noche,Ambas,Movilidad y transporte de la herramienta de lectura,100 - 200,0 - 100,24,,
18/04/2022 21:56:07,22,Masculino,Ingenier칤a Qu칤mica,7,Laptop o PC,Tradicional o cl치sica,Digital o virtual,No creo que tenga que ver,2,2,Noche,Tradicional o cl치sica,"Ruido, sonidos",100 - 200,0 - 100,18.9,,
18/04/2022 21:56:30,18,Femenino,Bioingenier칤a,3,Tablet o eReaders,Tradicional o cl치sica,Digital o virtual,"S칤, definitivamente",2,4,Noche,Tradicional o cl치sica,El precio de los libros,0 - 100,0 - 100,9.9,"Me gustaron las preguntas, pero me hubiera gustado poder marcas m치s de una en algunas de ellas.",
18/04/2022 21:57:36,19,Femenino,Ingenier칤a Civil,4,Laptop o PC,Ambas,Digital o virtual,"S칤, definitivamente",1,1,Tarde,Ambas,"Ruido, sonidos",0 - 100,0 - 100,14.8,,
18/04/2022 21:57:43,18,Femenino,Ingenier칤a Civil,4,Laptop o PC,Ambas,Digital o virtual,"S칤, definitivamente",1,7,Noche,Ambas,"Ruido, sonidos",100 - 200,0 - 100,10,Muy buena y sencilla ,
18/04/2022 21:59:37,20,Masculino,Ingenier칤a Civil,5,Laptop o PC,Digital o virtual,Digital o virtual,"S칤, es un poco m치s culta que los que no leen",6,4,Tarde,Digital o virtual,"Ruido, sonidos",0 - 100,0 - 100,27.3,,
18/04/2022 22:03:10,18,Masculino,Ingenier칤a Qu칤mica,5,Laptop o PC,Tradicional o cl치sica,Digital o virtual,"S칤, es un poco m치s culta que los que no leen",1,6,Noche,Tradicional o cl치sica,"Ruido, sonidos",200 - 300,0 - 100,10,,
18/04/2022 22:04:58,20,Femenino,Ingenier칤a Civil,4,Celular,Ambas,Digital o virtual,"S칤, es un poco m치s culta que los que no leen",2,2,Tarde,Tradicional o cl치sica,"Ruido, sonidos",0 - 100,0 - 100,32,Me pareci칩 buena para aclarar de qu칠 forma comprendo mejor y como pudo mejorar mis tiempos de lectura.,
18/04/2022 22:10:27,18,Masculino,Bioingenier칤a,3,Laptop o PC,Tradicional o cl치sica,Digital o virtual,"S칤, definitivamente",3,1,Noche,Tradicional o cl치sica,"Ruido, sonidos",100 - 200,0 - 100,67,,
18/04/2022 22:44:56,17,Masculino,Bioingenier칤a,3,Tablet o eReaders,Digital o virtual,Digital o virtual,No creo que tenga que ver,2,7,Noche,Digital o virtual,"Ruido, sonidos",0 - 100,0 - 100,110,,
18/04/2022 23:02:23,18,Femenino,Bioingenier칤a,3,"Libros, cuadernos",Tradicional o cl치sica,Digital o virtual,"S칤, definitivamente",1,4,Ma침ana,Tradicional o cl치sica,Redes sociales,0 - 100,0 - 100,45,Buena encuesta :),
18/04/2022 23:03:08,21,Masculino,Ingenier칤a Civil,4,Tablet o eReaders,Tradicional o cl치sica,Tradicional o cl치sica,"S칤, es un poco m치s culta que los que no leen",1,3,Noche,Tradicional o cl치sica,Falta de internet,0 - 100,0 - 100,29.9,Consiso. ,
19/04/2022 7:34:57,20,Femenino,Bioingenier칤a,3,Laptop o PC,Ambas,Digital o virtual,"S칤, es un poco m치s culta que los que no leen",1,1,Noche,Ambas,"Poca luz, oscuridad",100 - 200,0 - 100,16,,
19/04/2022 8:02:03,18,Masculino,Ingenier칤a Mec치nica,3,Celular,Digital o virtual,Digital o virtual,"S칤, definitivamente",0,0,Noche,Tradicional o cl치sica,Redes sociales,0 - 100,0 - 100,99.9,,
19/04/2022 9:38:28,21,Femenino,Ingenier칤a Civil,4,Celular,Tradicional o cl치sica,Digital o virtual,No creo que tenga que ver,0,1,Ma침ana,Tradicional o cl치sica,El precio de los libros,0 - 100,0 - 100,24.5,,
19/04/2022 11:04:25,18,Femenino,Ingenier칤a Qu칤mica,3,Laptop o PC,Tradicional o cl치sica,Ambas,"S칤, definitivamente",2,2,Noche,Tradicional o cl치sica,Redes sociales,200 - 300,100 - 200,55,,
19/04/2022 13:16:10,19,Masculino,Ingenier칤a Civil,4,Laptop o PC,Tradicional o cl치sica,Ambas,"S칤, definitivamente",1,4,Ma침ana,Ambas,"Ruido, sonidos",100 - 200,0 - 100,62.5,,
19/04/2022 13:22:09,21,Masculino,Ingenier칤a Civil,4,Celular,Digital o virtual,Digital o virtual,"S칤, definitivamente",1,2,Ma침ana,Digital o virtual,"Ruido, sonidos",0 - 100,0 - 100,18.9,,
19/04/2022 13:23:51,20,Masculino,Ingenier칤a Industrial,3,Celular,Ambas,Digital o virtual,"S칤, es un poco m치s culta que los que no leen",1,1,Noche,Ambas,"Ruido, sonidos",0 - 100,0 - 100,19.9,,
19/04/2022 13:26:52,26,Masculino,Ingenier칤a Qu칤mica,7,Laptop o PC,Tradicional o cl치sica,Digital o virtual,"S칤, definitivamente",0,2,Noche,Tradicional o cl치sica,Movilidad y transporte de la herramienta de lectura,0 - 100,0 - 100,27,Buena encuesta,
19/04/2022 13:27:28,19,Masculino,Ingenier칤a Mecatr칩nica,4,Celular,Ambas,Ambas,"S칤, definitivamente",3,2,Tarde,Tradicional o cl치sica,Movilidad y transporte de la herramienta de lectura,0 - 100,0 - 100,12.5,Muy interesante el tema tratado. Pero como es estad칤stica te recomendar칤a m치s variables num칠ricas continuas. Cuando lleve el curso me hicieron falta para las 칰ltimas entregas. 칄xitos ,
19/04/2022 13:29:31,19,Femenino,Ingenier칤a Qu칤mica,5,"Libros, cuadernos",Ambas,Ambas,"S칤, definitivamente",5,5,Noche,Ambas,"Poca luz, oscuridad",300 - 400,100 - 200,14,,
19/04/2022 13:34:07,20,Masculino,Ingenier칤a Civil,4,Laptop o PC,Ambas,Ambas,"S칤, es un poco m치s culta que los que no leen",1,1,Tarde,Tradicional o cl치sica,Redes sociales,0 - 100,0 - 100,36,,
19/04/2022 13:38:50,20,Femenino,Ingenier칤a Qu칤mica,2,Laptop o PC,Ambas,Digital o virtual,"S칤, es un poco m치s culta que los que no leen",1,5,Noche,Ambas,Movilidad y transporte de la herramienta de lectura,0 - 100,0 - 100,86,"Muy accesible ya que esta es la 칰nica secci칩n para completar, y de esa manera se puede realizar con rapidez el formulario.",
19/04/2022 13:51:42,22,Femenino,Ingenier칤a Qu칤mica,3,Laptop o PC,Tradicional o cl치sica,Digital o virtual,No creo que tenga que ver,1,0,Tarde,Tradicional o cl치sica,"Ruido, sonidos",0 - 100,0 - 100,99,,
19/04/2022 13:55:15,22,Masculino,Ingenier칤a Qu칤mica,5,Laptop o PC,Tradicional o cl치sica,Digital o virtual,"S칤, definitivamente",2,2,Noche,Tradicional o cl치sica,"Ruido, sonidos",100 - 200,0 - 100,27,Util,
19/04/2022 13:58:18,19,Femenino,Ingenier칤a Qu칤mica,2,Laptop o PC,Tradicional o cl치sica,Tradicional o cl치sica,"S칤, definitivamente",3,2,Noche,Tradicional o cl치sica,El precio de los libros,0 - 100,0 - 100,31,Muy beneficioso,
19/04/2022 13:59:05,19,Femenino,Ingenier칤a Qu칤mica,4,Celular,Tradicional o cl치sica,Digital o virtual,"S칤, definitivamente",1,6,Ma침ana,Tradicional o cl치sica,El precio de los libros,100 - 200,0 - 100,60,,
19/04/2022 14:22:23,18,Masculino,Ingenier칤a Qu칤mica,3,Laptop o PC,Tradicional o cl치sica,Digital o virtual,"S칤, definitivamente",0,0,Noche,Ambas,El precio de los libros,0 - 100,0 - 100,12.5,,
19/04/2022 14:31:03,17,Femenino,Ingenier칤a Qu칤mica,1,"Libros, cuadernos",Ambas,Tradicional o cl치sica,No creo que tenga que ver,2,0,Ma침ana,Tradicional o cl치sica,"Ruido, sonidos",0 - 100,0 - 100,15,,
19/04/2022 14:36:41,20,Femenino,Ingenier칤a Qu칤mica,2,Laptop o PC,Tradicional o cl치sica,Tradicional o cl치sica,No creo que tenga que ver,5,2,Noche,Tradicional o cl치sica,"Ruido, sonidos",0 - 100,0 - 100,19,Fue clara y concisa con las preguntas respecto al uso de la lectura digital ,
19/04/2022 15:03:42,16,Femenino,Ingenier칤a Qu칤mica,1,Celular,Ambas,Digital o virtual,"S칤, definitivamente",2,3,Noche,Ambas,"Ruido, sonidos",100 - 200,0 - 100,53,,
19/04/2022 17:26:51,19,Femenino,Ingenier칤a Mec치nica,3,"Libros, cuadernos",Tradicional o cl치sica,Digital o virtual,"S칤, es un poco m치s culta que los que no leen",0,0,Noche,Tradicional o cl치sica,"Ruido, sonidos",0 - 100,0 - 100,59,,
19/04/2022 17:43:26,19,Femenino,Ingenier칤a Civil,5,Celular,Tradicional o cl치sica,Digital o virtual,"S칤, definitivamente",4,12,Noche,Tradicional o cl치sica,Redes sociales,100 - 200,0 - 100,125.50,,
19/04/2022 17:46:49,18,Masculino,Ingenier칤a Civil,4,Laptop o PC,Ambas,Digital o virtual,No creo que tenga que ver,2,2,Noche,Digital o virtual,"Ruido, sonidos",0 - 100,0 - 100,0,Chevere :D,
19/04/2022 18:03:47,19,Femenino,Ingenier칤a Civil,4,Laptop o PC,Digital o virtual,Digital o virtual,"S칤, es un poco m치s culta que los que no leen",0,1,Noche,Digital o virtual,"Ruido, sonidos",100 - 200,0 - 100,0,,
19/04/2022 18:12:18,20,Masculino,Ingenier칤a Electr칩nica,4,Laptop o PC,Tradicional o cl치sica,Digital o virtual,"S칤, definitivamente",1,4,Ma침ana,Tradicional o cl치sica,El precio de los libros,0 - 100,0 - 100,28,Interesante ya que la virtualidad no deja otra opci칩n que recurrir a la misma por m치s ineficiente que sea. ,
19/04/2022 20:49:27,19,Femenino,Ingenier칤a Qu칤mica,7,Laptop o PC,Ambas,Digital o virtual,"S칤, definitivamente",0,4,Noche,Ambas,Redes sociales,200 - 300,0 - 100,100,"Con respecto al horario de lectura, considero que la mayor칤a de universitarios lee los ratos que tiene libre por los huecos entre clases, as칤 que no podr칤a establecer un horario fijo. Var칤a por d칤a.",
22/04/2022 12:37:11,20,Femenino,Ingenier칤a Qu칤mica,5,Tablet o eReaders,Digital o virtual,Digital o virtual,"S칤, es un poco m치s culta que los que no leen",4,5,Tarde,Ambas,Falta de internet,100 - 200,0 - 100,99.50,,
22/04/2022 12:42:02,19,Masculino,Ingenier칤a Mecatr칩nica,4,Celular,Digital o virtual,Digital o virtual,"S칤, es un poco m치s culta que los que no leen",1,3,Noche,Tradicional o cl치sica,Redes sociales,0 - 100,0 - 100,0,No,
22/04/2022 12:42:19,18,Femenino,Ingenier칤a Civil,4,Laptop o PC,Ambas,Digital o virtual,"S칤, definitivamente",1,1,Tarde,Ambas,El precio de los libros,0 - 100,0 - 100,25,Bastante concisa,
22/04/2022 12:46:35,21,Masculino,Ingenier칤a Civil,2,Laptop o PC,Ambas,Digital o virtual,"S칤, es un poco m치s culta que los que no leen",0,2,Noche,Ambas,Redes sociales,0 - 100,0 - 100,50,No uu ,
22/04/2022 12:46:42,19,Femenino,Ingenier칤a Civil,4,Laptop o PC,Ambas,Tradicional o cl치sica,"S칤, definitivamente",1,1,Tarde,Ambas,Redes sociales,0 - 100,0 - 100,50,Muy interesante,
22/04/2022 12:47:59,18,Masculino,Ingenier칤a Civil,4,Laptop o PC,Tradicional o cl치sica,Digital o virtual,"S칤, es un poco m치s culta que los que no leen",0,1,Noche,Digital o virtual,"Ruido, sonidos",100 - 200,0 - 100,120,Me pareci칩 correcta y precisa uwu,
22/04/2022 12:49:12,20,Masculino,Ingenier칤a Industrial,3,Laptop o PC,Ambas,Ambas,No creo que tenga que ver,2,2,Noche,Ambas,Redes sociales,0 - 100,0 - 100,65,Me pareci칩 interesante ,
22/04/2022 12:55:35,21,Masculino,Bioingenier칤a,9,Laptop o PC,Digital o virtual,Ambas,No creo que tenga que ver,1,2,Ma침ana,Ambas,Redes sociales,0 - 100,0 - 100,20,,
22/04/2022 13:01:41,20,Masculino,Ingenier칤a Civil,4,Celular,Digital o virtual,Digital o virtual,"S칤, es un poco m치s culta que los que no leen",1,8,Noche,Digital o virtual,"Ruido, sonidos",0 - 100,0 - 100,70,Buena  y precisa . ,
22/04/2022 13:17:01,20,Masculino,Ingenier칤a Civil,4,Celular,Digital o virtual,Digital o virtual,"S칤, definitivamente",2,1,Noche,Digital o virtual,"Ruido, sonidos",0 - 100,0 - 100,No,,
22/04/2022 13:28:51,18,Masculino,Ingenier칤a Industrial,2,Laptop o PC,Ambas,Digital o virtual,No creo que tenga que ver,2,2,Noche,Ambas,Redes sociales,0 - 100,0 - 100,30,Buena encuesta que de alguna manera incentiva a la lectura.,
22/04/2022 13:28:54,19,Femenino,Ingenier칤a Qu칤mica,3,Laptop o PC,Tradicional o cl치sica,Digital o virtual,"S칤, definitivamente",5,2,Tarde,Tradicional o cl치sica,El precio de los libros,0 - 100,0 - 100,35,,
22/04/2022 13:29:03,18,Masculino,Bioingenier칤a,2,"Libros, cuadernos",Tradicional o cl치sica,Digital o virtual,"S칤, es un poco m치s culta que los que no leen",3,1,Tarde,Tradicional o cl치sica,"Ruido, sonidos",400 - 500,0 - 100,59,,
22/04/2022 13:32:03,17,Masculino,Ingenier칤a Mecatr칩nica,2,Celular,Ambas,Digital o virtual,"S칤, es un poco m치s culta que los que no leen",0,2,Tarde,Tradicional o cl치sica,"Ruido, sonidos",100 - 200,0 - 100,0.00,,
22/04/2022 13:41:39,18,Masculino,Ingenier칤a Civil,2,Celular,Ambas,Digital o virtual,No creo que tenga que ver,1,1,Noche,Tradicional o cl치sica,Redes sociales,0 - 100,0 - 100,10,,
22/04/2022 13:44:35,21,Femenino,Ingenier칤a Industrial,2,Celular,Ambas,Tradicional o cl치sica,"S칤, definitivamente",0,1,Noche,Tradicional o cl치sica,"Ruido, sonidos",200 - 300,200 - 300,75,Excelente. ,
22/04/2022 14:01:51,19,Masculino,Ingenier칤a Mecatr칩nica,3,Laptop o PC,Tradicional o cl치sica,Ambas,"S칤, es un poco m치s culta que los que no leen",1,1,Noche,Tradicional o cl치sica,Movilidad y transporte de la herramienta de lectura,0 - 100,0 - 100,30,Buena,
22/04/2022 14:13:51,23,Masculino,Ingenier칤a Civil,4,Laptop o PC,Ambas,Digital o virtual,No creo que tenga que ver,2,3,Tarde,Ambas,"Ruido, sonidos",100 - 200,0 - 100,40,Muy c칩moda por las opciones m칰ltiples.,
22/04/2022 14:19:23,19,Femenino,Ingenier칤a Ambiental,4,Celular,Ambas,Digital o virtual,No creo que tenga que ver,1,4,Noche,Ambas,El precio de los libros,0 - 100,0 - 100,70,Muy eficiente ,
22/04/2022 14:26:23,17,Masculino,Ingenier칤a Electr칩nica,2,Laptop o PC,Ambas,Tradicional o cl치sica,"S칤, definitivamente",1,2,Ma침ana,Tradicional o cl치sica,"Ruido, sonidos",100 - 200,100 - 200,70,interesante.,
22/04/2022 14:31:06,21,Masculino,Ingenier칤a Civil,4,Tablet o eReaders,Ambas,Digital o virtual,"S칤, es un poco m치s culta que los que no leen",1,3,Ma침ana,Ambas,El precio de los libros,0 - 100,0 - 100,0,Puntual. ,
22/04/2022 14:34:18,20,Femenino,Ingenier칤a Ambiental,7,Laptop o PC,Tradicional o cl치sica,Digital o virtual,"S칤, definitivamente",4,6,Noche,Ambas,"Ruido, sonidos",200 - 300,100 - 200,50,"Encuesta bien realizada, buena ",
22/04/2022 14:38:11,19,Femenino,Ingenier칤a Ambiental,2,Celular,Ambas,Digital o virtual,"S칤, definitivamente",2,1,Noche,Ambas,"Ruido, sonidos",0 - 100,0 - 100,50,,
22/04/2022 15:05:48,17,Femenino,Ingenier칤a Civil,3,Tablet o eReaders,Tradicional o cl치sica,Digital o virtual,No creo que tenga que ver,1,2,Tarde,Ambas,Redes sociales,100 - 200,0 - 100,150,Interesante ;),
22/04/2022 15:52:00,18,Femenino,Ingenier칤a Industrial,2,Laptop o PC,Ambas,Ambas,"S칤, es un poco m치s culta que los que no leen",2,1,Noche,Tradicional o cl치sica,"Poca luz, oscuridad",100 - 200,0 - 100,89.90,"Estuvo muy buena , en la manera ordinaria.
",
22/04/2022 16:07:36,17,Masculino,Ingenier칤a Industrial,2,"Libros, cuadernos",Tradicional o cl치sica,Digital o virtual,"S칤, es un poco m치s culta que los que no leen",2,0,Tarde,Tradicional o cl치sica,El precio de los libros,0 - 100,0 - 100,23,,
22/04/2022 17:22:38,19,Masculino,Ingenier칤a Electr칩nica,2,Laptop o PC,Ambas,Digital o virtual,"S칤, es un poco m치s culta que los que no leen",1,3,Ma침ana,Ambas,Redes sociales,0 - 100,0 - 100,98.99,Execelente la encuesta pide mucha informaci칩n bastante puntual ustedes c칩mo encuestadores tendr치n mucho datos para analizar. Saludos cordiales.,
22/04/2022 18:50:15,19,Masculino,Ciencia de la Computaci칩n,5,Laptop o PC,Digital o virtual,Ambas,"S칤, definitivamente",0,3,Tarde,Ambas,Redes sociales,200 - 300,100 - 200,150,Es 칰til porque es importante que los estudiantes sean consientes de que la lectura es algo vital para esta etapa.,
22/04/2022 18:53:01,19,Masculino,Bioingenier칤a,5,Laptop o PC,Tradicional o cl치sica,Digital o virtual,"S칤, definitivamente",2,15,Tarde,Tradicional o cl치sica,"Ruido, sonidos",100 - 200,100 - 200,89,,
22/04/2022 19:11:51,22,Masculino,Ingenier칤a Electr칩nica,3,Laptop o PC,Tradicional o cl치sica,Digital o virtual,No creo que tenga que ver,1,4,Tarde,Tradicional o cl치sica,"Ruido, sonidos",200 - 300,0 - 100,22,"Bastante amigable y entendible en sus opciones, 칠xitos en su proyecto ;) ",
22/04/2022 19:21:51,17,Masculino,Ingenier칤a Electr칩nica,3,Laptop o PC,Digital o virtual,Digital o virtual,"S칤, es un poco m치s culta que los que no leen",0,1,Noche,Ambas,"Ruido, sonidos",100 - 200,0 - 100,79,,
22/04/2022 21:49:56,22,Masculino,Ingenier칤a Civil,3,Laptop o PC,Tradicional o cl치sica,Digital o virtual,"S칤, es un poco m치s culta que los que no leen",1,2,Noche,Tradicional o cl치sica,"Ruido, sonidos",100 - 200,0 - 100,65,Me pareci칩 genial,
23/04/2022 17:53:03,18,Masculino,Bioingenier칤a,4,"Libros, cuadernos",Tradicional o cl치sica,Ambas,No creo que tenga que ver,2,2,Tarde,Tradicional o cl치sica,"Ruido, sonidos",100 - 200,0 - 100,79.90,Algunas opciones pudieron ser de opci칩n m칰ltiple como los inconvenientes ,
23/04/2022 23:23:18,19,Masculino,Ingenier칤a Industrial,2,Laptop o PC,Tradicional o cl치sica,Digital o virtual,"S칤, es un poco m치s culta que los que no leen",0,1,Ma침ana,Tradicional o cl치sica,Redes sociales,0 - 100,0 - 100,37.5,,
24/04/2022 12:03:48,21,Masculino,Ingenier칤a Industrial,6,Laptop o PC,Tradicional o cl치sica,Digital o virtual,"S칤, es un poco m치s culta que los que no leen",4,5,Noche,Digital o virtual,"Poca luz, oscuridad",200 - 300,100 - 200,50,,
25/04/2022 15:03:48,19,Masculino,Ingenier칤a Industrial,2,Laptop o PC,Ambas,Digital o virtual,"S칤, es un poco m치s culta que los que no leen",1,1,Noche,Ambas,"Ruido, sonidos",0 - 100,0 - 100,Regalo ,,
25/04/2022 19:10:22,21,Masculino,Ingenier칤a de la Energ칤a,7,Laptop o PC,Digital o virtual,Digital o virtual,"S칤, es un poco m치s culta que los que no leen",0,2,Noche,Ambas,"Poca luz, oscuridad",0 - 100,0 - 100,30,Simple y pr치ctica,
25/04/2022 19:54:48,20,Masculino,Ingenier칤a Industrial,2,Laptop o PC,Tradicional o cl치sica,Digital o virtual,"S칤, definitivamente",1,1,Noche,Tradicional o cl치sica,Redes sociales,0 - 100,0 - 100,45,buena,
25/04/2022 19:57:03,19,Femenino,Ingenier칤a Industrial,2,Laptop o PC,Tradicional o cl치sica,Digital o virtual,"S칤, es un poco m치s culta que los que no leen",1,1,Noche,Tradicional o cl치sica,Redes sociales,0 - 100,0 - 100,30,Buena,
25/04/2022 19:59:05,18,Femenino,Ingenier칤a Qu칤mica,3,"Libros, cuadernos",Tradicional o cl치sica,Digital o virtual,"S칤, es un poco m치s culta que los que no leen",1,2,Noche,Tradicional o cl치sica,"Ruido, sonidos",0 - 100,0 - 100,65,,
25/04/2022 20:07:06,18,Masculino,Ingenier칤a Civil,2,Celular,Ambas,Digital o virtual,"S칤, es un poco m치s culta que los que no leen",1,2,Ma침ana,Ambas,"Ruido, sonidos",400 - 500,0 - 100,37,Muy agradable :) suerte!!!,
25/04/2022 20:08:58,18,Femenino,Ingenier칤a Ambiental,3,"Libros, cuadernos",Ambas,Ambas,"S칤, es un poco m치s culta que los que no leen",5,1,Noche,Tradicional o cl치sica,"Ruido, sonidos",0 - 100,0 - 100,60,,
25/04/2022 20:10:21,21,Femenino,Ingenier칤a Industrial,6,Celular,Ambas,Digital o virtual,No creo que tenga que ver,6,6,Noche,Tradicional o cl치sica,El precio de los libros,0 - 100,0 - 100,25$,,
25/04/2022 20:10:34,18,Femenino,Ingenier칤a Civil,2,Laptop o PC,Tradicional o cl치sica,Ambas,"S칤, definitivamente",2,1,Noche,Tradicional o cl치sica,"Ruido, sonidos",0 - 100,0 - 100,40,,
25/04/2022 20:16:40,23,Femenino,Ingenier칤a Mec치nica,5,Laptop o PC,Tradicional o cl치sica,Tradicional o cl치sica,"S칤, definitivamente",10,6,Tarde,Tradicional o cl치sica,El precio de los libros,0 - 100,100 - 200,56,,
25/04/2022 20:20:11,19,Masculino,Ingenier칤a Mec치nica,5,"Libros, cuadernos",Tradicional o cl치sica,Digital o virtual,"S칤, definitivamente",1,0,Tarde,Ambas,"Ruido, sonidos",0 - 100,0 - 100,53,,
25/04/2022 20:23:43,18,Masculino,Ingenier칤a Mecatr칩nica,2,Laptop o PC,Digital o virtual,Digital o virtual,"S칤, es un poco m치s culta que los que no leen",0,2,Ma침ana,Ambas,El precio de los libros,0 - 100,0 - 100,Nada,Good,
25/04/2022 20:23:48,20,Masculino,Ciencia de la Computaci칩n,6,Celular,Tradicional o cl치sica,Digital o virtual,"S칤, definitivamente",0,2,Noche,Ambas,"Poca luz, oscuridad",0 - 100,0 - 100,22,,
25/04/2022 20:25:38,20,Masculino,Ingenier칤a Civil,2,Celular,Tradicional o cl치sica,Digital o virtual,"S칤, definitivamente",2,3,Noche,Ambas,"Ruido, sonidos",100 - 200,0 - 100,85,,
25/04/2022 20:26:33,18,Masculino,Ingenier칤a Qu칤mica,3,Laptop o PC,Tradicional o cl치sica,Digital o virtual,"S칤, es un poco m치s culta que los que no leen",0,0,Tarde,Tradicional o cl치sica,El precio de los libros,0 - 100,0 - 100,0,,
25/04/2022 20:26:50,18,Femenino,Ingenier칤a Industrial,2,Laptop o PC,Tradicional o cl치sica,Digital o virtual,"S칤, es un poco m치s culta que los que no leen",0,3,Tarde,Tradicional o cl치sica,"Poca luz, oscuridad",100 - 200,0 - 100,70,buena encuesta ,
25/04/2022 20:28:26,19,Masculino,Ingenier칤a Industrial,2,"Libros, cuadernos",Ambas,Ambas,"S칤, es un poco m치s culta que los que no leen",2,3,Noche,Tradicional o cl치sica,"Ruido, sonidos",200 - 300,0 - 100,150,Relativamente buena... :) ,
25/04/2022 20:29:03,17,Femenino,Ingenier칤a Industrial,2,Laptop o PC,Ambas,Ambas,"S칤, es un poco m치s culta que los que no leen",1,1,Ma침ana,Ambas,"Ruido, sonidos",0 - 100,0 - 100,50,Muy buena ,
25/04/2022 20:30:05,22,Femenino,Ingenier칤a Industrial,2,Laptop o PC,Digital o virtual,Digital o virtual,"S칤, es un poco m치s culta que los que no leen",1,2,Noche,Digital o virtual,"Ruido, sonidos",0 - 100,0 - 100,86,practica y sencilla de responder,
25/04/2022 20:31:36,18,Femenino,Bioingenier칤a,2,Laptop o PC,Tradicional o cl치sica,Ambas,"S칤, es un poco m치s culta que los que no leen",1,2,Noche,Digital o virtual,El precio de los libros,0 - 100,0 - 100,25,,
25/04/2022 20:31:52,18,Femenino,Ingenier칤a Industrial,2,Laptop o PC,Tradicional o cl치sica,Digital o virtual,"S칤, definitivamente",2,3,Noche,Ambas,"Ruido, sonidos",200 - 300,0 - 100,340,Me pareci칩 muy formal como educativa ,
25/04/2022 20:35:03,18,Femenino,Ingenier칤a Civil,2,Laptop o PC,Tradicional o cl치sica,Ambas,"S칤, es un poco m치s culta que los que no leen",4,3,Tarde,Tradicional o cl치sica,Redes sociales,0 - 100,0 - 100,18,Podr칤an permitir que se seleccione m치s de una opcion en la pregunta 13 uu,
25/04/2022 20:36:43,18,Femenino,Ingenier칤a Industrial,2,Laptop o PC,Tradicional o cl치sica,Ambas,No creo que tenga que ver,3,3,Ma침ana,Tradicional o cl치sica,Falta de internet,0 - 100,0 - 100,45,perfect ,
25/04/2022 20:40:01,18,Femenino,Ingenier칤a Ambiental,2,Laptop o PC,Tradicional o cl치sica,Digital o virtual,"S칤, es un poco m치s culta que los que no leen",2,4,Tarde,Tradicional o cl치sica,Redes sociales,300 - 400,0 - 100,50,"La encuesta, me pareci칩 muy interesante pues fue f치cil de entender adem치s de ser din치mica.",
25/04/2022 20:40:01,18,Femenino,Ingenier칤a Civil,2,Laptop o PC,Ambas,Ambas,"S칤, es un poco m치s culta que los que no leen",2,3,Noche,Ambas,El precio de los libros,0 - 100,0 - 100,89,,
25/04/2022 20:42:46,19,Masculino,Ingenier칤a Industrial,2,Celular,Digital o virtual,Digital o virtual,"S칤, es un poco m치s culta que los que no leen",0,1,Ma침ana,Ambas,"Ruido, sonidos",0 - 100,0 - 100,0,Buena,
25/04/2022 21:12:02,19,Masculino,Ingenier칤a Civil,2,Laptop o PC,Tradicional o cl치sica,Digital o virtual,"S칤, definitivamente",0,1,Tarde,Tradicional o cl치sica,Redes sociales,100 - 200,0 - 100,30,,
25/04/2022 21:34:03,19,Femenino,Ingenier칤a Mecatr칩nica,5,Laptop o PC,Tradicional o cl치sica,Digital o virtual,"S칤, definitivamente",0,1,Tarde,Tradicional o cl치sica,El precio de los libros,0 - 100,0 - 100,56,"uhmmmm, la encuesta esta bien pero siento q las variables numericas les van a quedar algo cortas para sus an치lisis de proyecto.",
25/04/2022 21:36:52,19,Masculino,Ingenier칤a Electr칩nica,5,Laptop o PC,Digital o virtual,Digital o virtual,"S칤, es un poco m치s culta que los que no leen",0,8,Noche,Digital o virtual,El precio de los libros,0 - 100,0 - 100,60,"Algunas preguntas ten칤an respuestas muy restrictivas, c칩mo la de a qu칠 hora del d칤a me pongo a leer. hubieran agregado m치s opciones como: ma침ana y noche/ tarde y noche/ etc.",
25/04/2022 21:44:44,18,Masculino,Bioingenier칤a,2,Tablet o eReaders,Tradicional o cl치sica,Ambas,No creo que tenga que ver,2,2,Noche,Tradicional o cl치sica,El precio de los libros,0 - 100,0 - 100,0,Muy satisfactoria,
25/04/2022 21:53:55,18,Femenino,Ingenier칤a Ambiental,2,Laptop o PC,Ambas,Digital o virtual,"S칤, definitivamente",1,2,Tarde,Tradicional o cl치sica,El precio de los libros,0 - 100,0 - 100,40,,
25/04/2022 22:14:01,18,Femenino,Ingenier칤a Industrial,2,Laptop o PC,Tradicional o cl치sica,Ambas,"S칤, definitivamente",2,1,Tarde,Tradicional o cl치sica,"Ruido, sonidos",0 - 100,0 - 100,4,Muy bien estructurada,
25/04/2022 22:15:34,17,Femenino,Ingenier칤a Civil,2,Laptop o PC,Tradicional o cl치sica,Ambas,No creo que tenga que ver,1,1,Noche,Tradicional o cl치sica,"Ruido, sonidos",0 - 100,0 - 100,0,S칰per buena!,
25/04/2022 22:18:30,18,Femenino,Ingenier칤a Industrial,2,Laptop o PC,Tradicional o cl치sica,Tradicional o cl치sica,"S칤, es un poco m치s culta que los que no leen",1,1,Ma침ana,Tradicional o cl치sica,"Ruido, sonidos",0 - 100,0 - 100,12,Me pareci칩 las preguntas bien estructuradas ,
25/04/2022 22:19:48,18,Femenino,Ingenier칤a Industrial,2,Laptop o PC,Digital o virtual,Digital o virtual,No creo que tenga que ver,1,3,Tarde,Digital o virtual,"Ruido, sonidos",0 - 100,0 - 100,40,Un tema muy interesante,
25/04/2022 22:28:44,20,Femenino,Ingenier칤a Industrial,2,Laptop o PC,Tradicional o cl치sica,Tradicional o cl치sica,"S칤, es un poco m치s culta que los que no leen",1,1,Noche,Tradicional o cl치sica,"Ruido, sonidos",0 - 100,0 - 100,25,"Me encant칩 las preguntas, justo en un pa칤s ",
25/04/2022 22:28:49,18,Femenino,Ingenier칤a Industrial,2,Tablet o eReaders,Tradicional o cl치sica,Digital o virtual,"S칤, es un poco m치s culta que los que no leen",0,1,Noche,Tradicional o cl치sica,"Ruido, sonidos",0 - 100,0 - 100,10,,
25/04/2022 22:28:57,18,Masculino,Ingenier칤a Industrial,2,Celular,Tradicional o cl치sica,Digital o virtual,"S칤, definitivamente",2,2,Tarde,Digital o virtual,"Poca luz, oscuridad",0 - 100,0 - 100,15,muy rapida ,
25/04/2022 22:30:25,19,Masculino,Ingenier칤a Industrial,2,"Libros, cuadernos",Tradicional o cl치sica,Tradicional o cl치sica,"S칤, es un poco m치s culta que los que no leen",0,0,Noche,Tradicional o cl치sica,"Ruido, sonidos",400 - 500,0 - 100,70,"Muy satisfactoria, ya que es un tema que me interesa.",
25/04/2022 22:31:59,18,Femenino,Ingenier칤a Industrial,2,Laptop o PC,Tradicional o cl치sica,Tradicional o cl치sica,"S칤, es un poco m치s culta que los que no leen",2,0,Noche,Tradicional o cl치sica,"Ruido, sonidos",200 - 300,0 - 100,100,Muy interesante y util.,
25/04/2022 22:44:38,17,Masculino,Ingenier칤a Qu칤mica,1,Laptop o PC,Tradicional o cl치sica,Tradicional o cl치sica,"S칤, definitivamente",2,2,Noche,Ambas,"Ruido, sonidos",100 - 200,0 - 100,60,Entretenida ,
25/04/2022 23:13:19,18,Femenino,Ingenier칤a Qu칤mica,3,Laptop o PC,Tradicional o cl치sica,Digital o virtual,"S칤, definitivamente",2,3,Tarde,Ambas,"Ruido, sonidos",100 - 200,0 - 100,69,Muy factible ,
26/04/2022 0:20:39,19,Masculino,Ciencia de la Computaci칩n,2,Laptop o PC,Digital o virtual,Digital o virtual,No creo que tenga que ver,0,2,Ma침ana,Digital o virtual,"Ruido, sonidos",0 - 100,0 - 100,12,Pasable ,
26/04/2022 0:25:35,19,Masculino,Ingenier칤a Industrial,2,Laptop o PC,Digital o virtual,Digital o virtual,"S칤, es un poco m치s culta que los que no leen",2,3,Ma침ana,Tradicional o cl치sica,"Ruido, sonidos",0 - 100,0 - 100,45,,
26/04/2022 1:08:11,19,Masculino,Ingenier칤a Mec치nica,3,Laptop o PC,Tradicional o cl치sica,Digital o virtual,"S칤, es un poco m치s culta que los que no leen",2,2,Noche,Tradicional o cl치sica,"Ruido, sonidos",100 - 200,0 - 100,35,Buena,
26/04/2022 1:29:53,20,Femenino,Ingenier칤a Industrial,2,Laptop o PC,Ambas,Digital o virtual,"S칤, es un poco m치s culta que los que no leen",4,2,Noche,Ambas,Falta de internet,100 - 200,100 - 200,100,Excelente,
26/04/2022 1:48:52,19,Masculino,Ingenier칤a Industrial,2,Laptop o PC,Ambas,Digital o virtual,No creo que tenga que ver,3,1,Noche,Digital o virtual,"Ruido, sonidos",100 - 200,100 - 200,40,"Fue una encuesta interesante, pues es un buen test para ver como vamos en dicho aspecto",
26/04/2022 7:54:14,18,Masculino,Bioingenier칤a,3,Laptop o PC,Ambas,Digital o virtual,"S칤, definitivamente",4,2,Tarde,Tradicional o cl치sica,Redes sociales,0 - 100,0 - 100,60,,
26/04/2022 7:55:57,19,Femenino,Ingenier칤a Qu칤mica,3,Laptop o PC,Tradicional o cl치sica,Digital o virtual,No creo que tenga que ver,3,2,Tarde,Ambas,Redes sociales,0 - 100,0 - 100,35,,
26/04/2022 8:14:38,18,Femenino,Bioingenier칤a,3,"Libros, cuadernos",Ambas,Tradicional o cl치sica,"S칤, definitivamente",1,2,Ma침ana,Ambas,"Poca luz, oscuridad",100 - 200,0 - 100,78,"Me pareci칩 muy consiso y fue f치cil de rellenar, aunque para la pregunta sobre los obst치culos me hubiera gustado escoger m치s opciones.",
26/04/2022 8:18:47,18,Femenino,Bioingenier칤a,3,Laptop o PC,Tradicional o cl치sica,Digital o virtual,No creo que tenga que ver,0,1,Tarde,Ambas,"Ruido, sonidos",0 - 100,0 - 100,50,bien,
26/04/2022 8:19:58,18,Masculino,Bioingenier칤a,3,Laptop o PC,Tradicional o cl치sica,Digital o virtual,No creo que tenga que ver,2,6,Noche,Tradicional o cl치sica,Movilidad y transporte de la herramienta de lectura,0 - 100,0 - 100,10,,
26/04/2022 8:21:32,18,Masculino,Ciencia de la Computaci칩n,3,Laptop o PC,Tradicional o cl치sica,Digital o virtual,"S칤, es un poco m치s culta que los que no leen",1,2,Noche,Tradicional o cl치sica,"Ruido, sonidos",0 - 100,0 - 100,85,Estuvo interesante,
26/04/2022 8:36:46,18,Masculino,Bioingenier칤a,3,Laptop o PC,Tradicional o cl치sica,Digital o virtual,No creo que tenga que ver,1,2,Noche,Ambas,El precio de los libros,0 - 100,0 - 100,79.90,,
26/04/2022 8:52:08,20,Masculino,Bioingenier칤a,3,Laptop o PC,Ambas,Digital o virtual,"S칤, es un poco m치s culta que los que no leen",2,2,Ma침ana,Ambas,"Ruido, sonidos",0 - 100,0 - 100,30,Muy buena,
26/04/2022 10:39:01,22,Masculino,Ingenier칤a Civil,3,Celular,Ambas,Digital o virtual,"S칤, definitivamente",3,5,Ma침ana,Tradicional o cl치sica,"Ruido, sonidos",100 - 200,0 - 100,100,,
26/04/2022 10:40:37,21,Masculino,Ingenier칤a Qu칤mica,4,Celular,Tradicional o cl치sica,Tradicional o cl치sica,"S칤, definitivamente",5,4,Noche,Ambas,"Poca luz, oscuridad",0 - 100,100 - 200,80,,
26/04/2022 12:24:05,18,Femenino,Bioingenier칤a,3,Celular,Ambas,Ambas,"S칤, es un poco m치s culta que los que no leen",1,2,Noche,Ambas,"Ruido, sonidos",100 - 200,100 - 200,25,"Super f치cil de responder, ya que solo eran opciones no comentarios abiertos ",
26/04/2022 14:06:31,18,Femenino,Ingenier칤a Industrial,3,Laptop o PC,Ambas,Ambas,"S칤, es un poco m치s culta que los que no leen",2,2,Noche,Ambas,"Poca luz, oscuridad",400 - 500,400 - 500,20,Genial :D,
26/04/2022 16:02:11,18,Femenino,Ingenier칤a Industrial,2,Laptop o PC,Tradicional o cl치sica,Digital o virtual,"S칤, definitivamente",0,1,Ma침ana,Tradicional o cl치sica,"Ruido, sonidos",0 - 100,0 - 100,0,Muy buena ,
26/04/2022 16:33:01,17,Masculino,Ingenier칤a Qu칤mica,3,Laptop o PC,Tradicional o cl치sica,Digital o virtual,No creo que tenga que ver,1,2,Tarde,Tradicional o cl치sica,"Ruido, sonidos",0 - 100,0 - 100,35,,
26/04/2022 19:18:39,20,Femenino,Ingenier칤a Industrial,2,Celular,Ambas,Tradicional o cl치sica,"S칤, es un poco m치s culta que los que no leen",2,3,Noche,Ambas,"Ruido, sonidos",0 - 100,0 - 100,25,,
26/04/2022 21:55:15,20,Masculino,Bioingenier칤a,3,"Libros, cuadernos",Tradicional o cl치sica,Digital o virtual,"S칤, es un poco m치s culta que los que no leen",1,1,Tarde,Ambas,"Poca luz, oscuridad",100 - 200,100 - 200,60,,
27/04/2022 13:08:48,18,Femenino,Bioingenier칤a,3,Laptop o PC,Ambas,Ambas,No creo que tenga que ver,2,3,Tarde,Ambas,"Ruido, sonidos",100 - 200,0 - 100,79.80,R치pida y f치cil ,
27/04/2022 13:11:02,18,Masculino,Ingenier칤a Mecatr칩nica,1,Laptop o PC,Tradicional o cl치sica,Digital o virtual,No creo que tenga que ver,1,1,Noche,Tradicional o cl치sica,Redes sociales,0 - 100,0 - 100,30,Buena e interesante ,
27/04/2022 13:18:23,18,Masculino,Ingenier칤a Civil,2,Laptop o PC,Tradicional o cl치sica,Digital o virtual,"S칤, definitivamente",1,2,Noche,Tradicional o cl치sica,"Ruido, sonidos",100 - 200,100 - 200,80,,
27/04/2022 13:32:09,19,Femenino,Ingenier칤a Mecatr칩nica,3,"Libros, cuadernos",Tradicional o cl치sica,Digital o virtual,"S칤, definitivamente",2,3,Noche,Tradicional o cl치sica,"Ruido, sonidos",200 - 300,100 - 200,150,genial,
27/04/2022 13:36:31,19,Masculino,Ingenier칤a Civil,4,Laptop o PC,Tradicional o cl치sica,Digital o virtual,"S칤, es un poco m치s culta que los que no leen",1,2,Noche,Tradicional o cl치sica,"Ruido, sonidos",100 - 200,0 - 100,150,Excelente! ,
27/04/2022 13:38:38,20,Femenino,Ingenier칤a Civil,3,Celular,Ambas,Digital o virtual,"S칤, definitivamente",2,1,Noche,Digital o virtual,Redes sociales,0 - 100,0 - 100,25,Interesante ,
27/04/2022 13:39:02,20,Masculino,Ciencia de la Computaci칩n,5,Laptop o PC,Digital o virtual,Digital o virtual,No creo que tenga que ver,0,1,Noche,Digital o virtual,"Ruido, sonidos",100 - 200,0 - 100,30,Simple,
27/04/2022 14:44:08,18,Femenino,Bioingenier칤a,3,"Libros, cuadernos",Tradicional o cl치sica,Ambas,No creo que tenga que ver,2,2,Noche,Tradicional o cl치sica,Redes sociales,0 - 100,0 - 100,120,,
27/04/2022 15:03:43,19,Femenino,Ingenier칤a de la Energ칤a,3,Celular,Ambas,Digital o virtual,No creo que tenga que ver,1,3,Tarde,Ambas,Redes sociales,0 - 100,0 - 100,30,,
27/04/2022 15:26:16,18,Femenino,Ingenier칤a Industrial,2,Tablet o eReaders,Ambas,Digital o virtual,"S칤, definitivamente",4,5,Noche,Tradicional o cl치sica,El precio de los libros,0 - 100,0 - 100,99,,
27/04/2022 18:44:27,20,Femenino,Bioingenier칤a,3,Laptop o PC,Ambas,Digital o virtual,"S칤, definitivamente",0,1,Noche,Ambas,"Ruido, sonidos",100 - 200,0 - 100,120,,
27/04/2022 23:24:04,19,Femenino,Ingenier칤a Qu칤mica,2,Laptop o PC,Ambas,Digital o virtual,"S칤, definitivamente",2,3,Tarde,Tradicional o cl치sica,"Ruido, sonidos",0 - 100,0 - 100,50,"Estuvo bueno :), sigan as칤. ",
27/04/2022 23:28:07,17,Masculino,Ingenier칤a Mecatr칩nica,2,"Libros, cuadernos",Tradicional o cl치sica,Digital o virtual,"S칤, es un poco m치s culta que los que no leen",0,2,Tarde,Tradicional o cl치sica,"Ruido, sonidos",100 - 200,0 - 100,0,Me pareci칩 consistente ante los puntos cr칤ticos de lectores :),
28/04/2022 10:21:10,18,Masculino,Bioingenier칤a,3,Laptop o PC,Digital o virtual,Ambas,"S칤, es un poco m치s culta que los que no leen",0,2,Noche,Tradicional o cl치sica,"Ruido, sonidos",100 - 200,0 - 100,80,lol,
28/04/2022 11:42:53,18,Femenino,Ciencia de la Computaci칩n,2,"Libros, cuadernos",Tradicional o cl치sica,Digital o virtual,No creo que tenga que ver,3,2,Tarde,Tradicional o cl치sica,"Ruido, sonidos",0 - 100,0 - 100,28,,
28/04/2022 13:26:58,22,Masculino,Ingenier칤a Civil,2,Celular,Ambas,Tradicional o cl치sica,No creo que tenga que ver,12,11,Ma침ana,Digital o virtual,El precio de los libros,0 - 100,0 - 100,80,Algunas preguntas no entend칤,
28/04/2022 16:37:40,20,Masculino,Ciencia de la Computaci칩n,7,Laptop o PC,Ambas,Digital o virtual,"S칤, es un poco m치s culta que los que no leen",0,2,Ma침ana,Tradicional o cl치sica,"Ruido, sonidos",0 - 100,0 - 100,0,Buena,
28/04/2022 19:16:25,18,Femenino,Bioingenier칤a,3,Celular,Ambas,Digital o virtual,"S칤, es un poco m치s culta que los que no leen",3,6,Noche,Tradicional o cl치sica,El precio de los libros,100 - 200,0 - 100,63,Interesante,
29/04/2022 12:06:32,18,Masculino,Ingenier칤a Electr칩nica,2,Laptop o PC,Tradicional o cl치sica,Digital o virtual,No creo que tenga que ver,0,1,Tarde,Ambas,El precio de los libros,100 - 200,0 - 100,115,,
29/04/2022 12:30:04,18,Femenino,Ingenier칤a Qu칤mica,3,Laptop o PC,Ambas,Digital o virtual,"S칤, es un poco m치s culta que los que no leen",1,2,Noche,Ambas,Redes sociales,0 - 100,0 - 100,45,"Me parecio interesante ya que busca los puntos claves acerca de la lectura, por  otro lado seria bueno que agreguen porque eligen, asi tienen algo mas de informacion, no digo que en todas las preguntas pero si en algunas
:3",
30/04/2022 15:05:52,22,Masculino,Ingenier칤a Mec치nica,3,"Libros, cuadernos",Ambas,Ambas,"S칤, es un poco m치s culta que los que no leen",2,6,Tarde,Ambas,"Ruido, sonidos",100 - 200,0 - 100,50,Me parece que las preguntas son las correctas y suficientemente especificas en base a lo que se desea estudiar o verificar.,
1/05/2022 10:07:53,17,Masculino,Ingenier칤a Civil,1,Laptop o PC,Ambas,Ambas,"S칤, definitivamente",2,2,Noche,Ambas,"Ruido, sonidos",100 - 200,0 - 100,180,Excelente,
1/05/2022 10:54:29,19,Masculino,Bioingenier칤a,1,Laptop o PC,Digital o virtual,Ambas,"S칤, definitivamente",7,5,Ma침ana,Ambas,"Ruido, sonidos",100 - 200,0 - 100,250,Excelente ,
1/05/2022 15:55:38,21,Femenino,Ingenier칤a Industrial,2,Tablet o eReaders,Tradicional o cl치sica,Digital o virtual,"S칤, definitivamente",2,3,Noche,Digital o virtual,"Ruido, sonidos",200 - 300,0 - 100,100,muy buena,
1/05/2022 15:57:43,19,Masculino,Ingenier칤a Civil,4,Laptop o PC,Tradicional o cl치sica,Digital o virtual,"S칤, definitivamente",4,6,Noche,Digital o virtual,Redes sociales,100 - 200,100 - 200,20,,
1/05/2022 16:01:51,17,Masculino,Ingenier칤a Mecatr칩nica,2,Laptop o PC,Digital o virtual,Digital o virtual,No creo que tenga que ver,1,3,Ma침ana,Tradicional o cl치sica,"Poca luz, oscuridad",0 - 100,0 - 100,84,Algo ligero de responder,
1/05/2022 16:04:01,17,Femenino,Ingenier칤a Industrial,1,Celular,Ambas,Ambas,"S칤, definitivamente",2,1,Tarde,Ambas,"Ruido, sonidos",100 - 200,0 - 100,30 soles ,me pareci칩 muy interesante ,
1/05/2022 16:07:23,19,Femenino,Ingenier칤a Electr칩nica,2,Laptop o PC,Tradicional o cl치sica,Digital o virtual,"S칤, es un poco m치s culta que los que no leen",4,2,Tarde,Tradicional o cl치sica,El precio de los libros,0 - 100,0 - 100,70,Buena :D,
1/05/2022 16:08:01,21,Masculino,Ingenier칤a Industrial,6,Laptop o PC,Ambas,Ambas,No creo que tenga que ver,1,1,Tarde,Ambas,"Ruido, sonidos",0 - 100,0 - 100,50,Interesante,
1/05/2022 16:08:04,22,Femenino,Ingenier칤a Electr칩nica,2,"Libros, cuadernos",Tradicional o cl치sica,Tradicional o cl치sica,"S칤, definitivamente",2,3,Tarde,Tradicional o cl치sica,"Ruido, sonidos",0 - 100,0 - 100,20,Excelente,
1/05/2022 16:14:00,18,Masculino,Ingenier칤a Mec치nica,4,Laptop o PC,Digital o virtual,Tradicional o cl치sica,"S칤, es un poco m치s culta que los que no leen",0,4,Ma침ana,Ambas,Redes sociales,0 - 100,300 - 400,100,chevere,
1/05/2022 16:16:48,18,Femenino,Bioingenier칤a,3,Celular,Ambas,Digital o virtual,"S칤, es un poco m치s culta que los que no leen",0,2,Tarde,Ambas,"Ruido, sonidos",0 - 100,0 - 100,100,游땔游녨,
1/05/2022 16:18:01,19,Masculino,Ingenier칤a Civil,5,Laptop o PC,Tradicional o cl치sica,Digital o virtual,"S칤, es un poco m치s culta que los que no leen",1,1,Noche,Ambas,Redes sociales,0 - 100,0 - 100,60,Muy buena,
1/05/2022 16:18:08,21,Femenino,Bioingenier칤a,4,Laptop o PC,Tradicional o cl치sica,Digital o virtual,"S칤, es un poco m치s culta que los que no leen",0,3,Tarde,Ambas,El precio de los libros,0 - 100,0 - 100,56 soles,Buena,
1/05/2022 16:18:30,21,Masculino,Ingenier칤a Industrial,6,Laptop o PC,Tradicional o cl치sica,Digital o virtual,"S칤, definitivamente",2,2,Noche,Tradicional o cl치sica,"Ruido, sonidos",0 - 100,0 - 100,70,En algo,
1/05/2022 16:20:06,19,Masculino,Ingenier칤a Industrial,2,"Libros, cuadernos",Ambas,Tradicional o cl치sica,"S칤, definitivamente",3,2,Noche,Ambas,"Ruido, sonidos",200 - 300,0 - 100,80,"La encuesta es muy buena, es muy importante recopilar esos datos y yo me siento bien aportwndo mi granito de arena",
1/05/2022 16:20:28,19,Masculino,Ingenier칤a Civil,1,Laptop o PC,Tradicional o cl치sica,Tradicional o cl치sica,"S칤, definitivamente",1,1,Tarde,Tradicional o cl치sica,Redes sociales,100 - 200,100 - 200,100,genial,
1/05/2022 16:20:48,19,Masculino,Administraci칩n y Negocios digitales,5,Laptop o PC,Digital o virtual,Ambas,"S칤, es un poco m치s culta que los que no leen",2,1,Noche,Ambas,"Ruido, sonidos",100 - 200,100 - 200,120,,
1/05/2022 16:21:41,19,Masculino,Ingenier칤a Civil,5,Laptop o PC,Digital o virtual,Digital o virtual,"S칤, definitivamente",0,1,Tarde,Tradicional o cl치sica,"Ruido, sonidos",0 - 100,0 - 100,50,"en la parte de obst치culos pueden a침adir la opci칩n de otros, porque yo colocar칤a: me distraigo f치cilmente",
1/05/2022 16:25:00,20,Masculino,Ciencia de la Computaci칩n,5,Laptop o PC,Ambas,Digital o virtual,"S칤, es un poco m치s culta que los que no leen",1,1,Noche,Digital o virtual,Redes sociales,0 - 100,0 - 100,40,"un poco trivial.

",
1/05/2022 16:26:29,18,Masculino,Ingenier칤a Mecatr칩nica,2,Celular,Ambas,Tradicional o cl치sica,"S칤, es un poco m치s culta que los que no leen",2,1,Noche,Tradicional o cl치sica,"Ruido, sonidos",0 - 100,0 - 100,20,Ty,
1/05/2022 16:26:51,22,Masculino,Ingenier칤a Civil,7,Laptop o PC,Tradicional o cl치sica,Digital o virtual,"S칤, es un poco m치s culta que los que no leen",1,2,Tarde,Ambas,"Ruido, sonidos",100 - 200,0 - 100,55,Interesante,
1/05/2022 16:29:57,19,Masculino,Ingenier칤a Civil,6,Laptop o PC,Ambas,Digital o virtual,"S칤, es un poco m치s culta que los que no leen",0,4,Tarde,Digital o virtual,"Ruido, sonidos",0 - 100,0 - 100,20,,
1/05/2022 16:29:58,19,Femenino,Ciencia de la Computaci칩n,2,Celular,Digital o virtual,Digital o virtual,"S칤, es un poco m치s culta que los que no leen",1,2,Noche,Ambas,"Ruido, sonidos",0 - 100,0 - 100,10,"Interesante, reflexiva y peculiar",
1/05/2022 16:39:45,19,Femenino,Ingenier칤a Civil,4,Celular,Tradicional o cl치sica,Digital o virtual,No creo que tenga que ver,0,1,Ma침ana,Ambas,El precio de los libros,0 - 100,0 - 100,65,,
1/05/2022 16:51:37,18,Masculino,Ingenier칤a Industrial,2,Laptop o PC,Digital o virtual,Ambas,"S칤, definitivamente",2,2,Noche,Ambas,"Ruido, sonidos",0 - 100,0 - 100,20 so,Arriba Alianza!,
1/05/2022 17:05:09,21,Masculino,Ingenier칤a Civil,3,"Libros, cuadernos",Tradicional o cl치sica,Ambas,"S칤, definitivamente",8,2,Tarde,Tradicional o cl치sica,"Ruido, sonidos",0 - 100,0 - 100,85 soles,sencilla y pr치ctica.,
1/05/2022 17:11:49,21,Femenino,Ingenier칤a Industrial,5,Laptop o PC,Tradicional o cl치sica,Digital o virtual,"S칤, definitivamente",1,2,Noche,Ambas,"Ruido, sonidos",100 - 200,0 - 100,72,Las preguntas est치n bien planteadas.,
1/05/2022 17:20:47,16,NA,Bioingenier칤a,1,Otros.,Digital o virtual,Ambas,No creo que tenga que ver,4,0,Tarde,Ambas,Movilidad y transporte de la herramienta de lectura,100 - 200,300 - 400,70,cool,
1/05/2022 17:22:05,20,Femenino,Ingenier칤a Ambiental,5,Laptop o PC,Ambas,Digital o virtual,"S칤, es un poco m치s culta que los que no leen",1,2,Noche,Tradicional o cl치sica,"Ruido, sonidos",0 - 100,0 - 100,40,Excelente,
1/05/2022 17:26:57,21,Femenino,Bioingenier칤a,5,"Libros, cuadernos",Ambas,Ambas,No creo que tenga que ver,5,6,Noche,Ambas,Movilidad y transporte de la herramienta de lectura,200 - 300,0 - 100,235,,
1/05/2022 17:58:41,23,Masculino,Ingenier칤a de la Energ칤a,2,Laptop o PC,Digital o virtual,Digital o virtual,No creo que tenga que ver,1,1,Tarde,Tradicional o cl치sica,"Ruido, sonidos",100 - 200,0 - 100,60,Muy buena encuesta,
1/05/2022 18:26:14,21,Masculino,Ingenier칤a Mecatr칩nica,9,"Libros, cuadernos",Ambas,Ambas,"S칤, definitivamente",1,1,Noche,Tradicional o cl치sica,"Poca luz, oscuridad",0 - 100,0 - 100,56,Bien ligera y c칩moda de completar.,
1/05/2022 19:17:54,19,Masculino,Ingenier칤a Civil,2,Laptop o PC,Digital o virtual,Digital o virtual,"S칤, definitivamente",0,5,Tarde,Digital o virtual,El precio de los libros,0 - 100,0 - 100,0,Muy interesante sobre todo por el hecho de que se habla de dos tipos de lectura que hoy en d칤a son importante para el desarrollo del aprendizaje ,
1/05/2022 19:45:24,18,Femenino,Bioingenier칤a,5,"Libros, cuadernos",Ambas,Tradicional o cl치sica,"S칤, definitivamente",5,4,Tarde,Tradicional o cl치sica,Falta de internet,0 - 100,0 - 100,Gratis,Genial,
1/05/2022 22:02:17,21,Masculino,Ingenier칤a Civil,6,Laptop o PC,Ambas,Digital o virtual,"S칤, es un poco m치s culta que los que no leen",1,1,Tarde,Ambas,El precio de los libros,0 - 100,0 - 100,35,Interesante ,