,Player,Team,Pos,GP,W%,K,D,A,KDA,KP,DTH%,FB%,GD10,XPD10,CSD10,CSPM,CS%P15,DPM,DMG%,EGPM,Gold%,WPM,WCPM,Split
0,Abbedagge,Schalke 04,Middle,19.0,47.0,41.0,43.0,79.0,2.8,63.2,21.9,11.0,-115.0,-125.0,-3.3,9.0,26.6,417.0,24.6,257.9,22.5,0.51,0.19,Spring Regular
1,Alphari,Origen,Top,18.0,67.0,29.0,30.0,73.0,3.4,51.8,19.4,11.0,133.0,36.0,1.7,8.0,22.4,354.0,21.8,243.5,20.9,0.54,0.15,Spring Regular
2,Attila,Vitality,ADC,18.0,56.0,48.0,30.0,77.0,4.2,60.1,14.9,11.0,-112.0,-22.0,-3.9,10.2,33.4,458.0,25.6,316.7,26.9,0.35,0.39,Spring Regular
3,Broxah,Fnatic,Jungle,18.0,61.0,49.0,27.0,93.0,5.3,66.7,15.5,33.0,160.0,33.0,-1.8,5.0,13.2,255.0,14.9,200.1,17.1,0.36,0.34,Spring Regular
4,Bwipo,Fnatic,Top,18.0,61.0,41.0,42.0,80.0,2.9,56.8,24.1,17.0,-275.0,-133.0,-10.0,7.6,23.6,444.0,25.5,239.7,20.4,0.48,0.16,Spring Regular
5,Cabochard,Vitality,Top,18.0,56.0,72.0,35.0,66.0,3.9,66.3,17.3,17.0,278.0,82.0,5.4,8.8,26.0,448.0,25.3,297.1,25.2,0.48,0.16,Spring Regular
6,Caedrel,Excel Esports,Jungle,18.0,28.0,40.0,49.0,92.0,2.7,72.5,23.6,33.0,-54.0,-103.0,-3.2,4.8,13.4,244.0,15.8,182.8,17.4,0.61,0.34,Spring Regular
7,Caps,G2 Esports,Middle,18.0,72.0,92.0,47.0,95.0,4.0,60.3,21.2,11.0,-27.0,-72.0,2.8,8.5,24.0,550.0,25.8,290.5,22.6,0.46,0.22,Spring Regular
8,Crownshot,SK Gaming,ADC,19.0,53.0,73.0,44.0,85.0,3.6,74.5,16.9,11.0,-43.0,-52.0,0.9,9.9,33.4,519.0,28.9,327.1,28.7,0.37,0.36,Spring Regular
9,Dreams,SK Gaming,Support,19.0,53.0,22.0,66.0,116.0,2.1,65.1,25.4,11.0,-19.0,-23.0,1.0,1.5,4.7,112.0,6.5,127.2,11.1,1.36,0.22,Spring Regular
10,Exile,Excel Esports,Middle,8.0,25.0,14.0,19.0,25.0,2.1,61.9,27.1,0.0,-327.0,-86.0,-13.3,8.1,24.1,345.0,24.5,218.0,21.6,0.45,0.18,Spring Regular
11,Expect,Excel Esports,Top,18.0,28.0,39.0,39.0,76.0,2.9,63.2,18.8,17.0,-24.0,62.0,-1.3,8.1,25.2,334.0,22.0,236.0,22.6,0.5,0.16,Spring Regular
12,Febiven,Misfits,Middle,18.0,44.0,55.0,31.0,65.0,3.9,62.5,13.8,22.0,161.0,48.0,3.3,9.0,27.2,434.0,26.0,271.0,24.3,0.44,0.15,Spring Regular
13,Finn,Rogue,Top,6.0,33.0,13.0,20.0,16.0,1.5,59.2,27.0,0.0,-510.0,-408.0,-16.3,7.5,23.3,369.0,23.7,223.6,22.0,0.45,0.17,Spring Regular
14,GorillA,Misfits,Support,18.0,44.0,13.0,58.0,118.0,2.3,68.2,25.9,33.0,68.0,13.0,-0.8,1.4,5.0,136.0,8.3,124.8,10.9,1.45,0.28,Spring Regular
15,Hans Sama,Misfits,ADC,18.0,44.0,55.0,32.0,70.0,3.9,65.1,14.3,28.0,175.0,154.0,2.5,9.3,29.7,461.0,27.0,300.9,26.4,0.42,0.3,Spring Regular
16,HeaQ,Rogue,ADC,18.0,11.0,27.0,39.0,54.0,2.1,55.9,15.5,6.0,-230.0,38.0,-7.4,8.6,28.4,368.0,24.8,243.7,24.6,0.45,0.2,Spring Regular
17,Humanoid,Splyce,Middle,18.0,61.0,54.0,53.0,105.0,3.0,62.4,24.8,24.0,63.0,25.0,3.9,9.0,26.0,490.0,27.7,274.9,22.9,0.48,0.21,Spring Regular
18,Hylissang,Fnatic,Support,18.0,61.0,12.0,49.0,141.0,3.1,71.8,28.2,44.0,-67.0,145.0,-4.6,1.3,4.2,158.0,9.3,137.0,11.6,1.32,0.24,Spring Regular
19,IgNar,Schalke 04,Support,19.0,47.0,12.0,43.0,122.0,3.1,70.5,21.9,21.0,-69.0,65.0,-1.6,1.6,5.3,129.0,7.6,128.0,10.9,1.49,0.35,Spring Regular
20,Jactroll,Vitality,Support,18.0,56.0,8.0,43.0,114.0,2.8,58.7,21.3,11.0,-86.0,-20.0,1.1,1.4,4.6,161.0,9.2,128.0,10.8,1.37,0.19,Spring Regular
21,Jankos,G2 Esports,Jungle,18.0,72.0,61.0,43.0,139.0,4.7,64.5,19.4,39.0,33.0,4.0,-0.8,5.4,15.2,345.0,16.3,226.0,17.4,0.84,0.42,Spring Regular
22,Jeskla,Excel Esports,ADC,18.0,28.0,44.0,40.0,75.0,3.0,65.4,19.2,17.0,-192.0,-82.0,-3.7,9.2,31.0,422.0,27.5,276.0,26.2,0.43,0.26,Spring Regular
23,Jiizuke,Vitality,Middle,15.0,53.0,42.0,43.0,48.0,2.1,52.0,23.4,7.0,15.0,9.0,2.7,8.5,24.3,460.0,26.2,256.5,21.8,0.43,0.12,Spring Regular
24,Jiizuk√©,Vitality,Middle,1.0,100.0,5.0,1.0,5.0,10.0,52.6,16.7,0.0,121.0,303.0,5.0,9.7,27.0,597.0,27.2,346.5,23.3,0.36,0.14,Spring Regular
25,kaSing,Excel Esports,Support,14.0,21.0,8.0,28.0,81.0,3.2,65.4,17.6,7.0,-156.0,-74.0,1.9,1.5,5.6,112.0,7.6,117.8,11.2,1.51,0.37,Spring Regular
26,Kikis,Rogue,Jungle,18.0,11.0,27.0,58.0,81.0,1.9,74.5,23.0,22.0,-123.0,23.0,1.4,4.9,14.0,252.0,17.5,168.2,17.1,0.56,0.31,Spring Regular
27,Kobbe,Splyce,ADC,18.0,61.0,81.0,24.0,93.0,7.3,68.2,11.2,35.0,-34.0,-72.0,-3.4,10.0,32.2,521.0,28.6,330.5,27.6,0.36,0.35,Spring Regular
28,Kold,Origen,Jungle,18.0,67.0,43.0,35.0,84.0,3.6,64.5,22.6,33.0,52.0,65.0,1.1,5.3,14.4,212.0,12.9,200.9,17.0,0.42,0.4,Spring Regular
29,Maxlore,Misfits,Jungle,18.0,44.0,37.0,42.0,94.0,3.1,68.2,18.8,33.0,-162.0,-168.0,-0.1,5.2,15.1,236.0,14.8,196.3,17.5,0.63,0.34,Spring Regular
30,Memento,Schalke 04,Jungle,19.0,47.0,31.0,47.0,100.0,2.8,68.9,24.0,42.0,-79.0,-190.0,-2.9,4.9,12.1,191.0,11.9,182.1,15.9,0.66,0.37,Spring Regular
31,Mikyx,G2 Esports,Support,16.0,81.0,17.0,48.0,182.0,4.1,71.1,26.1,25.0,101.0,59.0,-0.7,1.2,4.1,188.0,8.6,143.9,10.8,1.6,0.33,Spring Regular
32,Mithy,Origen,Support,18.0,67.0,15.0,40.0,112.0,3.2,64.5,25.8,39.0,95.0,151.0,-0.5,1.5,5.1,121.0,7.7,131.8,11.2,1.35,0.27,Spring Regular
33,Mowgli,Vitality,Jungle,18.0,56.0,27.0,47.0,114.0,3.0,67.8,23.3,22.0,-94.0,-212.0,-0.2,4.5,11.2,236.0,13.5,176.2,14.9,0.88,0.49,Spring Regular
34,Mystiques,Excel Esports,Support,4.0,50.0,5.0,9.0,30.0,3.9,76.1,18.4,25.0,16.0,-124.0,-9.8,0.7,2.8,132.0,8.8,128.6,11.7,1.05,0.23,Spring Regular
35,Nemesis,Fnatic,Middle,18.0,61.0,42.0,25.0,94.0,5.4,63.8,14.4,33.0,82.0,-52.0,-4.3,8.9,25.0,432.0,24.8,261.5,22.4,0.49,0.2,Spring Regular
36,Norskeren,Splyce,Support,18.0,61.0,16.0,52.0,159.0,3.4,68.6,24.3,47.0,101.0,-86.0,1.6,1.9,6.7,147.0,8.6,152.1,12.5,1.53,0.38,Spring Regular
37,Nukeduck,Origen,Middle,18.0,67.0,41.0,28.0,75.0,4.1,58.9,18.1,11.0,118.0,195.0,5.3,9.1,26.4,424.0,25.8,267.4,22.8,0.45,0.18,Spring Regular
38,Odoamne,Schalke 04,Top,19.0,47.0,46.0,47.0,51.0,2.1,51.1,24.0,0.0,168.0,6.0,3.4,8.3,23.2,463.0,27.4,261.5,22.7,0.45,0.2,Spring Regular
39,Orome,Splyce,Top,1.0,100.0,6.0,2.0,6.0,6.0,52.2,25.0,0.0,324.0,710.0,16.0,9.7,28.5,494.0,20.8,309.8,22.8,0.41,0.15,Spring Regular
40,Patrik,Origen,ADC,18.0,67.0,69.0,22.0,68.0,6.2,69.5,14.2,39.0,59.0,-43.0,1.7,9.9,31.7,502.0,31.8,328.6,28.1,0.47,0.33,Spring Regular
41,Perkz,G2 Esports,ADC,18.0,72.0,82.0,36.0,112.0,5.4,62.6,16.2,33.0,133.0,-9.0,3.3,9.9,32.4,593.0,26.9,344.0,26.8,0.38,0.26,Spring Regular
42,Pirean,SK Gaming,Middle,19.0,53.0,31.0,50.0,110.0,2.8,66.5,19.2,22.0,22.0,-17.0,-0.5,8.4,24.8,446.0,25.7,242.0,21.3,0.43,0.29,Spring Regular
43,Profit,Rogue,Top,12.0,0.0,20.0,38.0,42.0,1.6,64.6,21.3,25.0,-75.0,22.0,0.9,7.9,25.2,320.0,23.0,216.6,22.5,0.39,0.12,Spring Regular
44,promisq,G2 Esports,Support,2.0,0.0,2.0,8.0,15.0,2.1,56.7,21.1,50.0,-265.0,-357.0,0.5,1.4,4.9,101.0,5.4,111.4,9.7,1.78,0.48,Spring Regular
45,Rekkles,Fnatic,ADC,18.0,61.0,69.0,31.0,70.0,4.5,65.3,17.8,28.0,182.0,84.0,7.0,10.5,34.0,446.0,25.4,337.5,28.6,0.37,0.51,Spring Regular
46,Saken,Vitality,Middle,2.0,50.0,6.0,3.0,3.0,3.0,56.3,25.0,0.0,-315.0,-176.0,-9.5,9.3,27.1,359.0,27.4,275.4,24.7,0.63,0.12,Spring Regular
47,Selfmade,SK Gaming,Jungle,19.0,53.0,50.0,47.0,108.0,3.4,74.5,18.1,39.0,103.0,255.0,4.7,5.2,14.3,302.0,17.1,201.5,17.7,0.48,0.24,Spring Regular
48,Sencux,Rogue,Middle,18.0,11.0,46.0,48.0,47.0,1.9,64.1,19.0,17.0,-140.0,-15.0,-2.9,8.7,27.0,392.0,27.0,244.8,25.0,0.43,0.15,Spring Regular
49,sOAZ,Misfits,Top,18.0,44.0,32.0,61.0,71.0,1.7,53.6,27.2,11.0,-13.0,12.0,0.2,7.7,22.9,385.0,23.9,232.6,20.8,0.48,0.2,Spring Regular
50,Special,Excel Esports,Middle,10.0,30.0,32.0,24.0,43.0,3.1,63.0,17.4,10.0,11.0,100.0,0.9,8.6,26.4,465.0,28.7,253.6,23.3,0.45,0.19,Spring Regular
51,Upset,Schalke 04,ADC,19.0,47.0,60.0,16.0,69.0,8.1,67.9,8.2,21.0,57.0,0.0,2.5,10.4,32.9,482.0,28.5,319.1,27.9,0.45,0.31,Spring Regular
52,Vander,Rogue,Support,6.0,33.0,4.0,10.0,24.0,2.8,57.1,13.5,0.0,-29.0,-16.0,6.8,2.1,7.8,104.0,6.8,109.6,10.6,1.69,0.36,Spring Regular
53,Vizicsacsi,Splyce,Top,17.0,59.0,56.0,49.0,72.0,2.6,55.2,23.8,31.0,-141.0,-74.0,-1.7,7.6,21.4,351.0,21.0,244.8,20.6,0.67,0.21,Spring Regular
54,Wadid,Rogue,Support,12.0,0.0,8.0,39.0,61.0,1.8,71.9,21.9,8.0,79.0,-264.0,4.6,1.5,5.2,107.0,7.9,107.2,11.1,1.33,0.3,Spring Regular
55,Werlyb,SK Gaming,Top,19.0,53.0,36.0,53.0,89.0,2.4,59.0,20.4,22.0,-152.0,-61.0,-5.1,7.7,22.8,381.0,21.8,241.1,21.2,0.45,0.16,Spring Regular
56,Wunder,G2 Esports,Top,18.0,72.0,56.0,40.0,107.0,4.1,52.6,18.0,17.0,205.0,144.0,11.0,8.7,24.1,481.0,22.7,287.8,22.5,0.46,0.15,Spring Regular
57,Xerxe,Splyce,Jungle,18.0,61.0,42.0,34.0,145.0,5.5,73.3,15.9,53.0,180.0,321.0,1.9,5.1,13.3,263.0,14.0,197.1,16.3,0.49,0.41,Spring Regular
58,Alphari,Origen,Top,10.0,30.0,23.0,31.0,51.0,2.4,66.7,20.3,20.0,-11.0,97.0,0.2,7.4,24.0,483.0,27.1,230.8,21.9,0.43,0.16,Spring Playoffs
59,Attila,Vitality,ADC,3.0,0.0,3.0,10.0,7.0,1.0,50.0,16.7,33.0,-243.0,-325.0,-9.7,8.3,27.4,411.0,24.5,242.9,24.3,0.39,0.21,Spring Playoffs
60,Broxah,Fnatic,Jungle,11.0,64.0,37.0,20.0,76.0,5.7,68.5,14.7,27.0,83.0,120.0,6.0,5.9,16.8,299.0,17.1,241.1,18.8,0.42,0.3,Spring Playoffs
61,Bwipo,Fnatic,Top,11.0,64.0,30.0,40.0,75.0,2.6,63.6,29.4,9.0,-327.0,-142.0,-8.7,7.3,22.0,418.0,23.8,250.5,20.0,0.48,0.15,Spring Playoffs
62,Cabochard,Vitality,Top,3.0,0.0,3.0,8.0,10.0,1.6,65.0,13.3,33.0,634.0,340.0,15.7,8.6,31.9,384.0,24.9,268.3,26.8,0.55,0.14,Spring Playoffs
63,Caps,G2 Esports,Middle,5.0,100.0,22.0,9.0,34.0,6.2,65.9,19.6,40.0,-155.0,-198.0,-5.0,8.7,24.4,525.0,25.2,310.5,24.4,0.35,0.26,Spring Playoffs
64,Caps,G2 Esports,Support,1.0,100.0,6.0,0.0,11.0,17.0,70.8,0.0,0.0,-638.0,-821.0,-53.0,2.2,8.2,292.0,14.9,224.8,15.1,0.8,0.32,Spring Playoffs
65,Crownshot,SK Gaming,ADC,4.0,25.0,18.0,14.0,13.0,2.2,68.9,22.6,25.0,-295.0,-228.0,-2.5,9.7,31.7,576.0,31.3,320.5,30.2,0.39,0.46,Spring Playoffs
66,Dreams,SK Gaming,Support,4.0,25.0,3.0,18.0,31.0,1.9,75.6,29.0,25.0,-109.0,-127.0,5.0,1.7,5.8,119.0,6.2,103.9,9.6,1.37,0.27,Spring Playoffs
67,Humanoid,Splyce,Middle,8.0,50.0,25.0,21.0,47.0,3.4,60.0,19.6,13.0,-26.0,27.0,-0.4,9.6,28.8,568.0,28.6,294.1,24.7,0.47,0.17,Spring Playoffs
68,Hylissang,Fnatic,Support,11.0,64.0,10.0,34.0,99.0,3.2,66.1,25.0,9.0,5.0,-195.0,-7.4,1.1,3.5,157.0,8.9,137.4,10.8,1.35,0.29,Spring Playoffs
69,Jactroll,Vitality,Support,3.0,0.0,3.0,15.0,9.0,0.8,60.0,25.0,33.0,-126.0,-82.0,-0.3,1.4,6.0,139.0,9.0,102.5,10.3,1.18,0.23,Spring Playoffs
70,Jankos,G2 Esports,ADC,1.0,100.0,3.0,2.0,13.0,8.0,66.7,28.6,0.0,451.0,973.0,68.0,8.3,22.9,366.0,18.6,294.4,19.8,0.36,0.24,Spring Playoffs
71,Jankos,G2 Esports,Jungle,5.0,100.0,9.0,10.0,39.0,4.8,56.5,21.7,40.0,332.0,25.0,1.4,5.1,14.1,286.0,15.0,206.2,16.2,1.0,0.56,Spring Playoffs
72,Jiizuke,Vitality,Middle,3.0,0.0,3.0,15.0,6.0,0.6,45.0,25.0,33.0,-17.0,-2.0,-3.3,8.6,25.1,434.0,27.1,222.3,22.1,0.46,0.12,Spring Playoffs
73,Kobbe,Splyce,ADC,8.0,50.0,47.0,19.0,37.0,4.4,70.0,17.8,63.0,259.0,-37.0,-2.1,9.9,31.5,618.0,30.2,331.6,27.5,0.36,0.31,Spring Playoffs
74,Kold,Origen,Jungle,10.0,30.0,14.0,33.0,59.0,2.2,65.8,21.6,20.0,-92.0,107.0,2.9,4.6,13.0,233.0,13.3,174.2,17.0,0.89,0.41,Spring Playoffs
75,Mikyx,G2 Esports,Jungle,1.0,100.0,0.0,2.0,20.0,10.0,83.3,28.6,100.0,-1017.0,-1311.0,-52.0,0.8,2.8,195.0,9.9,185.2,12.5,1.49,0.4,Spring Playoffs
76,Mikyx,G2 Esports,Support,5.0,100.0,4.0,13.0,57.0,4.7,71.8,28.3,60.0,120.0,-39.0,1.6,1.7,6.0,164.0,8.0,136.7,10.7,1.59,0.32,Spring Playoffs
77,Mithy,Origen,Support,10.0,30.0,8.0,32.0,71.0,2.5,71.2,20.9,20.0,79.0,333.0,11.1,2.5,7.6,143.0,8.4,120.2,11.4,1.13,0.25,Spring Playoffs
78,Mowgli,Vitality,Jungle,3.0,0.0,8.0,12.0,7.0,1.3,75.0,20.0,67.0,-203.0,-459.0,-8.7,3.7,9.6,220.0,14.5,166.3,16.6,0.74,0.32,Spring Playoffs
79,Nemesis,Fnatic,Middle,11.0,64.0,44.0,25.0,69.0,4.5,68.5,18.4,9.0,63.0,-59.0,0.7,9.2,26.4,504.0,27.5,308.5,23.9,0.55,0.18,Spring Playoffs
80,Norskeren,Splyce,Support,8.0,50.0,4.0,28.0,84.0,3.1,73.3,26.2,63.0,2.0,74.0,-0.5,1.6,5.3,135.0,6.7,125.0,10.4,1.31,0.29,Spring Playoffs
81,Nukeduck,Origen,Middle,10.0,30.0,39.0,26.0,35.0,2.8,66.7,17.0,10.0,25.0,151.0,2.2,8.8,29.1,464.0,26.1,267.8,25.6,0.42,0.14,Spring Playoffs
82,Patrik,Origen,ADC,10.0,30.0,27.0,31.0,49.0,2.5,68.5,20.3,20.0,-67.0,-430.0,-5.2,7.6,26.2,446.0,25.0,253.0,24.1,0.47,0.32,Spring Playoffs
83,Perkz,G2 Esports,ADC,5.0,100.0,22.0,4.0,29.0,12.8,60.0,8.7,40.0,-18.0,413.0,-9.2,8.8,31.0,522.0,25.4,320.3,25.1,0.5,0.32,Spring Playoffs
84,Perkz,G2 Esports,Middle,1.0,100.0,8.0,0.0,10.0,18.0,75.0,0.0,100.0,530.0,312.0,14.0,11.0,36.1,516.0,26.3,410.0,27.6,0.44,0.2,Spring Playoffs
85,Pirean,SK Gaming,Middle,4.0,25.0,5.0,8.0,24.0,3.6,64.4,12.9,0.0,-112.0,-99.0,-1.5,8.1,23.9,469.0,25.2,226.1,21.5,0.45,0.27,Spring Playoffs
86,Rekkles,Fnatic,ADC,11.0,64.0,44.0,17.0,47.0,5.4,55.2,12.5,9.0,13.0,313.0,7.8,9.8,31.4,402.0,22.7,336.8,26.5,0.53,0.5,Spring Playoffs
87,Selfmade,SK Gaming,Jungle,4.0,25.0,9.0,12.0,20.0,2.4,64.4,19.4,0.0,398.0,401.0,9.3,5.3,14.6,236.0,14.5,184.3,17.4,0.67,0.38,Spring Playoffs
88,Vizicsacsi,Splyce,Top,8.0,50.0,23.0,21.0,64.0,4.1,72.5,19.6,25.0,74.0,37.0,4.5,7.4,21.4,430.0,22.3,250.9,21.2,0.61,0.25,Spring Playoffs
89,Werlyb,SK Gaming,Top,4.0,25.0,10.0,10.0,15.0,2.5,55.6,16.1,0.0,-298.0,-224.0,-11.0,7.3,24.1,412.0,22.8,226.7,21.3,0.43,0.18,Spring Playoffs
90,Wunder,G2 Esports,Top,6.0,100.0,35.0,13.0,27.0,4.8,56.9,24.5,50.0,400.0,29.0,9.2,8.5,25.4,540.0,27.0,312.2,23.9,0.41,0.1,Spring Playoffs
91,Xerxe,Splyce,Jungle,8.0,50.0,21.0,18.0,60.0,4.5,67.5,16.8,75.0,-203.0,-180.0,-7.6,4.8,12.9,236.0,12.2,190.3,16.2,0.83,0.46,Spring Playoffs
92,Abbedagge,Schalke 04,Middle,18.0,61.0,65.0,43.0,115.0,4.2,65.5,22.1,11.0,-60.0,159.0,-1.3,8.8,26.4,509.0,27.7,284.9,24.2,0.46,0.2,Summer Regular
93,Alphari,Origen,Top,18.0,39.0,47.0,43.0,65.0,2.6,53.6,18.3,22.0,305.0,250.0,13.4,8.7,26.1,467.0,27.2,271.7,24.4,0.46,0.17,Summer Regular
94,Attila,Vitality,ADC,19.0,42.0,61.0,46.0,87.0,3.2,67.0,16.3,26.0,179.0,129.0,10.1,9.7,33.1,481.0,26.1,306.1,26.8,0.34,0.39,Summer Regular
95,Broxah,Fnatic,Jungle,18.0,78.0,65.0,53.0,134.0,3.8,60.9,21.1,56.0,135.0,-9.0,-6.2,4.6,13.6,297.0,14.8,211.2,15.9,0.63,0.29,Summer Regular
96,Bwipo,Fnatic,Top,17.0,76.0,74.0,59.0,120.0,3.3,63.0,24.0,41.0,146.0,191.0,-2.1,7.7,23.1,493.0,23.5,292.6,22.2,0.46,0.2,Summer Regular
97,Bwipo,Fnatic,Middle,1.0,100.0,2.0,0.0,6.0,8.0,42.1,0.0,100.0,458.0,923.0,15.0,8.9,27.8,389.0,19.0,304.4,21.2,0.42,0.15,Summer Regular
98,Cabochard,Vitality,Top,19.0,42.0,50.0,42.0,87.0,3.3,62.0,14.9,5.0,187.0,114.0,4.4,8.2,23.7,400.0,21.6,265.3,23.5,0.43,0.16,Summer Regular
99,Caedrel,Excel Esports,Support,1.0,0.0,3.0,11.0,12.0,1.4,57.7,22.4,0.0,-374.0,-520.0,3.0,1.5,8.6,289.0,11.3,141.2,11.9,1.45,0.19,Summer Regular
100,Caedrel,Excel Esports,Jungle,17.0,24.0,23.0,48.0,91.0,2.4,74.5,19.2,29.0,28.0,111.0,1.6,4.8,13.2,189.0,12.1,173.9,16.7,0.73,0.51,Summer Regular
101,Caps,G2 Esports,ADC,1.0,100.0,14.0,7.0,8.0,3.1,44.9,25.9,0.0,2312.0,215.0,12.0,7.8,23.0,1137.0,25.2,500.4,27.4,0.19,0.04,Summer Regular
102,Caps,G2 Esports,Middle,16.0,88.0,90.0,36.0,79.0,4.7,55.2,22.5,38.0,277.0,150.0,3.9,8.6,26.2,579.0,27.8,316.9,23.8,0.37,0.2,Summer Regular
103,Caps,G2 Esports,Top,1.0,0.0,3.0,8.0,2.0,0.6,45.5,29.6,0.0,-1548.0,-463.0,-23.0,5.6,19.2,385.0,19.1,169.0,16.4,0.37,0.15,Summer Regular
104,Crownshot,SK Gaming,ADC,19.0,37.0,71.0,48.0,90.0,3.4,71.9,18.5,32.0,248.0,-7.0,4.8,9.9,32.5,564.0,30.7,312.9,28.4,0.37,0.4,Summer Regular
105,Dan Dan,Misfits,Top,10.0,40.0,22.0,24.0,24.0,1.9,34.1,13.0,0.0,-98.0,181.0,-0.1,9.1,28.1,349.0,19.4,271.0,23.5,0.41,0.11,Summer Regular
106,Doss,Misfits,Support,2.0,0.0,1.0,10.0,17.0,1.8,72.0,20.4,0.0,-64.0,-397.0,5.5,0.8,3.0,169.0,8.6,95.7,8.9,1.21,0.29,Summer Regular
107,Dreams,SK Gaming,Support,19.0,37.0,17.0,56.0,144.0,2.9,71.9,21.6,32.0,-47.0,-1.0,3.9,1.3,4.6,148.0,7.8,108.8,9.7,1.36,0.21,Summer Regular
108,Expect,Excel Esports,ADC,1.0,0.0,7.0,11.0,8.0,1.4,57.7,22.4,0.0,-2312.0,-215.0,-12.0,5.7,14.5,448.0,17.4,259.7,21.8,0.37,0.11,Summer Regular
109,Expect,Excel Esports,Top,17.0,24.0,27.0,51.0,68.0,1.9,62.1,20.4,29.0,-38.0,-110.0,-6.1,7.4,23.0,336.0,22.7,223.6,21.8,0.49,0.19,Summer Regular
110,Febiven,Misfits,Middle,6.0,33.0,12.0,13.0,25.0,2.8,67.3,21.0,17.0,-165.0,-63.0,-3.0,9.7,30.2,352.0,24.4,272.6,25.1,0.49,0.15,Summer Regular
111,Finn,Rogue,Top,6.0,50.0,18.0,23.0,44.0,2.7,65.3,22.5,17.0,-255.0,-169.0,-1.0,6.7,22.3,449.0,25.4,220.6,20.6,0.45,0.2,Summer Regular
112,GorillA,Misfits,Support,8.0,25.0,2.0,17.0,41.0,2.5,69.4,15.9,13.0,50.0,-105.0,8.0,1.6,4.7,152.0,10.8,97.6,9.3,1.34,0.31,Summer Regular
113,H1IVA,Misfits,Support,8.0,50.0,10.0,37.0,55.0,1.8,59.1,27.2,50.0,96.0,95.0,7.3,1.5,4.5,172.0,8.8,116.8,9.6,1.4,0.34,Summer Regular
114,Hans Sama,Misfits,ADC,12.0,33.0,38.0,26.0,45.0,3.2,69.2,14.6,17.0,-155.0,-140.0,-8.7,9.3,30.4,429.0,26.9,297.4,27.2,0.44,0.24,Summer Regular
115,HeaQ,Rogue,ADC,2.0,50.0,2.0,2.0,10.0,6.0,60.0,11.8,50.0,-112.0,47.0,-2.0,8.8,28.1,422.0,24.0,239.8,23.5,0.43,0.13,Summer Regular
116,Hjarnan,Excel Esports,ADC,4.0,0.0,3.0,8.0,5.0,1.0,66.7,15.4,0.0,37.0,85.0,12.3,10.0,32.8,388.0,28.6,255.5,28.5,0.32,0.36,Summer Regular
117,Humanoid,Splyce,Middle,18.0,67.0,71.0,55.0,78.0,2.7,58.0,24.2,17.0,-78.0,-32.0,-1.1,9.6,28.6,482.0,27.0,305.5,24.6,0.45,0.21,Summer Regular
118,Hylissang,Fnatic,Middle,1.0,100.0,6.0,5.0,24.0,6.0,73.2,19.2,0.0,-1097.0,163.0,-29.0,3.3,5.3,359.0,12.4,219.9,15.3,0.35,0.16,Summer Regular
119,Hylissang,Fnatic,ADC,1.0,100.0,3.0,3.0,9.0,4.0,44.4,27.3,0.0,-499.0,-34.0,-24.0,5.4,14.6,283.0,12.7,240.2,15.8,0.82,0.26,Summer Regular
120,Hylissang,Fnatic,Support,16.0,75.0,26.0,63.0,147.0,2.7,66.8,29.4,50.0,-121.0,-126.0,-2.3,1.0,3.5,234.0,11.5,145.3,11.2,1.2,0.3,Summer Regular
121,IgNar,Schalke 04,Support,18.0,61.0,22.0,24.0,183.0,8.5,74.5,12.3,28.0,25.0,223.0,-1.8,1.4,5.1,159.0,8.8,128.5,10.7,1.62,0.37,Summer Regular
122,Inspired,Rogue,Jungle,18.0,39.0,44.0,50.0,109.0,3.1,65.9,21.0,28.0,25.0,-27.0,1.2,4.6,12.7,227.0,13.3,181.6,17.2,0.66,0.37,Summer Regular
123,Jactroll,Vitality,Support,19.0,42.0,23.0,70.0,115.0,2.0,62.4,24.8,26.0,42.0,28.0,-6.7,1.1,4.0,196.0,11.2,112.3,9.8,1.35,0.23,Summer Regular
124,Jankos,G2 Esports,Jungle,18.0,83.0,73.0,40.0,166.0,6.0,65.3,18.7,39.0,171.0,225.0,8.3,5.3,15.3,374.0,15.9,246.7,18.2,0.74,0.39,Summer Regular
125,Jenax,SK Gaming,Middle,7.0,57.0,34.0,20.0,40.0,3.7,66.1,23.5,29.0,38.0,-34.0,-4.1,8.3,25.4,524.0,24.8,293.3,24.4,0.48,0.27,Summer Regular
126,Jeskla,Excel Esports,Top,1.0,0.0,4.0,7.0,6.0,1.4,38.5,14.3,0.0,-1523.0,-1094.0,-23.0,6.2,34.1,561.0,21.9,225.6,19.0,0.48,0.04,Summer Regular
127,Jeskla,Excel Esports,ADC,13.0,31.0,34.0,40.0,48.0,2.1,58.2,20.2,15.0,-78.0,120.0,-1.7,8.7,29.6,457.0,28.0,273.2,25.2,0.53,0.19,Summer Regular
128,Jiizuke,Vitality,Middle,19.0,42.0,57.0,61.0,78.0,2.2,61.1,21.6,5.0,61.0,115.0,1.9,9.1,28.2,514.0,28.9,287.3,25.2,0.44,0.14,Summer Regular
129,kaSing,Excel Esports,Support,4.0,0.0,2.0,9.0,5.0,0.8,58.3,17.3,0.0,-171.0,26.0,-9.5,1.2,4.3,136.0,10.0,85.1,9.4,1.35,0.22,Summer Regular
130,Kirei,Misfits,Jungle,13.0,38.0,38.0,49.0,65.0,2.1,65.6,21.9,62.0,-168.0,-167.0,-5.2,4.4,11.2,337.0,19.3,182.5,16.0,0.72,0.47,Summer Regular
131,Kobbe,Splyce,ADC,18.0,67.0,89.0,31.0,85.0,5.6,67.7,13.7,33.0,119.0,34.0,0.6,10.6,33.8,503.0,27.2,360.2,29.3,0.33,0.39,Summer Regular
132,Kold,Origen,Jungle,18.0,39.0,32.0,55.0,108.0,2.5,67.0,23.4,22.0,-9.0,-12.0,-2.1,4.5,11.9,210.0,11.9,167.7,14.9,0.73,0.45,Summer Regular
133,Larssen,Rogue,Middle,18.0,39.0,73.0,34.0,68.0,4.1,60.8,14.3,17.0,207.0,146.0,11.4,8.9,28.1,449.0,28.2,269.6,25.7,0.4,0.14,Summer Regular
134,LIDER,Misfits,Middle,12.0,33.0,41.0,57.0,34.0,1.3,52.8,24.8,42.0,-156.0,-336.0,-0.6,8.7,26.4,463.0,25.7,276.1,25.0,0.32,0.14,Summer Regular
135,MagiFelix,Fnatic,Middle,1.0,0.0,1.0,2.0,0.0,0.5,33.3,8.0,0.0,-104.0,-425.0,0.0,9.1,28.6,670.0,47.9,300.2,28.6,0.48,0.21,Summer Regular
136,Maxlore,Misfits,Jungle,5.0,20.0,5.0,14.0,24.0,2.1,72.5,20.6,0.0,-511.0,-245.0,-1.0,4.3,11.2,155.0,10.9,150.9,15.0,0.68,0.44,Summer Regular
137,Mickey,Excel Esports,Jungle,1.0,0.0,6.0,12.0,12.0,1.5,69.2,24.5,0.0,-1161.0,-844.0,-26.0,4.6,22.0,557.0,21.7,254.8,21.4,0.45,0.04,Summer Regular
138,Mickey,Excel Esports,Middle,15.0,27.0,48.0,43.0,41.0,2.1,60.5,19.6,7.0,0.0,-136.0,-4.9,8.9,29.1,439.0,27.9,270.7,26.0,0.45,0.18,Summer Regular
139,Mikyx,G2 Esports,Middle,1.0,100.0,12.0,7.0,13.0,3.6,51.0,25.9,0.0,789.0,651.0,19.0,6.0,20.1,1186.0,26.3,314.1,17.2,0.3,0.15,Summer Regular
140,Mikyx,G2 Esports,Support,17.0,82.0,22.0,41.0,188.0,5.1,66.2,21.9,18.0,48.0,-51.0,-5.4,0.8,2.8,287.0,13.3,156.1,11.6,1.34,0.32,Summer Regular
141,Mithy,Origen,Support,18.0,39.0,15.0,58.0,111.0,2.2,60.3,24.7,11.0,-4.0,57.0,6.7,1.5,4.8,147.0,8.4,104.6,9.2,1.37,0.34,Summer Regular
142,Mowgli,Vitality,Jungle,19.0,42.0,30.0,63.0,115.0,2.3,65.6,22.3,21.0,-13.0,107.0,5.4,4.4,11.1,214.0,12.2,166.5,14.7,0.81,0.46,Summer Regular
143,Mystiques,Excel Esports,Middle,1.0,0.0,6.0,8.0,6.0,1.5,46.2,16.3,0.0,-789.0,-651.0,-19.0,5.2,20.8,711.0,27.7,307.5,25.9,0.3,0.0,Summer Regular
144,Mystiques,Excel Esports,Support,13.0,31.0,14.0,46.0,63.0,1.7,54.6,23.2,15.0,-75.0,-77.0,-3.8,1.3,4.5,146.0,9.2,103.6,9.7,1.37,0.29,Summer Regular
145,Nemesis,Fnatic,ADC,2.0,50.0,17.0,9.0,13.0,3.3,68.2,17.6,50.0,278.0,-65.0,6.5,9.3,40.5,685.0,27.7,365.4,29.0,0.4,0.26,Summer Regular
146,Nemesis,Fnatic,Middle,15.0,80.0,70.0,32.0,101.0,5.3,64.8,16.4,13.0,340.0,24.0,3.5,9.3,28.6,534.0,26.6,342.1,26.1,0.49,0.22,Summer Regular
147,Nemesis,Fnatic,Top,1.0,100.0,3.0,0.0,8.0,11.0,57.9,0.0,0.0,576.0,-828.0,-9.0,8.9,29.1,460.0,22.4,346.0,24.1,0.73,0.08,Summer Regular
148,Neon,Misfits,ADC,6.0,33.0,13.0,19.0,29.0,2.2,54.5,16.7,33.0,180.0,356.0,-0.3,9.1,30.2,428.0,24.7,283.6,25.8,0.4,0.19,Summer Regular
149,Norskeren,Splyce,Support,18.0,67.0,18.0,58.0,169.0,3.2,72.8,25.6,33.0,106.0,-33.0,-1.7,1.2,4.2,180.0,10.0,125.7,10.0,1.39,0.39,Summer Regular
150,Nukeduck,Origen,Middle,18.0,39.0,56.0,41.0,64.0,2.9,57.4,17.4,11.0,-189.0,53.0,-2.2,9.1,27.8,439.0,24.4,283.2,25.0,0.41,0.14,Summer Regular
151,Odoamne,Schalke 04,Top,18.0,61.0,32.0,57.0,121.0,2.7,55.6,29.2,11.0,-159.0,-202.0,-4.2,7.4,21.4,387.0,20.5,234.3,19.7,0.46,0.16,Summer Regular
152,Patrik,Origen,ADC,18.0,39.0,59.0,38.0,76.0,3.6,64.6,16.2,11.0,-146.0,-193.0,-4.3,9.2,29.4,507.0,28.1,293.8,26.4,0.43,0.29,Summer Regular
153,Perkz,G2 Esports,ADC,17.0,82.0,89.0,32.0,100.0,5.9,59.6,17.1,24.0,85.0,160.0,5.3,9.8,33.8,535.0,24.5,349.1,26.6,0.38,0.25,Summer Regular
154,Perkz,G2 Esports,Support,1.0,100.0,2.0,4.0,28.0,7.5,61.2,14.8,0.0,374.0,520.0,-3.0,0.9,4.8,485.0,10.7,263.3,14.4,0.78,0.41,Summer Regular
155,Pirean,SK Gaming,Middle,12.0,25.0,21.0,44.0,52.0,1.7,65.2,25.3,33.0,-308.0,-339.0,-10.1,8.5,24.5,394.0,25.5,236.8,22.5,0.51,0.32,Summer Regular
156,Profit,Rogue,Top,12.0,33.0,23.0,24.0,54.0,3.2,56.2,17.6,33.0,-109.0,29.0,-4.0,7.5,24.2,325.0,20.7,216.3,20.8,0.44,0.15,Summer Regular
157,Rekkles,Fnatic,ADC,15.0,80.0,53.0,18.0,110.0,9.1,63.7,9.5,20.0,-220.0,-40.0,-3.4,9.9,32.1,480.0,23.9,328.3,25.1,0.53,0.38,Summer Regular
158,Rekkles,Fnatic,Support,2.0,100.0,7.0,7.0,38.0,6.4,66.2,18.9,50.0,120.0,-167.0,7.5,1.4,5.0,279.0,11.4,202.1,13.7,0.89,0.38,Summer Regular
159,Sacre,SK Gaming,Top,19.0,37.0,44.0,41.0,72.0,2.8,51.8,15.8,16.0,-129.0,-65.0,-5.2,8.2,25.0,410.0,22.2,246.7,22.4,0.56,0.17,Summer Regular
160,Selfmade,SK Gaming,Jungle,19.0,37.0,37.0,50.0,119.0,3.1,69.6,19.3,42.0,-9.0,-24.0,-0.5,4.8,13.1,259.0,14.0,180.3,16.3,0.62,0.4,Summer Regular
161,sOAZ,Misfits,Top,8.0,25.0,15.0,26.0,28.0,1.7,69.4,24.3,13.0,-14.0,-134.0,2.1,8.0,24.3,356.0,25.1,234.4,22.6,0.48,0.16,Summer Regular
162,Special,Excel Esports,Middle,2.0,0.0,2.0,5.0,1.0,0.6,50.0,16.1,0.0,-333.0,-327.0,-13.5,9.0,28.6,412.0,25.6,244.9,25.2,0.54,0.43,Summer Regular
163,Trick,Schalke 04,Jungle,18.0,61.0,52.0,41.0,136.0,4.6,68.4,21.0,22.0,-19.0,-173.0,-1.8,4.6,11.8,221.0,11.7,189.1,15.9,0.44,0.41,Summer Regular
164,Upset,Schalke 04,ADC,18.0,61.0,104.0,30.0,89.0,6.4,70.2,15.4,22.0,163.0,24.0,2.9,10.5,35.2,583.0,31.3,350.1,29.5,0.4,0.38,Summer Regular
165,Vander,Rogue,Support,18.0,39.0,23.0,53.0,129.0,2.9,65.5,22.3,28.0,-38.0,1.0,3.4,1.5,4.9,163.0,9.7,111.8,10.6,1.45,0.3,Summer Regular
166,Vizicsacsi,Splyce,Top,18.0,67.0,43.0,51.0,110.0,3.0,59.5,22.5,22.0,-8.0,-42.0,0.3,7.8,21.7,414.0,22.6,258.1,20.9,0.65,0.21,Summer Regular
167,Woolite,Rogue,ADC,16.0,38.0,49.0,52.0,82.0,2.5,61.8,23.5,19.0,-430.0,-268.0,-13.3,8.4,31.1,434.0,26.8,277.1,26.1,0.44,0.29,Summer Regular
168,Wunder,G2 Esports,Top,17.0,88.0,58.0,33.0,114.0,5.2,48.5,17.6,18.0,60.0,-7.0,4.4,7.9,22.5,456.0,19.4,275.1,20.1,0.41,0.13,Summer Regular
169,Wunder,G2 Esports,Middle,1.0,0.0,3.0,6.0,2.0,0.8,45.5,22.2,0.0,-827.0,-72.0,13.0,8.8,34.7,324.0,16.0,267.2,25.9,0.41,0.15,Summer Regular
170,Xerxe,Splyce,Jungle,18.0,67.0,36.0,32.0,140.0,5.5,68.5,14.1,39.0,22.0,38.0,-0.6,4.7,11.7,235.0,13.2,188.7,15.1,0.76,0.49,Summer Regular
171,Abbedagge,Schalke 04,Middle,11.0,55.0,50.0,31.0,63.0,3.6,59.5,21.4,36.0,-30.0,169.0,-1.4,8.7,27.5,532.0,27.2,288.3,25.1,0.46,0.26,Summer Playoffs
172,Attila,Vitality,ADC,4.0,25.0,9.0,13.0,20.0,2.2,55.8,12.5,25.0,-241.0,-174.0,-1.5,9.0,32.7,370.0,18.3,266.0,25.4,0.45,0.35,Summer Playoffs
173,Broxah,Fnatic,Jungle,13.0,54.0,37.0,42.0,74.0,2.6,59.7,20.4,38.0,177.0,79.0,0.5,4.3,11.3,315.0,15.7,186.0,15.9,0.64,0.28,Summer Playoffs
174,Bwipo,Fnatic,Top,13.0,54.0,37.0,53.0,61.0,1.8,52.7,25.7,31.0,-31.0,151.0,-5.5,7.3,23.0,491.0,23.8,248.0,20.7,0.51,0.17,Summer Playoffs
175,Cabochard,Vitality,Top,4.0,25.0,14.0,16.0,19.0,2.1,63.5,15.4,0.0,342.0,444.0,19.0,8.0,26.5,496.0,25.8,261.6,24.9,0.39,0.15,Summer Playoffs
176,Caps,G2 Esports,Middle,10.0,60.0,46.0,32.0,50.0,3.0,52.5,23.2,20.0,-39.0,126.0,3.5,7.8,20.9,520.0,25.8,268.3,21.7,0.44,0.12,Summer Playoffs
177,Finn,Rogue,Top,7.0,57.0,23.0,19.0,36.0,3.1,62.1,23.5,14.0,-486.0,-44.0,-10.9,7.5,24.8,496.0,26.3,260.1,21.9,0.51,0.13,Summer Playoffs
178,Humanoid,Splyce,Middle,3.0,0.0,2.0,10.0,1.0,0.3,17.6,20.0,0.0,-517.0,-501.0,-5.7,9.3,28.0,393.0,23.4,229.0,24.3,0.39,0.11,Summer Playoffs
179,Hylissang,Fnatic,Support,13.0,54.0,18.0,49.0,101.0,2.4,64.0,23.8,38.0,130.0,123.0,4.6,1.5,5.2,208.0,9.8,149.3,12.3,1.25,0.3,Summer Playoffs
180,IgNar,Schalke 04,Support,11.0,55.0,11.0,25.0,113.0,5.0,65.3,17.2,18.0,-108.0,-41.0,-1.2,1.1,3.9,139.0,7.1,110.6,9.4,1.8,0.44,Summer Playoffs
181,Inspired,Rogue,Jungle,7.0,57.0,19.0,15.0,40.0,3.9,62.1,18.5,14.0,-35.0,-10.0,1.9,5.0,13.5,221.0,12.2,202.1,17.0,0.51,0.38,Summer Playoffs
182,Jactroll,Vitality,Support,4.0,25.0,7.0,28.0,22.0,1.0,55.8,26.9,25.0,320.0,172.0,2.8,0.8,3.3,241.0,12.8,106.6,10.1,1.49,0.17,Summer Playoffs
183,Jankos,G2 Esports,Jungle,10.0,60.0,36.0,28.0,85.0,4.3,66.1,20.3,30.0,-17.0,-68.0,-1.2,4.6,13.2,300.0,14.4,207.4,16.7,0.81,0.43,Summer Playoffs
184,Jiizuke,Vitality,Middle,4.0,25.0,13.0,19.0,23.0,1.9,69.2,18.3,0.0,-152.0,-232.0,0.3,8.2,27.3,622.0,31.9,277.8,26.2,0.45,0.09,Summer Playoffs
185,Kobbe,Splyce,ADC,3.0,0.0,6.0,9.0,7.0,1.4,76.5,18.0,0.0,12.0,100.0,1.7,9.8,32.6,389.0,22.4,258.8,27.4,0.22,0.28,Summer Playoffs
186,Larssen,Rogue,Middle,7.0,57.0,30.0,9.0,31.0,6.8,64.2,11.1,29.0,347.0,148.0,4.3,9.3,28.2,523.0,29.0,306.0,25.9,0.4,0.14,Summer Playoffs
187,Mikyx,G2 Esports,Support,10.0,60.0,8.0,32.0,109.0,3.7,63.9,23.2,20.0,-152.0,-158.0,-4.6,1.0,4.1,159.0,7.7,136.1,10.9,1.53,0.5,Summer Playoffs
188,Mowgli,Vitality,Jungle,4.0,25.0,9.0,28.0,23.0,1.1,61.5,26.9,0.0,149.0,479.0,6.8,3.9,10.2,210.0,11.2,139.3,13.5,0.64,0.45,Summer Playoffs
189,Nemesis,Fnatic,Middle,13.0,54.0,44.0,32.0,52.0,3.0,51.6,15.5,23.0,35.0,-133.0,-2.6,8.3,25.1,461.0,22.5,270.9,23.1,0.51,0.2,Summer Playoffs
190,Norskeren,Splyce,Support,3.0,0.0,2.0,13.0,10.0,0.9,70.6,26.0,0.0,-55.0,-124.0,1.7,1.7,6.1,135.0,7.8,83.7,8.9,1.18,0.29,Summer Playoffs
191,Odoamne,Schalke 04,Top,11.0,55.0,37.0,34.0,64.0,3.0,53.2,23.4,45.0,-79.0,-244.0,-6.2,7.2,21.6,435.0,23.4,233.0,20.3,0.44,0.15,Summer Playoffs
192,Perkz,G2 Esports,ADC,10.0,60.0,54.0,23.0,58.0,4.9,61.2,16.7,20.0,-94.0,68.0,-3.8,9.8,34.9,599.0,29.5,344.0,27.8,0.33,0.27,Summer Playoffs
193,Rekkles,Fnatic,ADC,13.0,54.0,50.0,30.0,62.0,3.7,60.2,14.6,31.0,125.0,-33.0,3.5,10.1,35.5,567.0,28.2,330.1,28.0,0.47,0.53,Summer Playoffs
194,Trick,Schalke 04,Jungle,11.0,55.0,32.0,36.0,89.0,3.4,63.7,24.8,45.0,-255.0,-298.0,-3.9,4.3,11.5,282.0,14.6,183.2,16.0,0.34,0.28,Summer Playoffs
195,Upset,Schalke 04,ADC,11.0,55.0,60.0,19.0,62.0,6.4,64.2,13.1,18.0,95.0,119.0,0.8,10.0,35.5,562.0,27.6,338.5,29.3,0.38,0.25,Summer Playoffs
196,Vander,Rogue,Support,7.0,57.0,2.0,22.0,65.0,3.0,70.5,27.2,14.0,-14.0,17.0,-2.4,1.2,4.4,164.0,8.3,120.8,9.9,1.49,0.29,Summer Playoffs
197,Vizicsacsi,Splyce,Top,3.0,0.0,0.0,10.0,9.0,0.9,52.9,20.0,33.0,292.0,-83.0,12.3,7.7,21.2,427.0,26.8,204.2,21.7,0.55,0.17,Summer Playoffs
198,Woolite,Rogue,ADC,7.0,57.0,21.0,16.0,43.0,4.0,67.4,19.8,14.0,-114.0,-167.0,-2.1,8.9,29.1,437.0,24.2,294.8,25.3,0.43,0.3,Summer Playoffs
199,Wunder,G2 Esports,Top,10.0,60.0,39.0,23.0,47.0,3.7,47.0,16.7,10.0,243.0,-49.0,10.3,8.3,26.9,466.0,22.5,285.2,23.0,0.41,0.13,Summer Playoffs
200,Xerxe,Splyce,Jungle,3.0,0.0,7.0,8.0,5.0,1.5,70.6,16.0,33.0,105.0,362.0,2.7,4.8,12.2,323.0,19.5,166.3,17.7,0.51,0.3,Summer Playoffs
201,Abbedagge,Schalke 04,Middle,3.0,0.0,7.0,14.0,6.0,0.9,44.8,26.9,0.0,-671.0,-177.0,-12.7,7.1,23.6,396.0,25.5,200.1,20.5,0.53,0.06,Gauntlet
202,Alphari,Origen,Top,5.0,40.0,15.0,12.0,21.0,3.0,64.3,21.4,40.0,255.0,-35.0,1.6,8.0,25.3,354.0,19.8,258.2,23.9,0.52,0.18,Gauntlet
203,Broxah,Fnatic,Jungle,3.0,100.0,8.0,3.0,35.0,14.3,75.4,8.8,0.0,-266.0,-325.0,-2.0,4.7,13.2,179.0,9.1,224.2,15.9,0.35,0.21,Gauntlet
204,Bwipo,Fnatic,Top,3.0,100.0,9.0,8.0,26.0,4.4,61.4,23.5,0.0,76.0,433.0,4.0,7.4,21.8,565.0,29.0,273.9,19.4,0.54,0.07,Gauntlet
205,Humanoid,Splyce,Middle,11.0,55.0,29.0,31.0,52.0,2.6,57.0,21.8,9.0,46.0,53.0,7.1,10.0,30.1,458.0,25.6,303.1,25.1,0.45,0.21,Gauntlet
206,Hylissang,Fnatic,Support,3.0,100.0,3.0,17.0,37.0,2.4,70.2,50.0,0.0,177.0,-87.0,0.0,1.6,5.7,209.0,10.8,162.0,11.5,1.19,0.17,Gauntlet
207,IgNar,Schalke 04,Support,3.0,0.0,3.0,9.0,17.0,2.2,69.0,17.3,67.0,-75.0,-267.0,-5.7,0.9,4.0,126.0,8.2,115.0,11.6,1.63,0.49,Gauntlet
208,Kobbe,Splyce,ADC,11.0,55.0,49.0,22.0,46.0,4.3,66.9,15.5,27.0,-66.0,-262.0,-1.5,9.6,31.7,436.0,24.5,333.3,27.4,0.29,0.25,Gauntlet
209,Mithy,Origen,Support,5.0,40.0,6.0,16.0,37.0,2.7,76.8,28.6,20.0,91.0,206.0,-2.2,1.0,3.8,143.0,7.8,111.2,10.1,1.51,0.45,Gauntlet
210,Nemesis,Fnatic,Middle,3.0,100.0,20.0,1.0,20.0,40.0,70.2,2.9,0.0,586.0,-106.0,-3.7,9.3,27.9,560.0,28.6,387.3,27.5,0.52,0.14,Gauntlet
211,Norskeren,Splyce,Support,11.0,55.0,1.0,39.0,88.0,2.3,62.7,27.5,27.0,-70.0,3.0,2.5,1.4,4.7,149.0,8.9,110.9,9.1,1.52,0.38,Gauntlet
212,Nukeduck,Origen,Middle,5.0,40.0,12.0,11.0,22.0,3.1,60.7,19.6,20.0,-51.0,53.0,-5.8,8.3,24.7,368.0,24.0,245.7,22.7,0.47,0.19,Gauntlet
213,Odoamne,Schalke 04,Top,3.0,0.0,2.0,6.0,13.0,2.5,51.7,11.5,0.0,-238.0,-228.0,-0.3,6.9,21.3,430.0,27.7,184.6,18.6,0.5,0.15,Gauntlet
214,Patrik,Origen,ADC,5.0,40.0,18.0,8.0,27.0,5.6,80.4,14.3,20.0,318.0,125.0,2.4,10.0,35.2,545.0,34.6,315.6,29.6,0.38,0.32,Gauntlet
215,Rekkles,Fnatic,ADC,3.0,100.0,17.0,5.0,18.0,7.0,61.4,14.7,0.0,-48.0,867.0,9.7,9.6,31.4,440.0,22.5,363.2,25.7,0.43,0.29,Gauntlet
216,Trick,Schalke 04,Jungle,3.0,0.0,5.0,13.0,13.0,1.4,62.1,25.0,33.0,-455.0,-681.0,-6.0,4.6,12.5,251.0,16.2,166.4,16.5,0.29,0.38,Gauntlet
217,Upset,Schalke 04,ADC,3.0,0.0,12.0,10.0,9.0,2.1,72.4,19.2,67.0,-240.0,-115.0,-8.0,9.9,38.7,344.0,22.4,320.8,32.8,0.35,0.26,Gauntlet
218,Vizicsacsi,Splyce,Top,11.0,55.0,30.0,32.0,52.0,2.6,57.7,22.5,9.0,-72.0,-40.0,-1.7,8.1,23.9,440.0,26.1,277.8,23.2,0.62,0.16,Gauntlet
219,Xerxe,Splyce,Jungle,11.0,55.0,33.0,18.0,65.0,5.4,69.0,12.7,45.0,205.0,371.0,3.7,4.4,9.7,274.0,15.0,185.9,15.2,0.65,0.43,Gauntlet
220,Zanzarah,Origen,Jungle,5.0,40.0,5.0,9.0,27.0,3.6,57.1,16.1,40.0,-19.0,-212.0,-3.4,4.2,11.1,247.0,13.8,149.4,13.8,0.69,0.5,Gauntlet
