Marca temporal,¿Cuál es tu universidad?,¿Cuál es tu género?,Edad,Orientación sexual, Tipo de colegio del que egresaste,Seleccione su área de carrera universitaria,¿Cuentas con el apoyo económico de tus padres?,¿Cuentas con alguna beca o crédito estudiantil?,"¿Cuál es el grado de escolarización
 de tus padres?",¿Has tenido oportunidad de liderazgo en asociaciones estudiantiles dentro de tu universidad?,¿Hay equidad en las representaciones universitarias de hombres y mujeres?,¿Has experimentado algún tipo de discriminación a lo largo de tu carrera universitaria?,Si en caso sufriste discriminación. ¿Qué tipo de discriminación fue?,¿Con qué tipo de material acedémico cuentas?,¿Tú facultad cuenta con laboratorios idóneos para la carrera que estudias? ,¿Tu universidad cuenta con servicios de apoyo de salud física y mental?,¿Cuál es el nivel de estrés que sientes en los estudios?,¿Cuál es tu nivel socioeconómico? A significa clase alta y E baja ,Tu nivel de compromiso con tu universidad ,¿Cúal es la carga académica que tienes?,¿Cúal es tu región de procedencia? ,¿Cuál es tu promedio ponderado?,¿Cuánto tiempo te toma a ir a tu universidad?(Responder en minutos),"¿Cuánto tiempo demora tu proceso de matricula?   Responder en horas, tomar en cuenta que 30 minutos es 0.5 horas. Los decimales se escriben con PUNTO",Aproximadamente ¿cuál es tu mensualidad o el gasto mensual destinado a la universidad? Coloque número,Cual tu nivel de satifacción con tu universidad,Cuál consideras que es el nivel de satisfacción con tus profesores,"Tu universidad cuenta con soporte técnico, es decir brinda computadoras, acceso a internet, etc. ","¿Cuál fue tu tiempo de preparación preuniversitaria? Responder en años, tomar en cuenta que un año es 1 y medio año 0.5. Los decimales se escriben con PUNTO",Dirección de correo electrónico
29/04/2023 15:16:28,Universidad de Ingeniería y tecnología (UTEC),Femenino,21,Heterosexual,Privado,Ingenierías,Si,No,Estudios superiores completos,Sí,No,No,no sufri discriminación,"Laptop, celular",Sí,Sí,Regular,D,4,regular,Costa,14.18,120,0.5,2000,4 (buena),3 (regular),Sí,1,
29/04/2023 20:37:29,Universidad de Ingeniería y tecnología (UTEC),Masculino,19,Heterosexual,Privado,Ingenierías,Si,No,Estudios superiores completos,No,Si,No,no sufri discriminación,"Laptop, celular",Sí,Sí,Mucha,C,4,mucha,Costa,11.6,5,0.5,2500,3 (regular),3 (regular),Sí,0.1,
30/04/2023 17:58:40,Universidad Nacional Mayor de San Marcos (UNMSM),Femenino,24,Heterosexual,Privado,Ciencias de la Salud,Si,No,Técnico,Sí,Si,No,No sufrí discriminación,"Laptop, Ipad, celular",No,Sí,Mucha,C,2,mucha,Costa,16.1,120,0.5,200,3 (regular),3 (regular),Sí,5,
30/04/2023 19:46:12,Universidad Nacional Mayor de San Marcos (UNMSM),Masculino,21,Heterosexual,Público,Ciencias de la Salud,Si,Sí,Secundaria completa,No,Si,No,No sufrí discriminación,"Laptop, celular",Sí,Sí,Regular,C,4,mucha,Costa,15,120,120,200,4 (buena),4 (buena),Sí,2,
30/04/2023 19:50:35,Universidad de Ingeniería y tecnología (UTEC),Femenino,24,Heterosexual,Público,Ingenierías,Si,Sí,Universidad completa,Sí,No,No,Otros,"Laptop, Ipad, celular, otros",Sí,Sí,Mucha,C,5,mucha,Sierra,15.5,20,0.5,900,5 (muy buena),5 (muy buena),Sí,4,
30/04/2023 19:57:39,Universidad Nacional Mayor de San Marcos (UNMSM),Femenino,23,Heterosexual,Privado,Ciencias de la Salud,Si,No,Doctorado,Sí,Si,No,No sufrí discriminación,"Laptop, tablet, celular, otros",Sí,Sí,Poca,C,4,regular,Costa,16.3,10,0.05,200,3 (regular),2 (mala),Sí,4,
30/04/2023 20:14:26,Universidad Nacional Mayor de San Marcos (UNMSM),Femenino,28,Heterosexual,Privado,Ciencias de la Salud,Si,No,Técnico,No,Si,No,No sufrí discriminación,"Laptop, Ipad, tablet, celular",Sí,Sí,Regular,C,5,mucha,Costa,14,120,0.05,400,5 (muy buena),5 (muy buena),Sí,3.0,
30/04/2023 20:22:46,Universidad Nacional Mayor de San Marcos (UNMSM),Masculino,23,Heterosexual,Privado,Ciencias de la Salud,Si,Sí,Secundaria completa,No,Si,No,No sufrí discriminación,"Laptop, Ipad, tablet, tarjeta gráfica, celular",No,Sí,Regular,C,5,mucha,Costa,17.185,60,0.4,1000,3 (regular),3 (regular),No,1,
30/04/2023 20:28:40,Universidad Nacional Mayor de San Marcos (UNMSM),Masculino,20,Heterosexual,Privado,Ingenierías,Si,No,Maestría,No,Si,No,No sufrí discriminación,"Laptop, tablet, celular",Sí,Sí,Regular,C,4,regular,Costa,14.875,100,0.2,300,4 (buena),4 (buena),Sí,1,
30/04/2023 20:29:13,Universidad Nacional Mayor de San Marcos (UNMSM),Femenino,21,Heterosexual,Público,Humanidades y Ciencias Jurídicas y Sociales,Si,No,Secundaria completa,Sí,Si,No,No sufrí discriminación,"Laptop, celular",No,Sí,Regular,C,4,mucha,Costa,17,60,1,20,4 (buena),4 (buena),Sí,2,
30/04/2023 20:31:41,Universidad de Ingeniería y tecnología (UTEC),Masculino,20,Heterosexual,Público,Ingenierías,Si,Sí,Universidad completa,No,Si,No,No sufrí discriminación,"Laptop, tablet, celular",Sí,Sí,Mucha,E,4,mucha,Costa,13.6,40,0.25,920,5 (muy buena),3 (regular),Sí,2,
30/04/2023 20:45:40,Universidad Nacional Mayor de San Marcos (UNMSM),Masculino,27,Heterosexual,Privado,Ciencias de la Salud,Si,No,Secundaria completa,No,Si,Sí,Otros,"Laptop, celular",No,Sí,Regular,D,3,regular,Costa,15,180,3,250,3 (regular),3 (regular),Sí,7,
30/04/2023 20:57:38,Universidad Nacional Mayor de San Marcos (UNMSM),Masculino,20,Heterosexual,Privado,Ciencias de la Salud,Si,No,Secundaria completa,No,Si,No,No sufrí discriminación,"Laptop, celular",Sí,Sí,Mucha,D,3,mucha,Costa,16.15,150,0.5,400,3 (regular),4 (buena),Sí,2,
30/04/2023 22:59:50,Universidad Nacional Mayor de San Marcos (UNMSM),Femenino,26,Heterosexual,Privado,Ciencias de la Salud,Si,No,Secundaria completa,No,Si,No,No sufrí discriminación,"Laptop, celular",Sí,Sí,Regular,C,4,regular,Costa,16.4,1,0.5,700,4 (buena),4 (buena),Sí,4,
1/05/2023 5:08:56,Universidad Nacional Mayor de San Marcos (UNMSM),Masculino,28,Heterosexual,Privado,Artes,No,No,Secundaria completa,No,Si,No,No sufrí discriminación,"Laptop, celular",Sí,Sí,Regular,B,4,regular,Costa,14,80,1.0,400,4 (buena),4 (buena),Sí,5,
1/05/2023 9:30:05,Universidad Nacional Mayor de San Marcos (UNMSM),Femenino,21,Heterosexual,Privado,Ciencias de la Salud,Si,No,Maestría,No,Si,No,No sufrí discriminación,"Laptop, celular",Sí,Sí,Regular,C,4,mucha,Costa,18,30,48,350,4 (buena),4 (buena),Sí,6,
1/05/2023 10:45:29,Universidad de Ingeniería y tecnología (UTEC),Masculino,21,Heterosexual,Público,Ingenierías,Si,Sí,Secundaria completa,No,Si,Sí,Estatus sociecónomico,"Laptop, tarjeta gráfica",Sí,Sí,Regular,D,5,regular,Costa,16.1,70,20,600,4 (buena),3 (regular),Sí,2,
1/05/2023 12:08:19,Universidad de Ingeniería y tecnología (UTEC),Masculino,20,Heterosexual,Privado,Ingenierías,Si,No,Universidad completa,Sí,Si,No,No sufrí discriminación,"Laptop, tablet, celular",Sí,Sí,Poca,C,3,mucha,Costa,13.23,2,5,3000,4 (buena),4 (buena),Sí,0.3,
1/05/2023 13:32:30,Universidad de Ingeniería y tecnología (UTEC),Masculino,24,Heterosexual,Privado,Ingenierías,No,Sí,Universidad completa,Sí,Si,No,No sufrí discriminación,"Laptop, celular",Sí,Sí,Regular,D,4,mucha,Costa,15,30,0.5,500,5 (muy buena),4 (buena),Sí,2,
1/05/2023 17:47:26,Universidad de Ingeniería y tecnología (UTEC),Masculino,18,Heterosexual,Privado,Ingenierías,Si,Sí,Secundaria completa,No,Si,No,No sufrí discriminación,"Laptop, celular",Sí,Sí,Regular,D,4,regular,Sierra,18.5,95,10.5,1,4 (buena),4 (buena),Sí,0.3,
1/05/2023 23:02:23,Universidad de Ingeniería y tecnología (UTEC),Masculino,23,Heterosexual,Privado,Ingenierías,Si,No,Universidad completa,No,Si,No,No sufrí discriminación,"Laptop, tablet, celular",Sí,Sí,Regular,D,5,Poca,Sierra,16.22,45,0.5,2400,5 (muy buena),5 (muy buena),Sí,0.2,
1/05/2023 23:11:51,Universidad de Ingeniería y tecnología (UTEC),Femenino,20,Heterosexual,Privado,Ingenierías,Si,Sí,Universidad completa,Sí,No,No,No sufrí discriminación,"Laptop, celular",Sí,Sí,Mucha,C,4,mucha,Costa,15.25,30,0.25,2100,5 (muy buena),4 (buena),Sí,1,
1/05/2023 23:58:37,Universidad de Ingeniería y tecnología (UTEC),Masculino,21,Heterosexual,Privado,Ingenierías,Si,No,Universidad completa,No,Si,No,No sufrí discriminación,"Laptop, celular",Sí,Sí,Regular,D,5,regular,Costa,14,8,15,2100,4 (buena),4 (buena),Sí,1,
2/05/2023 7:18:15,Universidad Nacional Mayor de San Marcos (UNMSM),Masculino,27,Heterosexual,Privado,Humanidades y Ciencias Jurídicas y Sociales,Si,No,Maestría,No,Si,No,No sufrí discriminación,celular,Sí,Sí,Regular,C,5,mucha,Costa,18,90,1,350,4 (buena),4 (buena),Sí,1,
2/05/2023 12:05:13,Universidad de Ingeniería y tecnología (UTEC),Masculino,18,Heterosexual,Privado,Ingenierías,Si,No,Universidad completa,No,Si,Sí,Estatus sociecónomico,"Laptop, celular",Sí,Sí,Regular,D,4,regular,Costa,14.34,90,1,2400,4 (buena),3 (regular),Sí,0.5,
2/05/2023 16:01:29,Universidad Nacional Mayor de San Marcos (UNMSM),Femenino,24,Heterosexual,Público,Ciencias de la Salud,Si,No,Técnico,Sí,No,No,No sufrí discriminación,"Laptop, celular",No,No,Regular,C,5,regular,Costa,18,45,3,820,4 (buena),4 (buena),Sí,4,
2/05/2023 22:19:00,Universidad de Ingeniería y tecnología (UTEC),Femenino,20,Heterosexual,Público,Ingenierías,Si,Sí,Primaria completa,No,Si,No,No sufrí discriminación,"Laptop, celular",Sí,Sí,Poca,D,5,regular,Costa,12,20,0.5,200,4 (buena),4 (buena),Sí,1,
2/05/2023 22:20:22,Universidad Nacional Mayor de San Marcos (UNMSM),Femenino,17,Heterosexual,Público,Ingenierías,Si,No,Secundaria completa,Sí,Si,Sí,"Género, Estatus sociecónomico","Laptop, celular",Sí,Sí,Regular,C,5,regular,Sierra,16,55,1.5,180,4 (buena),3 (regular),Sí,0.5,
2/05/2023 22:25:25,Universidad de Ingeniería y tecnología (UTEC),Masculino,21,Heterosexual,Privado,Ciencias Económicas y de la Gestión,Si,Sí,Técnico,No,Si,No,No sufrí discriminación,"Laptop, celular",Sí,Sí,Regular,C,3,regular,Costa,14,15,0.25,1700,4 (buena),3 (regular),Sí,1,
2/05/2023 22:25:46,Universidad Nacional Mayor de San Marcos (UNMSM),Femenino,19,Heterosexual,Privado,Artes,Si,No,Maestría,No,Si,No,No sufrí discriminación,"Laptop, Ipad, tablet, tarjeta gráfica, celular",Sí,Sí,Regular,A,4,regular,Costa,17,45,3,2000,3 (regular),3 (regular),Sí,2,
2/05/2023 22:27:06,Universidad de Ingeniería y tecnología (UTEC),Femenino,19,Heterosexual,Privado,Ingenierías,Si,No,Universidad completa,Sí,Si,Sí,Género,Laptop,Sí,No,Nada,B,2,regular,Costa,16,2,30,2400,1 (muy mala),2 (mala),No,2,
2/05/2023 22:31:12,Universidad de Ingeniería y tecnología (UTEC),Femenino,18,Heterosexual,Público,Ingenierías,Si,Sí,Secundaria completa,No,Si,Sí,Estatus sociecónomico,"Laptop, celular",Sí,Sí,Mucha,C,4,mucha,Sierra,14.5,30,0.5,250,5 (muy buena),4 (buena),Sí,0.5,
2/05/2023 22:35:24,Universidad de Ingeniería y tecnología (UTEC),Masculino,20,Bisexual,Privado,Ciencias Económicas y de la Gestión,Si,No,Técnico,No,Si,No,No sufrí discriminación,"Laptop, celular",Sí,Sí,Poca,A,4,regular,Costa,17.43,45,1,1760,3 (regular),3 (regular),Sí,0.5,
3/05/2023 0:25:23,Universidad de Ingeniería y tecnología (UTEC),Femenino,19,Homosexual,Privado,Humanidades y Ciencias Jurídicas y Sociales,Si,No,Maestría,No,No,No,No sufrí discriminación,Laptop,Sí,Sí,Regular,C,4,regular,Costa,16,70,0.5,400,4 (buena),4 (buena),Sí,1,
3/05/2023 8:14:21,Universidad de Ingeniería y tecnología (UTEC),Masculino,21,Heterosexual,Privado,Ingenierías,Si,Sí,Universidad completa,No,Si,No,No sufrí discriminación,celular,Sí,Sí,Regular,E,4,mucha,Costa,15.01,80,0.5,1500,5 (muy buena),5 (muy buena),Sí,2,
3/05/2023 9:06:57,Universidad de Ingeniería y tecnología (UTEC),Femenino,18,Heterosexual,Privado,Ingenierías,Si,Sí,Técnico,No,Si,No,Otros,"Laptop, tablet, celular",Sí,Sí,Poca,D,5,regular,Costa,18,20,0.5,1500,5 (muy buena),5 (muy buena),Sí,0.5,
3/05/2023 9:22:02,Universidad de Ingeniería y tecnología (UTEC),Masculino,20,Bisexual,Privado,Ingenierías,Si,No,Maestría,Sí,Si,No,No sufrí discriminación,"Laptop, Ipad, tarjeta gráfica, celular",Sí,Sí,Mucha,B,5,regular,Costa,16.5,20,0.5,3500,5 (muy buena),4 (buena),Sí,0.1,
3/05/2023 11:27:00,Universidad Nacional Mayor de San Marcos (UNMSM),Femenino,24,Asexual,Privado,Ingenierías,No,No,Primaria completa,Sí,Si,Sí,Religión,tarjeta gráfica,No,No,Nada,A,1,Nada,Selva,10.5,180,1,3000,1 (muy mala),1 (muy mala),No,2.5,
3/05/2023 11:27:41,Universidad de Ingeniería y tecnología (UTEC),Femenino,19,Heterosexual,Público,Ingenierías,Si,Sí,Secundaria completa,Sí,Si,No,No sufrí discriminación,"Laptop, Ipad, celular",Sí,Sí,Regular,D,4,regular,Costa,14,60,40,300,4 (buena),4 (buena),Sí,1,
3/05/2023 11:52:46,Universidad de Ingeniería y tecnología (UTEC),Masculino,18,Heterosexual,Público,Ingenierías,Si,Sí,Secundaria completa,No,Si,No,No sufrí discriminación,"Laptop, tarjeta gráfica, celular",Sí,Sí,Mucha,E,5,mucha,Costa,17.85,20,0.5,500,5 (muy buena),4 (buena),Sí,0.5,
3/05/2023 11:55:42,Universidad Nacional Mayor de San Marcos (UNMSM),Femenino,18,Heterosexual,Público,Ciencias Económicas y de la Gestión,Si,No,Universidad completa,No,Si,No,No sufrí discriminación,"Laptop, celular",Sí,Sí,Regular,D,5,regular,Costa,17,150,30,300,4 (buena),4 (buena),Sí,1,
3/05/2023 12:14:45,Universidad Nacional Mayor de San Marcos (UNMSM),Masculino,17,Heterosexual,Privado,Ingenierías,Si,No,Maestría,No,No,No,No sufrí discriminación,"Laptop, celular",No,Sí,Regular,D,5,regular,Costa,16,120,1,350,4 (buena),4 (buena),Sí,1,
3/05/2023 12:44:53,Universidad de Ingeniería y tecnología (UTEC),Femenino,21,Heterosexual,Público,Ingenierías,No,Sí,Primaria completa,Sí,Si,No,No sufrí discriminación,"Laptop, celular",Sí,Sí,Mucha,E,5,regular,Costa,14,20,1,1500,4 (buena),5 (muy buena),Sí,2,
3/05/2023 13:09:27,Universidad de Ingeniería y tecnología (UTEC),Femenino,19,Heterosexual,Privado,Ingenierías,Si,No,Técnico,No,Si,No,No sufrí discriminación,"Laptop, celular",Sí,Sí,Poca,C,5,mucha,Sierra,15.76,90,5,2200,4 (buena),3 (regular),Sí,1,
3/05/2023 15:27:05,Universidad de Ingeniería y tecnología (UTEC),Femenino,19,Heterosexual,Público,Ingenierías,No,Sí,Primaria completa,No,Si,No,Otros,"Laptop, tarjeta gráfica, celular",Sí,Sí,Mucha,E,4,mucha,Selva,15.53,3,0.1,900,3 (regular),4 (buena),Sí,1.5,
3/05/2023 15:37:51,Universidad de Ingeniería y tecnología (UTEC),Femenino,19,Heterosexual,Privado,Ingenierías,Si,Sí,Secundaria completa,Sí,Si,No,No sufrí discriminación,celular,Sí,Sí,Mucha,D,4,mucha,Costa,15,5,0.5,10944,4 (buena),4 (buena),Sí,0.5,
3/05/2023 15:37:59,Universidad de Ingeniería y tecnología (UTEC),Masculino,20,Heterosexual,Privado,Ingenierías,Si,No,Universidad completa,No,Si,No,No sufrí discriminación,"Laptop, tablet, celular",Sí,Sí,Regular,A,3,regular,Costa,14,30,0.25,150,4 (buena),3 (regular),Sí,0.25,
3/05/2023 15:42:46,Universidad de Ingeniería y tecnología (UTEC),Masculino,19,Heterosexual,Público,Ingenierías,No,Sí,Primaria completa,No,Si,No,No sufrí discriminación,"Laptop, tarjeta gráfica, celular, otros",Sí,Sí,Regular,D,3,regular,Sierra,11.4,50,1,750,2 (mala),2 (mala),Sí,0.1,
3/05/2023 15:47:09,Universidad de Ingeniería y tecnología (UTEC),Femenino,24,Heterosexual,Privado,Ingenierías,Si,Sí,Secundaria completa,Sí,Si,No,No sufrí discriminación,"Laptop, celular",Sí,Sí,Mucha,D,5,regular,Costa,17,20,15,2500,5 (muy buena),4 (buena),Sí,0.5,
3/05/2023 15:48:52,Universidad de Ingeniería y tecnología (UTEC),Femenino,17,Heterosexual,Privado,Ingenierías,Si,No,Universidad completa,No,No,No,No sufrí discriminación,"Laptop, Ipad, tablet, tarjeta gráfica, celular",Sí,Sí,Mucha,C,4,mucha,Costa,16,20,1,2600,4 (buena),4 (buena),Sí,0.5,
3/05/2023 15:50:08,Universidad de Ingeniería y tecnología (UTEC),Femenino,17,Heterosexual,Público,Ingenierías,Si,No,Doctorado,No,Si,No,No sufrí discriminación,Laptop,Sí,Sí,Mucha,E,5,mucha,Costa,17,40,0.5 ,2000,5 (muy buena),4 (buena),Sí,0.5,
3/05/2023 15:50:26,Universidad de Ingeniería y tecnología (UTEC),Masculino,17,Heterosexual,Privado,Ingenierías,Si,No,Técnico,No,Si,No,Otros,Laptop,Sí,Sí,Regular,C,4,regular,Costa,10,40,0.5,1,5 (muy buena),3 (regular),Sí,0.5,
3/05/2023 15:52:50,Universidad de Ingeniería y tecnología (UTEC),Masculino,18,Heterosexual,Privado,Ingenierías,Si,No,Secundaria completa,No,Si,No,No sufrí discriminación,"Laptop, celular",Sí,Sí,Regular,D,4,regular,Costa,13,40,0.5,1500,4 (buena),4 (buena),Sí,0.1,
3/05/2023 15:53:18,Universidad de Ingeniería y tecnología (UTEC),Femenino,18,Heterosexual,Público,Ingenierías,Si,Sí,Secundaria completa,Sí,Si,No,Raza/color,"Laptop, celular",Sí,Sí,Regular,D,5,regular,Costa,16.9,90,1.5,1000,4 (buena),4 (buena),Sí,0.5,
3/05/2023 15:53:47,Universidad de Ingeniería y tecnología (UTEC),Masculino,19,Heterosexual,Privado,Ciencias Básicas,Si,No,Maestría,No,Si,No,No sufrí discriminación,"Laptop, Ipad, celular",Sí,Sí,Regular,B,4,regular,Costa,15,20,2,2800,3 (regular),4 (buena),Sí,0.1,
3/05/2023 15:53:56,Universidad de Ingeniería y tecnología (UTEC),Masculino,19,Heterosexual,Privado,Ingenierías,Si,No,Técnico,Sí,Si,No,Otros,"Laptop, celular",Sí,Sí,Regular,B,5,regular,Costa,16,50,30,2000,4 (buena),4 (buena),Sí,1,
3/05/2023 15:54:33,Universidad de Ingeniería y tecnología (UTEC),Masculino,18,Heterosexual,Privado,Ingenierías,Si,Sí,Secundaria completa,Sí,Si,No,No sufrí discriminación,"Laptop, tablet, celular",Sí,Sí,Regular,B,5,regular,Sierra,13,30,0.5,1000,5 (muy buena),5 (muy buena),Sí,1,
3/05/2023 15:55:33,Universidad de Ingeniería y tecnología (UTEC),Masculino,20,Heterosexual,Privado,Ingenierías,Si,No,Secundaria completa,No,Si,No,No sufrí discriminación,"Laptop, celular",Sí,Sí,Poca,C,4,regular,Costa,15.2,1,0.5,1200,4 (buena),5 (muy buena),Sí,1,
3/05/2023 15:56:15,Universidad de Ingeniería y tecnología (UTEC),Femenino,18,Heterosexual,Público,Ingenierías,Si,Sí,Técnico,No,Si,No,No sufrí discriminación,"Laptop, celular",Sí,Sí,Regular,D,4,mucha,Sierra,16.9,15,0.5,1000,4 (buena),4 (buena),Sí,0.2,
3/05/2023 15:58:32,Universidad de Ingeniería y tecnología (UTEC),Masculino,22,Heterosexual,Público,Ingenierías,No,Sí,Primaria completa,No,No,No,Raza/color,Laptop,Sí,Sí,Poca,E,4,regular,Costa,12,120,60,400,5 (muy buena),4 (buena),Sí,1,
3/05/2023 15:59:39,Universidad de Ingeniería y tecnología (UTEC),Masculino,22,Heterosexual,Público,Ingenierías,Si,No,Técnico,No,No,No,No sufrí discriminación,"Laptop, tablet, celular",Sí,Sí,Regular,D,4,Nada,Costa,12,120,0.2,1590,4 (buena),4 (buena),Sí,0.5,
3/05/2023 16:00:10,Universidad de Ingeniería y tecnología (UTEC),Masculino,17,Heterosexual,Privado,Ingenierías,Si,No,Universidad completa,Sí,Si,No,No sufrí discriminación,"Laptop, celular",Sí,Sí,Poca,C,4,regular,Costa,15,20,0.5,160,4 (buena),4 (buena),Sí,0.25,
3/05/2023 16:00:51,Universidad de Ingeniería y tecnología (UTEC),Masculino,22,Heterosexual,Privado,Ingenierías,Si,No,Técnico,Sí,Si,No,Otros,celular,Sí,Sí,Regular,E,4,regular,Costa,20,180,0.2,2300,4 (buena),3 (regular),Sí,2,
3/05/2023 16:03:07,Universidad de Ingeniería y tecnología (UTEC),Masculino,18,Heterosexual,Privado,Ciencias Básicas,Si,No,Técnico,No,Si,No,No sufrí discriminación,"Laptop, celular, otros",Sí,Sí,Nada,B,4,regular,Costa,15.5,40,0.5,1670,4 (buena),4 (buena),Sí,0.5,
3/05/2023 16:04:45,Universidad de Ingeniería y tecnología (UTEC),Femenino,18,Heterosexual,Público,Ingenierías,Si,Sí,Universidad completa,No,Si,No,No sufrí discriminación,"Laptop, celular",Sí,Sí,Mucha,C,4,mucha,Sierra,13,20,1,2500,4 (buena),4 (buena),Sí,0.5,
3/05/2023 16:05:34,Universidad de Ingeniería y tecnología (UTEC),Masculino,23,Heterosexual,Privado,Ingenierías,Si,No,Universidad completa,No,No,No,No sufrí discriminación,"Laptop, celular",Sí,Sí,Regular,B,4,regular,Costa,13.5,40,0.4,1300,4 (buena),4 (buena),Sí,0.5,
3/05/2023 16:06:08,Universidad de Ingeniería y tecnología (UTEC),Masculino,18,Heterosexual,Privado,Ciencias Básicas,No,Sí,Secundaria completa,No,Si,No,"Género, Raza/color",Ipad,No,No,Mucha,A,1,mucha,Selva,15,4,1,10000,1 (muy mala),1 (muy mala),No,4,
3/05/2023 16:06:53,Universidad de Ingeniería y tecnología (UTEC),Femenino,18,Asexual,Público,Ciencias de la Salud,No,Sí,Técnico,Sí,Si,Sí,"Género, Raza/color, Estatus sociecónomico, Religión, No sufrí discriminación","Laptop, Ipad, tablet, tarjeta gráfica, celular, otros",No,No,Mucha,A,2,Nada,Selva,15,150,1.0,10000,3 (regular),3 (regular),Sí,2,
3/05/2023 16:07:50,Universidad de Ingeniería y tecnología (UTEC),Masculino,23,Heterosexual,Privado,Ingenierías,Si,No,Maestría,Sí,No,No,No sufrí discriminación,"Laptop, Ipad, celular, otros",Sí,Sí,Regular,B,3,regular,Costa,13.9,1,0.17,3000,5 (muy buena),4 (buena),Sí,0.15,
3/05/2023 16:07:58,Universidad de Ingeniería y tecnología (UTEC),Masculino,19,Bisexual,Público,Ciencias Básicas,Si,Sí,Secundaria completa,No,Si,No,Otros,"Laptop, tarjeta gráfica, celular",Sí,Sí,Mucha,E,4,mucha,Sierra,14,30,0.20,400,4 (buena),4 (buena),Sí,0.5,
3/05/2023 16:08:07,Universidad de Ingeniería y tecnología (UTEC),Femenino,23,Heterosexual,Privado,Ingenierías,Si,Sí,Técnico,No,Si,No,No sufrí discriminación,"Laptop, tablet, celular, otros",Sí,Sí,Mucha,C,4,mucha,Costa,17,3,25,3000,4 (buena),4 (buena),Sí,2,
3/05/2023 16:09:17,Universidad de Ingeniería y tecnología (UTEC),Masculino,19,Heterosexual,Público,Ingenierías,Si,Sí,Universidad completa,Sí,Si,No,No sufrí discriminación,"Laptop, celular",Sí,Sí,Mucha,B,4,mucha,Costa,18,20,0.5,1500,4 (buena),5 (muy buena),Sí,1,
3/05/2023 16:09:45,Universidad de Ingeniería y tecnología (UTEC),Masculino,19,Heterosexual,Privado,Ingenierías,Si,No,Secundaria completa,No,Si,No,No sufrí discriminación,"Laptop, celular",Sí,Sí,Regular,E,4,regular,Costa,14.56,180,0.5,530,4 (buena),4 (buena),Sí,1,
3/05/2023 16:10:37,Universidad de Ingeniería y tecnología (UTEC),Masculino,18,Heterosexual,Público,Ingenierías,Si,Sí,Secundaria completa,No,No,No,Otros,tarjeta gráfica,Sí,Sí,Mucha,E,4,mucha,Sierra,17.1,1,5,4000,4 (buena),3 (regular),Sí,0.3,
3/05/2023 16:10:41,Universidad de Ingeniería y tecnología (UTEC),Femenino,19,Bisexual,Público,Ingenierías,Si,Sí,Secundaria completa,Sí,No,Sí,"Género, Estatus sociecónomico","Laptop, tablet, celular",Sí,Sí,Regular,E,5,regular,Costa,16.75,10,1,800,4 (buena),5 (muy buena),Sí,1,
3/05/2023 16:10:48,Universidad de Ingeniería y tecnología (UTEC),Masculino,22,Heterosexual,Privado,Ingenierías,Si,No,Universidad completa,No,Si,No,No sufrí discriminación,celular,Sí,Sí,Mucha,C,3,mucha,Sierra,12,2,30,1400,3 (regular),3 (regular),Sí,1,
3/05/2023 16:11:36,Universidad de Ingeniería y tecnología (UTEC),Femenino,21,Bisexual,Público,Ingenierías,Si,Sí,Secundaria completa,Sí,Si,No,No sufrí discriminación,"Laptop, tarjeta gráfica, celular",No,Sí,Regular,E,5,regular,Selva,15.4,30,30,2500,4 (buena),4 (buena),Sí,1,
3/05/2023 16:12:55,Universidad de Ingeniería y tecnología (UTEC),Masculino,21,Heterosexual,Privado,Ingenierías,Si,No,Técnico,No,Si,Sí,"Raza/color, Estatus sociecónomico, Otros","Laptop, tarjeta gráfica, celular",Sí,Sí,Mucha,E,2,mucha,Costa,12,60,0.5,2000,4 (buena),4 (buena),Sí,0.2,
3/05/2023 16:13:02,Universidad de Ingeniería y tecnología (UTEC),Femenino,19,Heterosexual,Público,Ingenierías,Si,Sí,Primaria completa,No,Si,No,No sufrí discriminación,"Laptop, celular",Sí,Sí,Regular,C,4,regular,Costa,15,10,0.3,300,3 (regular),3 (regular),Sí,0.5,
3/05/2023 16:13:13,Universidad de Ingeniería y tecnología (UTEC),Masculino,19,Heterosexual,Público,Ingenierías,No,Sí,Secundaria completa,No,Si,No,Estatus sociecónomico,tablet,Sí,No,Poca,B,3,regular,Costa,15,1,1,500,3 (regular),3 (regular),No,1,
3/05/2023 16:14:39,Universidad de Ingeniería y tecnología (UTEC),Masculino,20,Heterosexual,Privado,Ingenierías,No,Sí,Universidad completa,No,No,No,No sufrí discriminación,"Laptop, celular",Sí,Sí,Regular,D,3,regular,Costa,13,100,25,400,4 (buena),3 (regular),Sí,1.5,
3/05/2023 16:15:17,Universidad de Ingeniería y tecnología (UTEC),Masculino,18,Heterosexual,Privado,Ingenierías,Si,No,Maestría,Sí,Si,Sí,No sufrí discriminación,"Laptop, Ipad, tablet, tarjeta gráfica, celular",Sí,Sí,Mucha,B,4,mucha,Costa,16,20,15,5800,4 (buena),3 (regular),Sí,1,
3/05/2023 16:17:21,Universidad de Ingeniería y tecnología (UTEC),Masculino,20,Heterosexual,Público,Ingenierías,No,Sí,Primaria completa,No,Si,No,No sufrí discriminación,"Laptop, celular",Sí,Sí,Regular,E,5,regular,Sierra,13.56,30,24,1,5 (muy buena),5 (muy buena),Sí,1,
3/05/2023 16:26:21,Universidad de Ingeniería y tecnología (UTEC),Masculino,21,Heterosexual,Público,Ingenierías,Si,No,Técnico,Sí,Si,No,No sufrí discriminación,"Laptop, tablet, celular",Sí,Sí,Regular,C,4,regular,Costa,17,16,0.4,2500,4 (buena),3 (regular),Sí,1.5,
3/05/2023 17:31:25,Universidad de Ingeniería y tecnología (UTEC),Femenino,20,Heterosexual,Público,Ingenierías,No,Sí,Técnico,Sí,No,No,No sufrí discriminación,"Laptop, tablet, celular",Sí,Sí,Regular,C,4,regular,Sierra,15.2,60,0.25,3000,4 (buena),3 (regular),Sí,1,
3/05/2023 17:43:32,Universidad Nacional Mayor de San Marcos (UNMSM),Femenino,26,Heterosexual,Público,Ciencias de la Salud,Si,No,Universidad completa,Sí,No,No,No sufrí discriminación,"Laptop, tablet, celular, otros",Sí,Sí,Mucha,D,5,mucha,Sierra,14.5,1.5,6.5,700,4 (buena),4 (buena),Sí,4.5,
3/05/2023 17:51:50,Universidad de Ingeniería y tecnología (UTEC),Masculino,24,Heterosexual,Público,Ingenierías,Si,Sí,Secundaria completa,No,Si,No,No sufrí discriminación,"Laptop, celular",Sí,Sí,Mucha,E,5,mucha,Sierra,14,20,15,4000,4 (buena),4 (buena),Sí,1,
3/05/2023 17:52:10,Universidad de Ingeniería y tecnología (UTEC),Masculino,19,Heterosexual,Público,Ingenierías,Si,Sí,Secundaria completa,Sí,Si,Sí,No sufrí discriminación,Laptop,Sí,Sí,Poca,E,4,regular,Sierra,16.73,40,1.5,509,4 (buena),4 (buena),Sí,0.5,
3/05/2023 17:52:52,Universidad de Ingeniería y tecnología (UTEC),Femenino,22,Heterosexual,Público,Humanidades y Ciencias Jurídicas y Sociales,No,No,Universidad completa,No,Si,Sí,Raza/color,Laptop,Sí,Sí,Mucha,E,5,mucha,Sierra,14.5,26,34,37,3 (regular),2 (mala),Sí,21,
3/05/2023 17:54:15,Universidad de Ingeniería y tecnología (UTEC),Masculino,20,Heterosexual,Público,Ingenierías,No,Sí,Secundaria completa,Sí,Si,No,No sufrí discriminación,"Laptop, celular",No,Sí,Regular,E,5,regular,Sierra,15,20,30,1200,4 (buena),4 (buena),Sí,2,
3/05/2023 17:56:12,Universidad de Ingeniería y tecnología (UTEC),Masculino,18,Heterosexual,Privado,Ingenierías,Si,No,Maestría,No,Si,No,No sufrí discriminación,"Laptop, celular",Sí,Sí,Mucha,D,5,mucha,Costa,14,5,1,2500,3 (regular),3 (regular),Sí,1,
3/05/2023 17:57:56,Universidad de Ingeniería y tecnología (UTEC),Femenino,19,Heterosexual,Privado,Ingenierías,Si,No,Maestría,Sí,No,No,No sufrí discriminación,"Laptop, tablet, celular",Sí,Sí,Mucha,B,5,mucha,Costa,15,30,60,3000,4 (buena),4 (buena),Sí,0.5,
3/05/2023 17:58:35,Universidad de Ingeniería y tecnología (UTEC),Masculino,21,Heterosexual,Privado,Ingenierías,Si,No,Universidad completa,Sí,Si,Sí,Raza/color,Laptop,Sí,Sí,Mucha,D,3,mucha,Costa,15,120,0.5,3000,3 (regular),3 (regular),Sí,0.1,
3/05/2023 17:58:37,Universidad de Ingeniería y tecnología (UTEC),Masculino,20,Bisexual,Privado,Ingenierías,Si,Sí,Secundaria completa,No,Si,No,No sufrí discriminación,"Laptop, celular",Sí,Sí,Nada,E,4,regular,Costa,16.12,30,0.5,300,4 (buena),4 (buena),Sí,1,
3/05/2023 17:59:19,Universidad de Ingeniería y tecnología (UTEC),Femenino,19,Heterosexual,Público,Ingenierías,No,Sí,Secundaria completa,No,No,No,No sufrí discriminación,"Laptop, celular",Sí,Sí,Mucha,E,4,mucha,Costa,14.7,15,0.1,900,5 (muy buena),4 (buena),Sí,0.3,
3/05/2023 18:01:08,Universidad de Ingeniería y tecnología (UTEC),Femenino,18,Heterosexual,Público,Ingenierías,No,Sí,Secundaria completa,No,No,Sí,"Estatus sociecónomico, Religión",Laptop,Sí,Sí,Mucha,E,4,mucha,Costa,14,0.5,2,100,5 (muy buena),3 (regular),Sí,1,
3/05/2023 18:03:34,Universidad de Ingeniería y tecnología (UTEC),Masculino,19,Heterosexual,Privado,Ingenierías,Si,No,Maestría,No,Si,No,No sufrí discriminación,"Laptop, celular",Sí,Sí,Regular,B,4,regular,Costa,14,60,0.25,2500,4 (buena),4 (buena),Sí,0.25,
3/05/2023 18:04:55,Universidad de Ingeniería y tecnología (UTEC),Femenino,20,Heterosexual,Público,Ingenierías,Si,Sí,Secundaria completa,No,Si,No,No sufrí discriminación,"Laptop, celular",Sí,Sí,Regular,E,5,regular,Costa,15.8,240,1,2100,4 (buena),4 (buena),Sí,2,
3/05/2023 18:05:06,Universidad de Ingeniería y tecnología (UTEC),Femenino,18,Heterosexual,Privado,Ingenierías,No,Sí,Técnico,No,Si,No,No sufrí discriminación,"Laptop, tablet, celular",Sí,Sí,Mucha,D,5,regular,Costa,16.75,30,12,1269,5 (muy buena),5 (muy buena),Sí,1,
3/05/2023 18:05:22,Universidad de Ingeniería y tecnología (UTEC),Masculino,23,Heterosexual,Privado,Ingenierías,Si,No,Secundaria completa,Sí,Si,No,No sufrí discriminación,Laptop,Sí,Sí,Regular,E,5,regular,Costa,15,90,30,1399,5 (muy buena),4 (buena),Sí,1,
3/05/2023 18:06:48,Universidad de Ingeniería y tecnología (UTEC),Femenino,20,Heterosexual,Público,Ingenierías,Si,Sí,Secundaria completa,No,Si,Sí,"Raza/color, Estatus sociecónomico","Laptop, celular",Sí,Sí,Poca,E,4,regular,Sierra,13.65,30,2,1260,5 (muy buena),5 (muy buena),Sí,2,
3/05/2023 18:08:32,Universidad de Ingeniería y tecnología (UTEC),Femenino,20,Heterosexual,Público,Ingenierías,No,Sí,Secundaria completa,No,Si,No,No sufrí discriminación,"Laptop, celular",Sí,Sí,Regular,C,5,mucha,Sierra,13.46,10,1,400,5 (muy buena),5 (muy buena),Sí,2,
3/05/2023 18:10:02,Universidad de Ingeniería y tecnología (UTEC),Masculino,20,Heterosexual,Privado,Ingenierías,Si,No,Técnico,Sí,Si,No,No sufrí discriminación,celular,Sí,Sí,Regular,C,4,regular,Costa,15,30,10,2000,4 (buena),4 (buena),Sí,0.1,
3/05/2023 18:12:38,Universidad de Ingeniería y tecnología (UTEC),Masculino,17,Heterosexual,Privado,Ingenierías,Si,No,Universidad completa,No,Si,No,No sufrí discriminación,"Laptop, celular",Sí,Sí,Poca,C,1,mucha,Costa,14,120,0.5,2300,3 (regular),3 (regular),No,0.1,
3/05/2023 18:13:44,Universidad de Ingeniería y tecnología (UTEC),Masculino,18,Heterosexual,Público,Ingenierías,Si,Sí,Secundaria completa,No,Si,No,No sufrí discriminación,"Laptop, celular",Sí,Sí,Regular,E,5,mucha,Costa,14.5,120,0.5,20000,5 (muy buena),5 (muy buena),Sí,1.5,
3/05/2023 18:16:53,Universidad de Ingeniería y tecnología (UTEC),Masculino,28,Heterosexual,Público,Ingenierías,Si,No,Secundaria completa,Sí,Si,No,No sufrí discriminación,"Laptop, celular",Sí,Sí,Regular,C,4,regular,Costa,13.5,60,15,2000,4 (buena),4 (buena),Sí,3.5,
3/05/2023 18:18:15,Universidad de Ingeniería y tecnología (UTEC),Femenino,21,Heterosexual,Privado,Ingenierías,No,Sí,Secundaria completa,No,Si,No,No sufrí discriminación,"Laptop, Ipad, celular",Sí,Sí,Regular,E,5,regular,Costa,15,120,2,500,5 (muy buena),4 (buena),Sí,2,
3/05/2023 18:18:15,Universidad de Ingeniería y tecnología (UTEC),Femenino,18,Heterosexual,Público,Ingenierías,Si,Sí,Secundaria completa,No,Si,No,No sufrí discriminación,"Laptop, celular",Sí,Sí,Regular,D,5,regular,Costa,15.65,60,6,3000,4 (buena),5 (muy buena),Sí,2,
3/05/2023 18:18:35,Universidad de Ingeniería y tecnología (UTEC),Masculino,18,Heterosexual,Público,Ingenierías,Si,Sí,Primaria completa,No,Si,Sí,Raza/color,"Laptop, celular",Sí,Sí,Mucha,D,5,regular,Costa,13.75,30,0.5,500,3 (regular),4 (buena),Sí,0.5,
3/05/2023 18:20:04,Universidad de Ingeniería y tecnología (UTEC),Masculino,18,Heterosexual,Privado,Ingenierías,Si,No,Secundaria completa,Sí,No,Sí,Otros,"Laptop, Ipad, tablet, tarjeta gráfica, celular",Sí,Sí,Mucha,E,5,mucha,Costa,16.58,8,0.5,2000,4 (buena),4 (buena),Sí,1,
3/05/2023 18:23:53,Universidad de Ingeniería y tecnología (UTEC),Masculino,19,Heterosexual,Público,Ingenierías,Si,Sí,Secundaria completa,Sí,Si,Sí,Raza/color,"Laptop, celular, otros",Sí,Sí,Regular,D,5,mucha,Costa,15.24,120,60,500,5 (muy buena),4 (buena),Sí,2,
3/05/2023 18:24:57,Universidad Nacional Mayor de San Marcos (UNMSM),Femenino,19,Bisexual,Privado,Humanidades y Ciencias Jurídicas y Sociales,Si,Sí,Universidad completa,Sí,Si,Sí,Otros,"Laptop, celular",Sí,Sí,Poca,C,5,regular,Costa,17.68,15,0.5,1500,4 (buena),4 (buena),Sí,0.5,
3/05/2023 18:25:48,Universidad de Ingeniería y tecnología (UTEC),Femenino,20,Bisexual,Privado,Ingenierías,Si,Sí,Universidad completa,Sí,Si,Sí,"Género, Raza/color, Estatus sociecónomico, Religión","Laptop, tarjeta gráfica",Sí,Sí,Mucha,E,5,mucha,Costa,17.65,85,30,254,3 (regular),3 (regular),Sí,2,
3/05/2023 18:25:52,Universidad de Ingeniería y tecnología (UTEC),Masculino,19,Heterosexual,Privado,Ingenierías,Si,No,Universidad completa,Sí,Si,No,No sufrí discriminación,"Laptop, tablet, tarjeta gráfica, celular, otros",Sí,Sí,Regular,E,4,Poca,Sierra,14,1,0.35,2789,5 (muy buena),5 (muy buena),Sí,0.5 ,
3/05/2023 18:25:56,Universidad Nacional Mayor de San Marcos (UNMSM),Femenino,17,Bisexual,Privado,Artes,Si,No,Universidad completa,Sí,No,Sí,Género,"Laptop, Ipad, tablet, celular",No,Sí,Mucha,B,4,regular,Costa,18,10,1.5,2000,3 (regular),4 (buena),Sí,0.5,
3/05/2023 18:28:03,Universidad de Ingeniería y tecnología (UTEC),Masculino,21,Heterosexual,Privado,Ingenierías,Si,No,Maestría,Sí,Si,No,No sufrí discriminación,"Laptop, tarjeta gráfica, celular",Sí,Sí,Regular,E,3,mucha,Costa,13,35,1,100,3 (regular),3 (regular),Sí,0.5,
3/05/2023 18:28:14,Universidad de Ingeniería y tecnología (UTEC),Femenino,25,Heterosexual,Privado,Ingenierías,Si,No,Técnico,Sí,Si,No,No sufrí discriminación,"Laptop, tarjeta gráfica, celular",Sí,Sí,Regular,D,5,regular,Sierra,13.45,15,1,2280,4 (buena),5 (muy buena),Sí,2,
3/05/2023 18:28:23,Universidad de Ingeniería y tecnología (UTEC),Masculino,21,Heterosexual,Público,Ingenierías,Si,Sí,Secundaria completa,No,Si,Sí,Otros,"Laptop, tarjeta gráfica, celular",Sí,Sí,Regular,E,5,mucha,Sierra,15.75,20,2,900,5 (muy buena),5 (muy buena),Sí,1,
3/05/2023 18:29:16,Universidad de Ingeniería y tecnología (UTEC),Masculino,19,Heterosexual,Privado,Ingenierías,Si,No,Universidad completa,Sí,No,Sí,"Estatus sociecónomico, Religión","Laptop, celular",Sí,Sí,Poca,D,3,regular,Costa,15,30,2,6,4 (buena),3 (regular),Sí,1,
3/05/2023 18:30:43,Universidad de Ingeniería y tecnología (UTEC),Masculino,20,Heterosexual,Privado,Ingenierías,Si,No,Maestría,No,Si,No,No sufrí discriminación,"Laptop, tarjeta gráfica, celular",No,No,Poca,C,3,regular,Costa,15,1.5,0.5,3200,3 (regular),3 (regular),Sí,1,
3/05/2023 18:33:22,Universidad de Ingeniería y tecnología (UTEC),Femenino,19,Bisexual,Público,Ingenierías,Si,Sí,Secundaria completa,No,Si,No,No sufrí discriminación,"Laptop, celular",Sí,Sí,Mucha,E,5,regular,Costa,15.03,120,0.05,400,5 (muy buena),4 (buena),Sí,0.20,
3/05/2023 18:36:21,Universidad de Ingeniería y tecnología (UTEC),Masculino,19,Heterosexual,Privado,Ciencias de la Salud,Si,No,Doctorado,No,Si,No,No sufrí discriminación,"Laptop, celular, otros",Sí,Sí,Poca,B,5,regular,Costa,16.5,120,1.5  ,700,5 (muy buena),5 (muy buena),Sí,1,
3/05/2023 18:36:51,Universidad de Ingeniería y tecnología (UTEC),Masculino,20,Bisexual,Privado,Ingenierías,Si,No,Maestría,Sí,No,No,No sufrí discriminación,"Laptop, tarjeta gráfica, celular, otros",Sí,Sí,Nada,B,5,mucha,Sierra,16,5,0.08,1800,5 (muy buena),5 (muy buena),Sí,0.01,
3/05/2023 18:39:37,Universidad de Ingeniería y tecnología (UTEC),Masculino,20,Bisexual,Privado,Ingenierías,Si,No,Técnico,No,Si,No,No sufrí discriminación,"Laptop, celular",Sí,Sí,Regular,D,5,regular,Costa,15,60,0.1,1700,5 (muy buena),5 (muy buena),Sí,0.1,
3/05/2023 18:43:53,Universidad de Ingeniería y tecnología (UTEC),Femenino,20,Heterosexual,Público,Ingenierías,Si,Sí,Secundaria completa,No,No,No,No sufrí discriminación,"Laptop, celular",Sí,Sí,Regular,D,5,mucha,Costa,14,10,2.5,2010,4 (buena),3 (regular),Sí,0.5,
3/05/2023 18:55:37,Universidad de Ingeniería y tecnología (UTEC),Masculino,18,Heterosexual,Público,Ciencias Básicas,Si,Sí,Universidad completa,No,Si,No,No sufrí discriminación,"Laptop, celular",Sí,Sí,Mucha,C,5,mucha,Costa,17,100,5,2000,5 (muy buena),4 (buena),Sí,0.1,
3/05/2023 18:55:37,Universidad de Ingeniería y tecnología (UTEC),Masculino,19,Heterosexual,Privado,Ingenierías,Si,No,Universidad completa,No,Si,No,Otros,"Laptop, celular",Sí,Sí,Mucha,B,2,mucha,Costa,13,1,1,2800,2 (mala),3 (regular),Sí,0.1,
3/05/2023 18:55:42,Universidad de Ingeniería y tecnología (UTEC),Femenino,18,Heterosexual,Privado,Ingenierías,Si,No,Doctorado,Sí,Si,No,No sufrí discriminación,"Laptop, celular",No,Sí,Mucha,D,3,regular,Costa,14.15,45,25,2500,3 (regular),3 (regular),Sí,0.1,
3/05/2023 18:55:48,Universidad de Ingeniería y tecnología (UTEC),Femenino,19,Heterosexual,Público,Ingenierías,Si,Sí,Secundaria completa,No,No,No,No sufrí discriminación,"Laptop, celular",Sí,Sí,Poca,E,3,regular,Selva,13,120,60,400,4 (buena),4 (buena),Sí,0.5,
3/05/2023 18:55:59,Universidad de Ingeniería y tecnología (UTEC),Masculino,23,Bisexual,Privado,Ingenierías,Si,No,Técnico,No,No,No,Género,Ipad,Sí,No,Nada,A,5,regular,Selva,12.68,90,20,2000,3 (regular),3 (regular),No,2,
3/05/2023 18:56:25,Universidad de Ingeniería y tecnología (UTEC),Masculino,21,Homosexual,Privado,Ingenierías,Si,No,Universidad completa,Sí,Si,No,Otros,"Laptop, celular",Sí,Sí,Poca,E,4,regular,Costa,14.9,60,0.5,2000,4 (buena),4 (buena),Sí,0.5,
3/05/2023 19:00:32,Universidad de Ingeniería y tecnología (UTEC),Femenino,19,Heterosexual,Público,Ingenierías,Si,Sí,Universidad completa,Sí,Si,No,No sufrí discriminación,"Laptop, tablet, celular",Sí,Sí,Poca,C,3,regular,Sierra,14,120,0.4,600,4 (buena),4 (buena),Sí,2,
3/05/2023 19:04:22,Universidad de Ingeniería y tecnología (UTEC),Femenino,17,Heterosexual,Privado,Ingenierías,Si,Sí,Doctorado,No,No,No,No sufrí discriminación,"Laptop, Ipad, tarjeta gráfica, celular",Sí,Sí,Mucha,B,5,mucha,Costa,16,30,0.8,4000,4 (buena),3 (regular),Sí,1,
3/05/2023 19:04:30,Universidad de Ingeniería y tecnología (UTEC),Femenino,19,Heterosexual,Público,Ingenierías,Si,No,Universidad completa,No,Si,No,No sufrí discriminación,"Laptop, Ipad, celular, otros",Sí,No,Regular,E,5,regular,Costa,15.6,90,0.17,1700,4 (buena),4 (buena),Sí,0.01,
3/05/2023 19:04:39,Universidad de Ingeniería y tecnología (UTEC),Masculino,20,Heterosexual,Privado,Ingenierías,Si,No,Universidad completa,No,Si,Sí,Estatus sociecónomico,"Laptop, celular",Sí,Sí,Mucha,E,5,mucha,Sierra,15.85,15,0.2,2000,5 (muy buena),5 (muy buena),Sí,1,
3/05/2023 19:05:35,Universidad de Ingeniería y tecnología (UTEC),Masculino,21,Homosexual,Público,Ingenierías,No,Sí,Secundaria completa,No,Si,No,No sufrí discriminación,"Laptop, celular",Sí,Sí,Mucha,E,3,mucha,Sierra,10,110,1,700,5 (muy buena),4 (buena),Sí,2,
3/05/2023 19:07:26,Universidad de Ingeniería y tecnología (UTEC),Femenino,18,Bisexual,Privado,Ingenierías,Si,Sí,Universidad completa,No,Si,No,No sufrí discriminación,"Laptop, celular",Sí,Sí,Mucha,D,4,regular,Costa,14.3,70,10,1200,4 (buena),4 (buena),Sí,0.01,
3/05/2023 19:07:54,Universidad de Ingeniería y tecnología (UTEC),Femenino,20,Heterosexual,Público,Ingenierías,Si,Sí,Primaria completa,No,Si,Sí,No sufrí discriminación,"Laptop, celular",Sí,Sí,Mucha,D,4,regular,Sierra,12,10,30,8000,4 (buena),4 (buena),Sí,1.5,
3/05/2023 19:08:19,Universidad de Ingeniería y tecnología (UTEC),Masculino,20,Homosexual,Público,Ingenierías,Si,Sí,Secundaria completa,Sí,Si,No,No sufrí discriminación,"Laptop, celular",Sí,Sí,Regular,C,5,regular,Sierra,17,30,0.1,700,5 (muy buena),5 (muy buena),No,0.1,
3/05/2023 19:08:39,Universidad de Ingeniería y tecnología (UTEC),Masculino,20,Heterosexual,Público,Ingenierías,No,Sí,Técnico,Sí,Si,No,Estatus sociecónomico,"Laptop, celular",Sí,Sí,Regular,D,4,regular,Selva,15,50,0.5,2000,4 (buena),5 (muy buena),Sí,0.5,
3/05/2023 19:09:00,Universidad de Ingeniería y tecnología (UTEC),Masculino,19,Heterosexual,Público,Ingenierías,Si,Sí,Secundaria completa,Sí,Si,No,No sufrí discriminación,"Laptop, celular",Sí,Sí,Regular,E,4,regular,Costa,18.04,25,0.25,90,5 (muy buena),4 (buena),Sí,2,
3/05/2023 19:09:56,Universidad de Ingeniería y tecnología (UTEC),Masculino,19,Heterosexual,Público,Ingenierías,Si,Sí,Universidad completa,Sí,Si,No,No sufrí discriminación,"Laptop, celular",Sí,Sí,Regular,E,5,mucha,Sierra,16,30,0.25,200,4 (buena),4 (buena),Sí,2,
3/05/2023 19:11:54,Universidad de Ingeniería y tecnología (UTEC),Masculino,19,Heterosexual,Público,Ingenierías,Si,Sí,Primaria completa,No,Si,No,No sufrí discriminación,Laptop,Sí,Sí,Regular,C,5,regular,Costa,15.01,30,7,500,3 (regular),4 (buena),Sí,2,
3/05/2023 19:14:05,Universidad de Ingeniería y tecnología (UTEC),Masculino,20,Heterosexual,Público,Ingenierías,Si,Sí,Universidad completa,No,Si,No,No sufrí discriminación,"Laptop, celular",Sí,Sí,Poca,C,3,Poca,Sierra,15,15,15,715,4 (buena),5 (muy buena),Sí,0.5,
3/05/2023 19:15:03,Universidad de Ingeniería y tecnología (UTEC),Masculino,17,Homosexual,Privado,Ingenierías,Si,No,Secundaria completa,No,Si,No,No sufrí discriminación,celular,Sí,Sí,Mucha,E,4,mucha,Costa,20,60,1.5,2600,4 (buena),5 (muy buena),Sí,0.25,
3/05/2023 19:15:58,Universidad de Ingeniería y tecnología (UTEC),Masculino,17,Heterosexual,Privado,Ingenierías,No,No,Secundaria completa,No,No,No,No sufrí discriminación,celular,Sí,Sí,Regular,B,3,Poca,Costa,20,180,0.5,2000,3 (regular),3 (regular),Sí,0.5,
3/05/2023 19:20:45,Universidad de Ingeniería y tecnología (UTEC),Femenino,23,Heterosexual,Público,Ciencias Básicas,Si,Sí,Técnico,No,Si,No,No sufrí discriminación,"Laptop, Ipad, celular, otros",Sí,Sí,Regular,D,5,mucha,Costa,13.4,90,10,1500,4 (buena),5 (muy buena),Sí,0.1,
3/05/2023 19:21:01,Universidad de Ingeniería y tecnología (UTEC),Femenino,19,Heterosexual,Público,Ingenierías,Si,Sí,Secundaria completa,Sí,Si,No,No sufrí discriminación,"Laptop, tablet, celular",Sí,Sí,Mucha,E,4,regular,Costa,15.9,60,0.5,1260,5 (muy buena),3 (regular),Sí,0.5,
3/05/2023 19:22:24,Universidad de Ingeniería y tecnología (UTEC),Femenino,20,Heterosexual,Público,Ingenierías,Si,Sí,Secundaria completa,No,Si,No,No sufrí discriminación,"Laptop, celular",Sí,Sí,Mucha,E,5,regular,Sierra,13,15,1,10.000,4 (buena),4 (buena),Sí,2,
3/05/2023 19:30:57,Universidad de Ingeniería y tecnología (UTEC),Masculino,20,Heterosexual,Privado,Ingenierías,Si,No,Maestría,Sí,Si,No,No sufrí discriminación,"Laptop, celular",Sí,No,Regular,B,4,regular,Costa,15,20,0.5,1400,4 (buena),3 (regular),No,3,
3/05/2023 19:43:02,Universidad de Ingeniería y tecnología (UTEC),Femenino,21,Heterosexual,Público,Ingenierías,Si,Sí,Secundaria completa,Sí,Si,No,No sufrí discriminación,"Laptop, celular",Sí,Sí,Mucha,E,4,mucha,Costa,15.7,60,0.3,600,4 (buena),5 (muy buena),Sí,2.5,
3/05/2023 19:50:12,Universidad de Ingeniería y tecnología (UTEC),Masculino,20,Heterosexual,Público,Ingenierías,Si,Sí,Secundaria completa,No,Si,No,No sufrí discriminación,"Laptop, celular",Sí,Sí,Regular,E,4,mucha,Costa,14.2,15,1,920,4 (buena),4 (buena),Sí,1,
3/05/2023 20:03:45,Universidad de Ingeniería y tecnología (UTEC),Masculino,18,Heterosexual,Público,Ingenierías,Si,No,Maestría,Sí,Si,No,No sufrí discriminación,"Laptop, tablet, celular",Sí,Sí,Regular,E,5,regular,Sierra,13,10,0.5,2000,4 (buena),4 (buena),Sí,0.1,
3/05/2023 21:12:20,Universidad de Ingeniería y tecnología (UTEC),Femenino,19,Bisexual,Privado,Ciencias de la Salud,Si,No,Secundaria completa,No,Si,Sí,Raza/color,Laptop,Sí,Sí,Mucha,C,5,mucha,Sierra,54,20,1,2600,4 (buena),4 (buena),Sí,1,
3/05/2023 21:23:08,Universidad Nacional Mayor de San Marcos (UNMSM),Masculino,19,Heterosexual,Público,Ingenierías,Si,No,Secundaria completa,No,Si,No,No sufrí discriminación,Laptop,No,Sí,Poca,C,5,Poca,Costa,1,40,2,100,4 (buena),4 (buena),No,2,
3/05/2023 21:24:19,Universidad de Ingeniería y tecnología (UTEC),Masculino,20,Heterosexual,Privado,Ciencias Básicas,Si,Sí,Secundaria completa,No,Si,No,No sufrí discriminación,"Laptop, tablet, tarjeta gráfica, celular",Sí,Sí,Regular,B,4,mucha,Costa,15,90,0.5,3000,3 (regular),4 (buena),Sí,0.1,
3/05/2023 23:16:30,Universidad Nacional Mayor de San Marcos (UNMSM),Masculino,19,Heterosexual,Público,Ingenierías,Si,No,Universidad completa,No,Si,No,No sufrí discriminación,"Laptop, tarjeta gráfica, celular, otros",No,Sí,Regular,C,3,regular,Costa,16,120,0.5,400,2 (mala),3 (regular),Sí,0.5,
3/05/2023 23:56:33,Universidad Nacional Mayor de San Marcos (UNMSM),Femenino,19,Heterosexual,Público,Ciencias Económicas y de la Gestión,Si,No,Secundaria completa,No,Si,No,No sufrí discriminación,"Laptop, celular, otros",Sí,Sí,Regular,C,4,regular,Costa,17,60,0.25,150,3 (regular),4 (buena),Sí,2,
4/05/2023 0:10:41,Universidad Nacional Mayor de San Marcos (UNMSM),Femenino,22,Heterosexual,Público,Ciencias Económicas y de la Gestión,Si,No,Primaria completa,Sí,Si,Sí,Raza/color,"Laptop, celular",No,Sí,Regular,C,5,regular,Sierra,16.4,120,10,400,5 (muy buena),5 (muy buena),Sí,2,
4/05/2023 0:17:57,Universidad Nacional Mayor de San Marcos (UNMSM),Masculino,19,Heterosexual,Privado,Ingenierías,Si,No,Técnico,No,Si,No,No sufrí discriminación,Laptop,Sí,Sí,Regular,C,3,regular,Costa,16,70,0.5,50,3 (regular),3 (regular),Sí,0.5,
4/05/2023 0:19:46,Universidad Nacional Mayor de San Marcos (UNMSM),Femenino,22,Heterosexual,Privado,Ingenierías,Si,No,Técnico,No,Si,No,No sufrí discriminación,"Laptop, celular",No,Sí,Mucha,D,3,regular,Costa,15,100,0.3,300,4 (buena),3 (regular),Sí,1,
4/05/2023 1:07:57,Universidad Nacional Mayor de San Marcos (UNMSM),Femenino,19,Heterosexual,Público,Ciencias Económicas y de la Gestión,Si,No,Secundaria completa,No,Si,No,No sufrí discriminación,celular,Sí,Sí,Regular,D,5,regular,Selva,15.1,80,5,200,4 (buena),4 (buena),Sí,1,
4/05/2023 4:16:32,Universidad de Ingeniería y tecnología (UTEC),Femenino,18,Heterosexual,Privado,Humanidades y Ciencias Jurídicas y Sociales,Si,Sí,Maestría,Sí,Si,Sí,Género,"Laptop, celular",Sí,Sí,Mucha,B,4,mucha,Sierra,17,15,0.5,2100,4 (buena),4 (buena),Sí,0.1,
4/05/2023 4:28:42,Universidad Nacional Mayor de San Marcos (UNMSM),Femenino,23,Heterosexual,Público,Ciencias Económicas y de la Gestión,Si,No,Secundaria completa,No,No,No,No sufrí discriminación,"Laptop, celular",No,Sí,Mucha,E,2,mucha,Costa,16,150,0.5,200,3 (regular),3 (regular),No,3,
4/05/2023 5:27:25,Universidad Nacional Mayor de San Marcos (UNMSM),Femenino,24,Heterosexual,Público,Ciencias Básicas,Si,No,Primaria completa,No,No,No,No sufrí discriminación,"Laptop, celular",No,No,Regular,E,4,regular,Costa,11,150,1,10,4 (buena),3 (regular),Sí,3,
4/05/2023 6:52:02,Universidad Nacional Mayor de San Marcos (UNMSM),Masculino,20,Heterosexual,Público,Ciencias Económicas y de la Gestión,No,No,Primaria completa,No,Si,No,Raza/color,Laptop,Sí,Sí,Mucha,E,4,mucha,Sierra,16.6,120,2,500,4 (buena),3 (regular),Sí,0.5,
4/05/2023 7:01:23,Universidad Nacional Mayor de San Marcos (UNMSM),Masculino,18,Heterosexual,Público,Ciencias Económicas y de la Gestión,Si,No,Maestría,No,Si,No,No sufrí discriminación,"Laptop, tarjeta gráfica, celular",Sí,No,Poca,C,3,Poca,Sierra,15,5,0.5,1,2 (mala),3 (regular),Sí,1,
4/05/2023 11:05:37,Universidad de Ingeniería y tecnología (UTEC),Femenino,18,Heterosexual,Público,Ingenierías,Si,Sí,Universidad completa,No,Si,No,No sufrí discriminación,"Laptop, celular",Sí,Sí,Mucha,C,4,mucha,Sierra,13,20,1,2000,4 (buena),4 (buena),Sí,0.5,
4/05/2023 13:12:59,Universidad de Ingeniería y tecnología (UTEC),Femenino,21,Heterosexual,Privado,Ingenierías,No,Sí,Primaria completa,No,Si,No,Otros,"Laptop, celular",Sí,Sí,Mucha,E,4,regular,Sierra,12,90,50,800,4 (buena),3 (regular),Sí,0.2,
4/05/2023 14:12:19,Universidad de Ingeniería y tecnología (UTEC),Femenino,19,Heterosexual,Privado,Ingenierías,Si,Sí,Maestría,Sí,No,Sí,Género,"Laptop, celular",No,No,Regular,D,4,regular,Costa,15.20,30,2,2600,3 (regular),4 (buena),Sí,0.5,
4/05/2023 14:12:25,Universidad Nacional Mayor de San Marcos (UNMSM),Masculino,19,Heterosexual,Privado,Ciencias de la Salud,Si,Sí,Universidad completa,Sí,Si,Sí,No sufrí discriminación,"Laptop, tablet, celular",Sí,Sí,Regular,C,3,regular,Costa,14,5,0.5,2000,5 (muy buena),5 (muy buena),Sí,1,
4/05/2023 14:13:12,Universidad de Ingeniería y tecnología (UTEC),Masculino,20,Heterosexual,Privado,Ingenierías,Si,No,Maestría,No,Si,No,No sufrí discriminación,"Laptop, Ipad, tarjeta gráfica, celular",No,Sí,Regular,C,5,mucha,Costa,17.36,40,0.5,4200,4 (buena),4 (buena),Sí,0.5,
4/05/2023 16:11:11,Universidad de Ingeniería y tecnología (UTEC),Masculino,18,Heterosexual,Privado,Ingenierías,Si,No,Universidad completa,No,Si,No,No sufrí discriminación,"Laptop, tablet, celular",Sí,Sí,Regular,C,4,regular,Costa,16.51,30,0.5,2000,4 (buena),4 (buena),Sí,0.2,
4/05/2023 18:18:56,Universidad Nacional Mayor de San Marcos (UNMSM),Masculino,22,Heterosexual,Público,Ingenierías,Si,Sí,Técnico,No,Si,No,No sufrí discriminación,"Laptop, celular, otros",Sí,Sí,Regular,C,4,regular,Costa,14.6,20,0.5,100,4 (buena),4 (buena),Sí,2,
4/05/2023 18:34:38,Universidad Nacional Mayor de San Marcos (UNMSM),Masculino,21,Heterosexual,Público,Ingenierías,Si,No,Secundaria completa,No,Si,No,"No sufrí discriminación, Otros",tablet,Sí,Sí,Regular,D,5,regular,Costa,15,30,20,100,4 (buena),3 (regular),Sí,0.5,
4/05/2023 18:41:38,Universidad Nacional Mayor de San Marcos (UNMSM),Masculino,23,Heterosexual,Privado,Ingenierías,Si,No,Universidad completa,Sí,Si,No,Otros,"Laptop, celular",No,Sí,Regular,B,4,regular,Costa,15,120,0.5,300,3 (regular),3 (regular),Sí,2,
4/05/2023 18:50:56,Universidad Nacional Mayor de San Marcos (UNMSM),Femenino,20,Heterosexual,Público,Ingenierías,Si,No,Secundaria completa,Sí,No,Sí,Otros,"Laptop, celular",No,No,Regular,C,3,regular,Costa,14,2,0.5 ,500,3 (regular),2 (mala),No,0.5,
4/05/2023 19:17:02,Universidad Nacional Mayor de San Marcos (UNMSM),Masculino,17,Heterosexual,Privado,Ingenierías,Si,No,Secundaria completa,No,Si,No,No sufrí discriminación,"Laptop, celular",Sí,Sí,Mucha,D,4,mucha,Sierra,12,120,1,400,4 (buena),3 (regular),Sí,1,
4/05/2023 19:18:13,Universidad Nacional Mayor de San Marcos (UNMSM),Masculino,18,Heterosexual,Público,Humanidades y Ciencias Jurídicas y Sociales,Si,No,Secundaria completa,No,Si,No,No sufrí discriminación,"Laptop, celular",Sí,Sí,Poca,C,5,Poca,Costa,11,60,1,300,4 (buena),4 (buena),Sí,2,
4/05/2023 19:19:36,Universidad Nacional Mayor de San Marcos (UNMSM),Masculino,22,Heterosexual,Privado,Ingenierías,Si,No,Universidad completa,Sí,No,No,No sufrí discriminación,"Laptop, tablet, celular, otros",Sí,Sí,Regular,D,4,regular,Costa,14,180,1,1,4 (buena),3 (regular),Sí,2,
4/05/2023 19:19:51,Universidad Nacional Mayor de San Marcos (UNMSM),Masculino,24,Heterosexual,Privado,Ciencias Económicas y de la Gestión,Si,No,Secundaria completa,Sí,Si,No,No sufrí discriminación,"Laptop, celular",No,Sí,Regular,C,5,regular,Costa,15,70,0.5,250,5 (muy buena),4 (buena),Sí,1,
4/05/2023 19:24:33,Universidad Nacional Mayor de San Marcos (UNMSM),Masculino,21,Heterosexual,Público,Ingenierías,Si,No,Secundaria completa,No,Si,No,No sufrí discriminación,"Laptop, celular",No,Sí,Mucha,C,4,mucha,Costa,15,150,0.5,300,3 (regular),3 (regular),Sí,3,
4/05/2023 19:30:42,Universidad Nacional Mayor de San Marcos (UNMSM),Masculino,22,Heterosexual,Privado,Ingenierías,No,No,Secundaria completa,No,Si,No,No sufrí discriminación,"celular, otros",No,No,Regular,B,3,mucha,Costa,12,50,1,500,3 (regular),3 (regular),No,0.5,
4/05/2023 19:36:28,Universidad Nacional Mayor de San Marcos (UNMSM),Masculino,23,Heterosexual,Público,Ingenierías,Si,No,Secundaria completa,No,Si,No,No sufrí discriminación,"Laptop, celular",Sí,Sí,Regular,D,3,regular,Costa,14.411,100,0.5,500,4 (buena),3 (regular),Sí,2,
4/05/2023 19:41:20,Universidad Nacional Mayor de San Marcos (UNMSM),Femenino,19,Heterosexual,Privado,Ciencias de la Salud,Si,No,Técnico,No,No,No,No sufrí discriminación,"Laptop, celular",Sí,Sí,Mucha,C,4,mucha,Costa,17,15,30,250,4 (buena),4 (buena),No,1.5,
4/05/2023 19:43:15,Universidad Nacional Mayor de San Marcos (UNMSM),Masculino,24,Bisexual,Privado,Ciencias Económicas y de la Gestión,Si,No,Secundaria completa,No,Si,No,No sufrí discriminación,"Laptop, celular",Sí,Sí,Regular,C,3,Poca,Costa,13,10,0.25,200,3 (regular),2 (mala),No,1.25,
4/05/2023 19:50:48,Universidad Nacional Mayor de San Marcos (UNMSM),Masculino,23,Heterosexual,Público,Humanidades y Ciencias Jurídicas y Sociales,No,No,Secundaria completa,No,Si,No,No sufrí discriminación,Laptop,Sí,Sí,Regular,C,4,regular,Costa,16,30,0.5,50,3 (regular),3 (regular),Sí,1,
4/05/2023 20:41:08,Universidad de Ingeniería y tecnología (UTEC),Masculino,24,Heterosexual,Público,Ingenierías,Si,Sí,Secundaria completa,No,Si,No,No sufrí discriminación,"Laptop, celular",Sí,Sí,Regular,D,4,regular,Costa,13,100,0.5,500,5 (muy buena),4 (buena),Sí,2,
4/05/2023 21:23:42,Universidad Nacional Mayor de San Marcos (UNMSM),Femenino,22,Heterosexual,Público,Educación,Si,No,Técnico,No,Si,Sí,Religión,"Laptop, celular",Sí,Sí,Regular,C,4,regular,Costa,16,120,0.5,120,4 (buena),4 (buena),Sí,1.5,
4/05/2023 21:27:36,Universidad Nacional Mayor de San Marcos (UNMSM),Masculino,21,Bisexual,Privado,Ciencias Económicas y de la Gestión,Si,No,Técnico,Sí,Si,No,No sufrí discriminación,"Laptop, celular",Sí,Sí,Regular,C,4,regular,Costa,15.4,30,0.5,150,4 (buena),4 (buena),Sí,1.5,
4/05/2023 21:31:59,Universidad Nacional Mayor de San Marcos (UNMSM),Femenino,24,Heterosexual,Privado,Ciencias Básicas,Si,Sí,Secundaria completa,Sí,Si,No,No sufrí discriminación,"Laptop, celular, otros",Sí,Sí,Regular,D,5,mucha,Costa,17.4,120,0.25,100,5 (muy buena),4 (buena),Sí,0.5,
4/05/2023 21:37:08,Universidad Nacional Mayor de San Marcos (UNMSM),Masculino,22,Heterosexual,Público,Ingenierías,Si,No,Técnico,No,Si,No,No sufrí discriminación,"Laptop, tablet, celular",Sí,Sí,Mucha,B,4,mucha,Sierra,16.3,30,1.5,220,4 (buena),4 (buena),Sí,1.5,
5/05/2023 0:46:45,Universidad Nacional Mayor de San Marcos (UNMSM),Masculino,22,Heterosexual,Público,Ingenierías,Si,Sí,Técnico,No,Si,No,No sufrí discriminación,"Laptop, tarjeta gráfica, celular",Sí,Sí,Regular,C,5,regular,Costa,14.6,120,0.5,920,4 (buena),3 (regular),Sí,2,
5/05/2023 6:07:47,Universidad Nacional Mayor de San Marcos (UNMSM),Femenino,20,Homosexual,Público,Ciencias de la Salud,Si,No,Universidad completa,No,No,No,No sufrí discriminación,"Laptop, tablet, tarjeta gráfica, celular",Sí,Sí,Regular,B,3,mucha,Costa,16,50,0.5,400,3 (regular),3 (regular),Sí,1.5,
5/05/2023 7:33:14,Universidad Nacional Mayor de San Marcos (UNMSM),Masculino,25,Heterosexual,Privado,Ingenierías,Si,No,Primaria completa,No,Si,No,No sufrí discriminación,"Laptop, celular",Sí,No,Regular,C,5,Poca,Costa,12,0.5,0.5,1000,4 (buena),4 (buena),Sí,3,
5/05/2023 7:37:53,Universidad Nacional Mayor de San Marcos (UNMSM),Femenino,24,Heterosexual,Privado,Humanidades y Ciencias Jurídicas y Sociales,Si,No,Secundaria completa,Sí,Si,Sí,Estatus sociecónomico,"Laptop, celular",Sí,Sí,Regular,C,5,regular,Costa,16,150,0.25,400,4 (buena),4 (buena),Sí,2,
5/05/2023 7:43:48,Universidad Nacional Mayor de San Marcos (UNMSM),Femenino,23,Heterosexual,Privado,Ingenierías,Si,No,Secundaria completa,No,Si,No,No sufrí discriminación,celular,Sí,Sí,Regular,D,5,regular,Costa,15,150,1,400,3 (regular),3 (regular),No,2,
5/05/2023 7:44:52,Universidad Nacional Mayor de San Marcos (UNMSM),Masculino,17,Heterosexual,Público,Ciencias Económicas y de la Gestión,Si,No,Secundaria completa,Sí,Si,No,No sufrí discriminación,Laptop,Sí,Sí,Regular,D,4,mucha,Costa,17,160,8,600,3 (regular),4 (buena),No,0.5,
5/05/2023 7:45:20,Universidad Nacional Mayor de San Marcos (UNMSM),Masculino,20,Heterosexual,Público,Humanidades y Ciencias Jurídicas y Sociales,Si,No,Secundaria completa,No,Si,No,No sufrí discriminación,celular,No,No,Regular,C,4,regular,Costa,15,120,0.5,200,4 (buena),3 (regular),Sí,1.5,
5/05/2023 7:47:25,Universidad Nacional Mayor de San Marcos (UNMSM),Femenino,23,Heterosexual,Privado,Humanidades y Ciencias Jurídicas y Sociales,No,No,Técnico,No,No,No,Otros,"Laptop, celular",No,Sí,Mucha,C,4,mucha,Costa,15,20,60,50,4 (buena),3 (regular),Sí,0.5,
5/05/2023 7:49:29,Universidad Nacional Mayor de San Marcos (UNMSM),Femenino,21,Heterosexual,Privado,Ingenierías,No,No,Técnico,Sí,No,Sí,"Género, Estatus sociecónomico, Otros","Laptop, tablet, celular, otros",Sí,Sí,Regular,B,4,Poca,Costa,16.005,5,80,50,3 (regular),3 (regular),Sí,0.2,
5/05/2023 7:51:28,Universidad Nacional Mayor de San Marcos (UNMSM),Masculino,17,Heterosexual,Público,Ciencias Básicas,Si,No,Técnico,No,Si,No,Otros,"Laptop, celular",No,Sí,Poca,D,3,regular,Costa,14,180,1.5,900,3 (regular),3 (regular),Sí,1,
5/05/2023 7:51:48,Universidad Nacional Mayor de San Marcos (UNMSM),Masculino,18,Bisexual,Privado,Ciencias Básicas,Si,No,Secundaria completa,No,Si,No,No sufrí discriminación,celular,No,Sí,Poca,C,5,regular,Costa,17,5,0.25,300,4 (buena),4 (buena),Sí,1,
5/05/2023 7:52:29,Universidad Nacional Mayor de San Marcos (UNMSM),Femenino,18,Heterosexual,Público,Educación,Si,No,Secundaria completa,No,No,No,No sufrí discriminación,"Laptop, celular",Sí,Sí,Regular,D,5,regular,Costa,17,40,0.5,80,4 (buena),4 (buena),Sí,0.25,
5/05/2023 7:55:09,Universidad Nacional Mayor de San Marcos (UNMSM),Femenino,18,Heterosexual,Privado,Ciencias Básicas,Si,No,Maestría,No,Si,No,No sufrí discriminación,"Laptop, celular",Sí,Sí,Poca,C,5,regular,Costa,15,6,2,600,5 (muy buena),4 (buena),Sí,1,
5/05/2023 7:59:47,Universidad Nacional Mayor de San Marcos (UNMSM),Femenino,18,Heterosexual,Privado,Ingenierías,Si,Sí,Primaria completa,No,Si,No,No sufrí discriminación,"Laptop, celular",No,Sí,Regular,C,5,regular,Costa,14.9,120,2,300,4 (buena),3 (regular),Sí,0.5,
5/05/2023 8:03:31,Universidad Nacional Mayor de San Marcos (UNMSM),Femenino,26,Heterosexual,Público,Ciencias Económicas y de la Gestión,Si,No,Secundaria completa,No,Si,No,No sufrí discriminación,Laptop,No,Sí,Poca,D,4,regular,Costa,17.5,10,24,50,4 (buena),4 (buena),Sí,4,
5/05/2023 8:04:10,Universidad Nacional Mayor de San Marcos (UNMSM),Masculino,19,Heterosexual,Público,Ciencias Económicas y de la Gestión,Si,No,Secundaria completa,No,Si,No,No sufrí discriminación,celular,Sí,Sí,Poca,C,4,regular,Costa,18,90,1,250,4 (buena),3 (regular),Sí,3,
5/05/2023 8:04:12,Universidad Nacional Mayor de San Marcos (UNMSM),Masculino,18,Heterosexual,Privado,Ciencias Económicas y de la Gestión,Si,No,Secundaria completa,No,Si,No,No sufrí discriminación,"Laptop, celular, otros",Sí,Sí,Poca,C,4,regular,Costa,16,60,1,60,3 (regular),3 (regular),Sí,1,
5/05/2023 8:07:50,Universidad Nacional Mayor de San Marcos (UNMSM),Masculino,18,Heterosexual,Privado,Ciencias Económicas y de la Gestión,Si,No,Universidad completa,Sí,No,No,No sufrí discriminación,"Laptop, Ipad, celular",Sí,Sí,Mucha,B,3,mucha,Costa,16.458,70,0.5,500,3 (regular),3 (regular),Sí,1,
5/05/2023 8:09:52,Universidad Nacional Mayor de San Marcos (UNMSM),Femenino,21,Heterosexual,Privado,Ingenierías,Si,No,Técnico,Sí,Si,No,No sufrí discriminación,"Laptop, celular",No,No,Regular,D,5,regular,Sierra,14.78,10,0.5,500,4 (buena),4 (buena),Sí,0.5,
5/05/2023 8:12:46,Universidad Nacional Mayor de San Marcos (UNMSM),Masculino,21,Heterosexual,Público,Ciencias Básicas,Si,No,Universidad completa,Sí,Si,No,No sufrí discriminación,"Laptop, Ipad, celular, otros",Sí,Sí,Regular,C,5,regular,Sierra,15.79,3,166.666.667,500,5 (muy buena),5 (muy buena),Sí,1,
5/05/2023 8:19:27,Universidad Nacional Mayor de San Marcos (UNMSM),Masculino,18,Heterosexual,Privado,Ciencias Básicas,Si,No,Primaria completa,Sí,Si,No,No sufrí discriminación,celular,No,Sí,Regular,E,3,regular,Costa,1,80,2,600,4 (buena),4 (buena),Sí,1,
5/05/2023 8:19:33,Universidad Nacional Mayor de San Marcos (UNMSM),Masculino,17,Heterosexual,Privado,Ciencias Básicas,Si,No,Técnico,No,Si,No,No sufrí discriminación,"tablet, celular",Sí,Sí,Regular,D,4,regular,Costa,15,90,2,360,4 (buena),3 (regular),No,0.2,
5/05/2023 8:21:09,Universidad Nacional Mayor de San Marcos (UNMSM),Femenino,18,Heterosexual,Público,Ingenierías,Si,No,Secundaria completa,No,Si,No,No sufrí discriminación,"Laptop, celular",Sí,Sí,Poca,C,4,regular,Costa,17.2,6,5,400,4 (buena),4 (buena),Sí,0.25,
5/05/2023 8:26:09,Universidad Nacional Mayor de San Marcos (UNMSM),Masculino,24,Heterosexual,Privado,Ciencias Básicas,Si,No,Secundaria completa,No,Si,No,No sufrí discriminación,Laptop,Sí,Sí,Regular,B,4,regular,Costa,13.5,169,0.5,50,4 (buena),4 (buena),Sí,1,
5/05/2023 8:27:22,Universidad Nacional Mayor de San Marcos (UNMSM),Masculino,25,Heterosexual,Privado,Ingenierías,Si,No,Técnico,No,Si,No,No sufrí discriminación,"Laptop, celular, otros",Sí,No,Regular,C,4,regular,Costa,13,120,1,300,4 (buena),4 (buena),Sí,2,
5/05/2023 8:27:57,Universidad Nacional Mayor de San Marcos (UNMSM),Femenino,20,Heterosexual,Público,Ciencias Básicas,Si,No,Universidad completa,No,Si,No,No sufrí discriminación,celular,No,Sí,Regular,C,4,regular,Costa,10,120,1000,10,4 (buena),3 (regular),Sí,2,
5/05/2023 8:29:56,Universidad Nacional Mayor de San Marcos (UNMSM),Masculino,20,Heterosexual,Público,Ingenierías,Si,No,Universidad completa,No,Si,No,No sufrí discriminación,"Laptop, celular",Sí,Sí,Mucha,D,4,mucha,Costa,14.3,130,833.333.333,230,3 (regular),4 (buena),Sí,2.0,
5/05/2023 8:30:49,Universidad Nacional Mayor de San Marcos (UNMSM),Masculino,21,Heterosexual,Público,Humanidades y Ciencias Jurídicas y Sociales,Si,No,Universidad completa,No,Si,No,No sufrí discriminación,"Laptop, tarjeta gráfica, celular",No,Sí,Regular,C,5,regular,Costa,16,10,1,200,5 (muy buena),5 (muy buena),Sí,0.5,
5/05/2023 8:32:36,Universidad Nacional Mayor de San Marcos (UNMSM),Masculino,21,Heterosexual,Público,Ingenierías,Si,Sí,Secundaria completa,No,Si,No,Raza/color,Laptop,Sí,Sí,Poca,E,3,Poca,Costa,15,10,10,200,4 (buena),4 (buena),Sí,1.5 ,
5/05/2023 8:36:02,Universidad Nacional Mayor de San Marcos (UNMSM),Femenino,21,Heterosexual,Privado,Ciencias Básicas,Si,No,Universidad completa,No,Si,No,No sufrí discriminación,"Laptop, celular",Sí,No,Regular,C,4,regular,Costa,16.125,90,3,1,5 (muy buena),4 (buena),Sí,1.5,
5/05/2023 8:39:28,Universidad Nacional Mayor de San Marcos (UNMSM),Femenino,18,Heterosexual,Público,Ciencias Económicas y de la Gestión,Si,No,Técnico,No,Si,No,No sufrí discriminación,celular,No,Sí,Poca,C,3,regular,Costa,15,120,48,100,3 (regular),5 (muy buena),Sí,0.5,
5/05/2023 8:49:51,Universidad Nacional Mayor de San Marcos (UNMSM),Masculino,24,Heterosexual,Privado,Ciencias Básicas,Si,No,Primaria completa,No,No,No,No sufrí discriminación,"Laptop, tablet, celular",Sí,No,Mucha,C,4,regular,Sierra,15.67,120,0.5,300,4 (buena),5 (muy buena),Sí,2,
5/05/2023 8:50:07,Universidad Nacional Mayor de San Marcos (UNMSM),Femenino,17,Heterosexual,Privado,Ciencias Económicas y de la Gestión,Si,No,Técnico,No,Si,No,No sufrí discriminación,"Laptop, celular",No,Sí,Regular,C,5,regular,Costa,18,60,1.5,300,4 (buena),4 (buena),Sí,0.5,
5/05/2023 8:51:23,Universidad Nacional Mayor de San Marcos (UNMSM),Masculino,25,Bisexual,Privado,Educación,Si,No,Universidad completa,No,Si,Sí,Otros,"Laptop, celular, otros",Sí,Sí,Poca,B,4,regular,Costa,16.5,60,0.3,300,4 (buena),3 (regular),Sí,0.3,
5/05/2023 8:54:51,Universidad Nacional Mayor de San Marcos (UNMSM),Masculino,19,Heterosexual,Público,Ingenierías,Si,No,Técnico,No,Si,No,No sufrí discriminación,"Laptop, tarjeta gráfica, celular",No,Sí,Regular,C,4,regular,Costa,16.41,60,0.5,320,4 (buena),2 (mala),Sí,1,
5/05/2023 8:55:54,Universidad Nacional Mayor de San Marcos (UNMSM),Femenino,22,Heterosexual,Privado,Humanidades y Ciencias Jurídicas y Sociales,Si,No,Técnico,Sí,No,Sí,"Estatus sociecónomico, Otros","Laptop, celular",No,No,Regular,B,5,mucha,Costa,16,25,1,50,3 (regular),4 (buena),Sí,1,
5/05/2023 8:59:26,Universidad Nacional Mayor de San Marcos (UNMSM),Masculino,23,Heterosexual,Privado,Educación,Si,No,Universidad completa,No,Si,No,Otros,"tablet, celular",No,Sí,Poca,C,4,regular,Costa,18,60,0.5,300,3 (regular),4 (buena),Sí,0.1,
5/05/2023 9:07:09,Universidad Nacional Mayor de San Marcos (UNMSM),Masculino,21,Heterosexual,Privado,Educación,Si,No,Maestría,No,Si,No,No sufrí discriminación,"Laptop, tablet, celular",No,Sí,Poca,C,5,regular,Costa,16,40,0.25,150.00,5 (muy buena),4 (buena),No,2,
5/05/2023 9:19:56,Universidad Nacional Mayor de San Marcos (UNMSM),Masculino,23,Heterosexual,Público,Ciencias de la Salud,Si,No,Técnico,No,Si,No,No sufrí discriminación,"Laptop, celular",Sí,Sí,Regular,C,4,regular,Sierra,15.3,30,0.5,260,4 (buena),4 (buena),Sí,1,
5/05/2023 9:32:46,Universidad Nacional Mayor de San Marcos (UNMSM),Masculino,17,Heterosexual,Privado,Ciencias Económicas y de la Gestión,Si,No,Secundaria completa,No,Si,No,No sufrí discriminación,celular,No,No,Regular,D,4,regular,Costa,13,15,2,400,4 (buena),3 (regular),Sí,0.25,
5/05/2023 9:33:45,Universidad Nacional Mayor de San Marcos (UNMSM),Femenino,26,Heterosexual,Privado,Humanidades y Ciencias Jurídicas y Sociales,Si,No,Técnico,No,No,No,No sufrí discriminación,"Laptop, celular, otros",No,No,Mucha,C,5,mucha,Costa,17.1,30,2,500,4 (buena),4 (buena),Sí,2,
5/05/2023 10:03:42,Universidad Nacional Mayor de San Marcos (UNMSM),Femenino,19,Heterosexual,Privado,Humanidades y Ciencias Jurídicas y Sociales,No,Sí,Secundaria completa,Sí,Si,Sí,No sufrí discriminación,Laptop,No,Sí,Regular,C,4,regular,Costa,16,10,0.3,600,3 (regular),3 (regular),No,1,
5/05/2023 10:10:33,Universidad Nacional Mayor de San Marcos (UNMSM),Femenino,23,Heterosexual,Privado,Ciencias Económicas y de la Gestión,Si,No,Técnico,No,Si,No,No sufrí discriminación,"Laptop, celular",Sí,Sí,Regular,C,3,regular,Costa,16.4,120,0.5,80,3 (regular),4 (buena),Sí,3,
5/05/2023 10:41:08,Universidad Nacional Mayor de San Marcos (UNMSM),Femenino,23,Heterosexual,Privado,Educación,Si,No,Secundaria completa,No,Si,Sí,Estatus sociecónomico,celular,Sí,Sí,Regular,E,4,regular,Costa,16,120,1,120,4 (buena),4 (buena),Sí,0.5,
5/05/2023 11:30:04,Universidad Nacional Mayor de San Marcos (UNMSM),Femenino,19,Heterosexual,Privado,Ingenierías,Si,No,Secundaria completa,No,Si,No,No sufrí discriminación,"Laptop, celular",Sí,Sí,Regular,C,5,Poca,Costa,16,90,1,120,4 (buena),4 (buena),Sí,2,
5/05/2023 12:39:07,Universidad Nacional Mayor de San Marcos (UNMSM),Masculino,23,Heterosexual,Público,Ingenierías,Si,Sí,Técnico,Sí,Si,No,No sufrí discriminación,"Laptop, celular",No,Sí,Regular,C,4,regular,Costa,16,3,0.5 ,500,3 (regular),3 (regular),Sí,0.5,
5/05/2023 12:43:26,Universidad Nacional Mayor de San Marcos (UNMSM),Masculino,23,Heterosexual,Privado,Ingenierías,No,No,Secundaria completa,No,Si,No,No sufrí discriminación,"Laptop, celular",No,Sí,Regular,D,5,regular,Costa,14.1,120,1,100,3 (regular),3 (regular),Sí,2,
5/05/2023 13:42:44,Universidad Nacional Mayor de San Marcos (UNMSM),Masculino,22,Heterosexual,Público,Ingenierías,Si,No,Universidad completa,Sí,Si,No,No sufrí discriminación,"Laptop, tablet, celular, otros",Sí,Sí,Regular,B,4,regular,Costa,15,30,0.5,250,4 (buena),4 (buena),Sí,1.5,
5/05/2023 13:45:12,Universidad Nacional Mayor de San Marcos (UNMSM),Femenino,21,Bisexual,Público,Educación,Si,No,Técnico,No,Si,Sí,Raza/color,"Laptop, celular",Sí,Sí,Regular,C,3,regular,Selva,16.3,180,1.5,150,4 (buena),4 (buena),Sí,1,
5/05/2023 13:50:15,Universidad Nacional Mayor de San Marcos (UNMSM),Femenino,24,Bisexual,Privado,Ciencias Básicas,Si,No,Técnico,No,Si,Sí,Otros,"tablet, celular",Sí,Sí,Regular,C,4,regular,Costa,14.6,180,1.5,150,3 (regular),4 (buena),Sí,1,
5/05/2023 14:45:43,Universidad Nacional Mayor de San Marcos (UNMSM),Masculino,26,Homosexual,Público,Artes,No,No,Secundaria completa,Sí,No,Sí,"Género, Raza/color, Estatus sociecónomico, Religión","Laptop, celular",No,Sí,Regular,E,5,mucha,Selva,13,90,1.5,250,2 (mala),3 (regular),Sí,1.5,
5/05/2023 14:59:20,Universidad Nacional Mayor de San Marcos (UNMSM),Masculino,22,Heterosexual,Privado,Ingenierías,Si,No,Secundaria completa,No,Si,No,No sufrí discriminación,"Laptop, celular",Sí,Sí,Regular,C,4,regular,Selva,13.1,120,0.5,50,4 (buena),4 (buena),No,2,
5/05/2023 15:03:59,Universidad Nacional Mayor de San Marcos (UNMSM),Masculino,19,Heterosexual,Público,Ingenierías,Si,No,Secundaria completa,No,Si,Sí,Otros,"Laptop, celular",Sí,Sí,Regular,C,4,mucha,Sierra,15,180,168,400,4 (buena),4 (buena),Sí,1,
5/05/2023 15:07:50,Universidad Nacional Mayor de San Marcos (UNMSM),Masculino,23,Heterosexual,Público,Ingenierías,Si,No,Secundaria completa,No,Si,No,No sufrí discriminación,"Laptop, celular",Sí,Sí,Mucha,C,4,mucha,Costa,14,120,24,120,3 (regular),3 (regular),Sí,2,
5/05/2023 15:11:21,Universidad Nacional Mayor de San Marcos (UNMSM),Femenino,19,Heterosexual,Público,Educación,Si,No,Secundaria completa,No,No,No,No sufrí discriminación,"Laptop, celular",Sí,Sí,Regular,C,4,regular,Costa,17,90,0.25,100,4 (buena),4 (buena),Sí,1,