Año,Mes,Periodo,Infraestructura,Aeropuerto,Tipo de Pasajero,Nro Pasajeros
2019,Enero,201901,AAP,Arequipa,NACIONAL,"134,472"
2019,Enero,201901,AAP,Ayacucho,NACIONAL,"18,570"
2019,Enero,201901,AAP,Juliaca,INTERNACIONAL,12
2019,Enero,201901,AAP,Juliaca,NACIONAL,"35,696"
2019,Enero,201901,AAP,Puerto Maldonado,NACIONAL,"22,916"
2019,Enero,201901,AAP,Tacna,NACIONAL,"36,957"
2019,Enero,201901,ADP,Cajamarca,NACIONAL,"23,353"
2019,Enero,201901,ADP,Chachapoyas,NACIONAL,"2,048"
2019,Enero,201901,ADP,Chiclayo,INTERNACIONAL,"1,439"
2019,Enero,201901,ADP,Chiclayo,NACIONAL,"46,198"
2019,Enero,201901,ADP,Huaraz-Anta,NACIONAL,58
2019,Enero,201901,ADP,Iquitos,INTERNACIONAL,11
2019,Enero,201901,ADP,Iquitos,NACIONAL,"110,099"
2019,Enero,201901,ADP,Pisco,INTERNACIONAL,40
2019,Enero,201901,ADP,Pisco,NACIONAL,"3,219"
2019,Enero,201901,ADP,Piura,INTERNACIONAL,53
2019,Enero,201901,ADP,Piura,NACIONAL,"88,756"
2019,Enero,201901,ADP,Pucallpa,NACIONAL,"58,196"
2019,Enero,201901,ADP,Talara,INTERNACIONAL,6
2019,Enero,201901,ADP,Talara,NACIONAL,"36,004"
2019,Enero,201901,ADP,Tarapoto,INTERNACIONAL,8
2019,Enero,201901,ADP,Tarapoto,NACIONAL,"73,011"
2019,Enero,201901,ADP,Trujillo,INTERNACIONAL,18
2019,Enero,201901,ADP,Trujillo,NACIONAL,"53,365"
2019,Enero,201901,ADP,Tumbes,INTERNACIONAL,41
2019,Enero,201901,ADP,Tumbes,NACIONAL,"21,235"
2019,Enero,201901,COR,Andahuaylas,NACIONAL,36
2019,Enero,201901,COR,Atalaya,NACIONAL,"2,002"
2019,Enero,201901,COR,Cusco,INTERNACIONAL,"11,555"
2019,Enero,201901,COR,Cusco,NACIONAL,"276,727"
2019,Enero,201901,COR,Huánuco,NACIONAL,"2,264"
2019,Enero,201901,COR,Jaén,NACIONAL,"26,252"
2019,Enero,201901,COR,Jauja,NACIONAL,"14,724"
2019,Enero,201901,COR,Mazamari,NACIONAL,8
2019,Enero,201901,COR,Nazca,NACIONAL,"15,141"
2019,Enero,201901,COR,Tingo María,NACIONAL,"2,184"
2019,Enero,201901,COR,Tocache,NACIONAL,29
2019,Enero,201901,COR,Yurimaguas,NACIONAL,"1,474"
2019,Enero,201901,LAP,Lima,INTERNACIONAL,"702,772"
2019,Enero,201901,LAP,Lima,NACIONAL,"1,011,189"
2019,Enero,201901,LAP,Lima,TRANSFERENCIA Y TRANSITO,"197,349"
2019,Febrero,201902,AAP,Arequipa,INTERNACIONAL,136
2019,Febrero,201902,AAP,Arequipa,NACIONAL,"134,809"
2019,Febrero,201902,AAP,Ayacucho,NACIONAL,"19,584"
2019,Febrero,201902,AAP,Juliaca,INTERNACIONAL,2
2019,Febrero,201902,AAP,Juliaca,NACIONAL,"37,366"
2019,Febrero,201902,AAP,Puerto Maldonado,NACIONAL,"22,173"
2019,Febrero,201902,AAP,Tacna,INTERNACIONAL,2
2019,Febrero,201902,AAP,Tacna,NACIONAL,"33,133"
2019,Febrero,201902,ADP,Cajamarca,NACIONAL,"21,345"
2019,Febrero,201902,ADP,Chachapoyas,NACIONAL,"1,703"
2019,Febrero,201902,ADP,Chiclayo,INTERNACIONAL,"1,307"
2019,Febrero,201902,ADP,Chiclayo,NACIONAL,"45,995"
2019,Febrero,201902,ADP,Huaraz-Anta,NACIONAL,61
2019,Febrero,201902,ADP,Iquitos,INTERNACIONAL,17
2019,Febrero,201902,ADP,Iquitos,NACIONAL,"98,938"
2019,Febrero,201902,ADP,Pisco,INTERNACIONAL,30
2019,Febrero,201902,ADP,Pisco,NACIONAL,"4,415"
2019,Febrero,201902,ADP,Piura,INTERNACIONAL,28
2019,Febrero,201902,ADP,Piura,NACIONAL,"80,730"
2019,Febrero,201902,ADP,Pucallpa,INTERNACIONAL,4
2019,Febrero,201902,ADP,Pucallpa,NACIONAL,"55,414"
2019,Febrero,201902,ADP,Talara,INTERNACIONAL,3
2019,Febrero,201902,ADP,Talara,NACIONAL,"32,464"
2019,Febrero,201902,ADP,Tarapoto,NACIONAL,"69,455"
2019,Febrero,201902,ADP,Trujillo,INTERNACIONAL,12
2019,Febrero,201902,ADP,Trujillo,NACIONAL,"50,870"
2019,Febrero,201902,ADP,Tumbes,INTERNACIONAL,43
2019,Febrero,201902,ADP,Tumbes,NACIONAL,"20,528"
2019,Febrero,201902,COR,Andahuaylas,NACIONAL,8
2019,Febrero,201902,COR,Atalaya,NACIONAL,"1,863"
2019,Febrero,201902,COR,Cusco,INTERNACIONAL,"9,881"
2019,Febrero,201902,COR,Cusco,NACIONAL,"253,878"
2019,Febrero,201902,COR,Huánuco,NACIONAL,"2,965"
2019,Febrero,201902,COR,Ilo,NACIONAL,"1,328"
2019,Febrero,201902,COR,Jaén,NACIONAL,"23,564"
2019,Febrero,201902,COR,Jauja,NACIONAL,"16,161"
2019,Febrero,201902,COR,Mazamari,NACIONAL,8
2019,Febrero,201902,COR,Nazca,NACIONAL,"11,413"
2019,Febrero,201902,COR,Rioja,NACIONAL,11
2019,Febrero,201902,COR,Tingo María,NACIONAL,"2,140"
2019,Febrero,201902,COR,Tocache,NACIONAL,109
2019,Febrero,201902,COR,Yurimaguas,NACIONAL,"1,216"
2019,Febrero,201902,LAP,Lima,INTERNACIONAL,"647,640"
2019,Febrero,201902,LAP,Lima,NACIONAL,"961,141"
2019,Febrero,201902,LAP,Lima,TRANSFERENCIA Y TRANSITO,"175,803"
2019,Marzo,201903,AAP,Arequipa,INTERNACIONAL,92
2019,Marzo,201903,AAP,Arequipa,NACIONAL,"141,471"
2019,Marzo,201903,AAP,Ayacucho,NACIONAL,"21,406"
2019,Marzo,201903,AAP,Juliaca,NACIONAL,"36,687"
2019,Marzo,201903,AAP,Puerto Maldonado,NACIONAL,"24,064"
2019,Marzo,201903,AAP,Tacna,INTERNACIONAL,1
2019,Marzo,201903,AAP,Tacna,NACIONAL,"33,782"
2019,Marzo,201903,ADP,Cajamarca,NACIONAL,"25,065"
2019,Marzo,201903,ADP,Chachapoyas,NACIONAL,"1,493"
2019,Marzo,201903,ADP,Chiclayo,INTERNACIONAL,"1,203"
2019,Marzo,201903,ADP,Chiclayo,NACIONAL,"49,584"
2019,Marzo,201903,ADP,Huaraz-Anta,NACIONAL,48
2019,Marzo,201903,ADP,Iquitos,INTERNACIONAL,24
2019,Marzo,201903,ADP,Iquitos,NACIONAL,"100,148"
2019,Marzo,201903,ADP,Pisco,INTERNACIONAL,58
2019,Marzo,201903,ADP,Pisco,NACIONAL,"5,574"
2019,Marzo,201903,ADP,Piura,INTERNACIONAL,19
2019,Marzo,201903,ADP,Piura,NACIONAL,"76,774"
2019,Marzo,201903,ADP,Pucallpa,NACIONAL,"58,787"
2019,Marzo,201903,ADP,Talara,INTERNACIONAL,6
2019,Marzo,201903,ADP,Talara,NACIONAL,"28,255"
2019,Marzo,201903,ADP,Tarapoto,NACIONAL,"67,980"
2019,Marzo,201903,ADP,Trujillo,INTERNACIONAL,11
2019,Marzo,201903,ADP,Trujillo,NACIONAL,"51,784"
2019,Marzo,201903,ADP,Tumbes,INTERNACIONAL,36
2019,Marzo,201903,ADP,Tumbes,NACIONAL,"21,378"
2019,Marzo,201903,COR,Andahuaylas,NACIONAL,4
2019,Marzo,201903,COR,Atalaya,NACIONAL,"2,174"
2019,Marzo,201903,COR,Cusco,INTERNACIONAL,"10,894"
2019,Marzo,201903,COR,Cusco,NACIONAL,"270,770"
2019,Marzo,201903,COR,Huánuco,NACIONAL,"3,709"
2019,Marzo,201903,COR,Ilo,NACIONAL,"2,138"
2019,Marzo,201903,COR,Jaén,NACIONAL,"22,780"
2019,Marzo,201903,COR,Jauja,NACIONAL,"19,463"
2019,Marzo,201903,COR,Mazamari,NACIONAL,6
2019,Marzo,201903,COR,Nazca,NACIONAL,"12,148"
2019,Marzo,201903,COR,Tingo María,NACIONAL,"1,968"
2019,Marzo,201903,COR,Tocache,NACIONAL,59
2019,Marzo,201903,COR,Yurimaguas,NACIONAL,"1,503"
2019,Marzo,201903,LAP,Lima,INTERNACIONAL,"687,584"
2019,Marzo,201903,LAP,Lima,NACIONAL,"979,025"
2019,Marzo,201903,LAP,Lima,TRANSFERENCIA Y TRANSITO,"178,657"
2019,Abril,201904,AAP,Arequipa,INTERNACIONAL,"1,083"
2019,Abril,201904,AAP,Arequipa,NACIONAL,"158,033"
2019,Abril,201904,AAP,Ayacucho,NACIONAL,"20,771"
2019,Abril,201904,AAP,Juliaca,NACIONAL,"34,488"
2019,Abril,201904,AAP,Puerto Maldonado,INTERNACIONAL,37
2019,Abril,201904,AAP,Puerto Maldonado,NACIONAL,"26,077"
2019,Abril,201904,AAP,Tacna,INTERNACIONAL,2
2019,Abril,201904,AAP,Tacna,NACIONAL,"34,668"
2019,Abril,201904,ADP,Cajamarca,NACIONAL,"31,496"
2019,Abril,201904,ADP,Chachapoyas,NACIONAL,"1,323"
2019,Abril,201904,ADP,Chiclayo,INTERNACIONAL,"1,028"
2019,Abril,201904,ADP,Chiclayo,NACIONAL,"50,085"
2019,Abril,201904,ADP,Huaraz-Anta,NACIONAL,60
2019,Abril,201904,ADP,Iquitos,INTERNACIONAL,2
2019,Abril,201904,ADP,Iquitos,NACIONAL,"92,195"
2019,Abril,201904,ADP,Pisco,INTERNACIONAL,42
2019,Abril,201904,ADP,Pisco,NACIONAL,"4,661"
2019,Abril,201904,ADP,Piura,INTERNACIONAL,28
2019,Abril,201904,ADP,Piura,NACIONAL,"82,603"
2019,Abril,201904,ADP,Pucallpa,NACIONAL,"53,468"
2019,Abril,201904,ADP,Talara,NACIONAL,"23,718"
2019,Abril,201904,ADP,Tarapoto,INTERNACIONAL,12
2019,Abril,201904,ADP,Tarapoto,NACIONAL,"69,050"
2019,Abril,201904,ADP,Trujillo,INTERNACIONAL,2
2019,Abril,201904,ADP,Trujillo,NACIONAL,"44,470"
2019,Abril,201904,ADP,Tumbes,INTERNACIONAL,21
2019,Abril,201904,ADP,Tumbes,NACIONAL,"17,884"
2019,Abril,201904,COR,Atalaya,NACIONAL,"2,031"
2019,Abril,201904,COR,Cusco,INTERNACIONAL,"10,494"
2019,Abril,201904,COR,Cusco,NACIONAL,"302,413"
2019,Abril,201904,COR,Huánuco,NACIONAL,"3,178"
2019,Abril,201904,COR,Ilo,NACIONAL,"3,341"
2019,Abril,201904,COR,Jaén,NACIONAL,"21,976"
2019,Abril,201904,COR,Jauja,NACIONAL,"18,850"
2019,Abril,201904,COR,Nazca,NACIONAL,"17,962"
2019,Abril,201904,COR,Rioja,NACIONAL,12
2019,Abril,201904,COR,Tingo María,NACIONAL,"1,478"
2019,Abril,201904,COR,Tocache,NACIONAL,97
2019,Abril,201904,COR,Yurimaguas,NACIONAL,"1,384"
2019,Abril,201904,LAP,Lima,INTERNACIONAL,"683,564"
2019,Abril,201904,LAP,Lima,NACIONAL,"1,004,724"
2019,Abril,201904,LAP,Lima,TRANSFERENCIA Y TRANSITO,"148,858"
2019,Mayo,201905,AAP,Arequipa,INTERNACIONAL,"1,640"
2019,Mayo,201905,AAP,Arequipa,NACIONAL,"179,930"
2019,Mayo,201905,AAP,Ayacucho,NACIONAL,"21,980"
2019,Mayo,201905,AAP,Juliaca,NACIONAL,"38,788"
2019,Mayo,201905,AAP,Puerto Maldonado,NACIONAL,"27,506"
2019,Mayo,201905,AAP,Tacna,INTERNACIONAL,2
2019,Mayo,201905,AAP,Tacna,NACIONAL,"41,181"
2019,Mayo,201905,ADP,Cajamarca,NACIONAL,"42,166"
2019,Mayo,201905,ADP,Chachapoyas,NACIONAL,"1,529"
2019,Mayo,201905,ADP,Chiclayo,INTERNACIONAL,"1,172"
2019,Mayo,201905,ADP,Chiclayo,NACIONAL,"59,314"
2019,Mayo,201905,ADP,Huaraz-Anta,INTERNACIONAL,2
2019,Mayo,201905,ADP,Huaraz-Anta,NACIONAL,34
2019,Mayo,201905,ADP,Iquitos,INTERNACIONAL,17
2019,Mayo,201905,ADP,Iquitos,NACIONAL,"90,386"
2019,Mayo,201905,ADP,Pisco,INTERNACIONAL,6
2019,Mayo,201905,ADP,Pisco,NACIONAL,"4,922"
2019,Mayo,201905,ADP,Piura,INTERNACIONAL,38
2019,Mayo,201905,ADP,Piura,NACIONAL,"95,611"
2019,Mayo,201905,ADP,Pucallpa,NACIONAL,"56,225"
2019,Mayo,201905,ADP,Talara,NACIONAL,"24,224"
2019,Mayo,201905,ADP,Tarapoto,NACIONAL,"77,277"
2019,Mayo,201905,ADP,Trujillo,INTERNACIONAL,1
2019,Mayo,201905,ADP,Trujillo,NACIONAL,"57,193"
2019,Mayo,201905,ADP,Tumbes,INTERNACIONAL,43
2019,Mayo,201905,ADP,Tumbes,NACIONAL,"17,844"
2019,Mayo,201905,COR,Andahuaylas,NACIONAL,8
2019,Mayo,201905,COR,Atalaya,NACIONAL,"1,809"
2019,Mayo,201905,COR,Cusco,INTERNACIONAL,"10,394"
2019,Mayo,201905,COR,Cusco,NACIONAL,"331,644"
2019,Mayo,201905,COR,Huánuco,NACIONAL,"3,384"
2019,Mayo,201905,COR,Ilo,NACIONAL,"3,461"
2019,Mayo,201905,COR,Jaén,NACIONAL,"25,594"
2019,Mayo,201905,COR,Jauja,NACIONAL,"21,558"
2019,Mayo,201905,COR,Nazca,NACIONAL,"15,568"
2019,Mayo,201905,COR,Rioja,NACIONAL,6
2019,Mayo,201905,COR,Tingo María,NACIONAL,"1,507"
2019,Mayo,201905,COR,Tocache,NACIONAL,96
2019,Mayo,201905,COR,Yurimaguas,NACIONAL,"1,507"
2019,Mayo,201905,LAP,Lima,INTERNACIONAL,"732,900"
2019,Mayo,201905,LAP,Lima,NACIONAL,"1,133,050"
2019,Mayo,201905,LAP,Lima,TRANSFERENCIA Y TRANSITO,"156,225"
2019,Junio,201906,AAP,Arequipa,INTERNACIONAL,"1,858"
2019,Junio,201906,AAP,Arequipa,NACIONAL,"164,620"
2019,Junio,201906,AAP,Ayacucho,NACIONAL,"20,897"
2019,Junio,201906,AAP,Juliaca,INTERNACIONAL,5
2019,Junio,201906,AAP,Juliaca,NACIONAL,"35,859"
2019,Junio,201906,AAP,Puerto Maldonado,INTERNACIONAL,14
2019,Junio,201906,AAP,Puerto Maldonado,NACIONAL,"26,097"
2019,Junio,201906,AAP,Tacna,INTERNACIONAL,3
2019,Junio,201906,AAP,Tacna,NACIONAL,"42,380"
2019,Junio,201906,ADP,Cajamarca,NACIONAL,"43,376"
2019,Junio,201906,ADP,Chachapoyas,NACIONAL,"1,875"
2019,Junio,201906,ADP,Chiclayo,INTERNACIONAL,999
2019,Junio,201906,ADP,Chiclayo,NACIONAL,"60,699"
2019,Junio,201906,ADP,Huaraz-Anta,NACIONAL,51
2019,Junio,201906,ADP,Iquitos,INTERNACIONAL,4
2019,Junio,201906,ADP,Iquitos,NACIONAL,"90,423"
2019,Junio,201906,ADP,Pisco,INTERNACIONAL,29
2019,Junio,201906,ADP,Pisco,NACIONAL,"4,365"
2019,Junio,201906,ADP,Piura,INTERNACIONAL,22
2019,Junio,201906,ADP,Piura,NACIONAL,"90,007"
2019,Junio,201906,ADP,Pucallpa,NACIONAL,"58,700"
2019,Junio,201906,ADP,Talara,INTERNACIONAL,2
2019,Junio,201906,ADP,Talara,NACIONAL,"22,387"
2019,Junio,201906,ADP,Tarapoto,NACIONAL,"79,275"
2019,Junio,201906,ADP,Trujillo,INTERNACIONAL,32
2019,Junio,201906,ADP,Trujillo,NACIONAL,"52,525"
2019,Junio,201906,ADP,Tumbes,INTERNACIONAL,22
2019,Junio,201906,ADP,Tumbes,NACIONAL,"16,533"
2019,Junio,201906,COR,Atalaya,NACIONAL,"2,063"
2019,Junio,201906,COR,Cusco,INTERNACIONAL,"10,097"
2019,Junio,201906,COR,Cusco,NACIONAL,"313,270"
2019,Junio,201906,COR,Huánuco,NACIONAL,"3,963"
2019,Junio,201906,COR,Ilo,NACIONAL,"2,527"
2019,Junio,201906,COR,Jaén,NACIONAL,"21,315"
2019,Junio,201906,COR,Jauja,NACIONAL,"19,654"
2019,Junio,201906,COR,Mazamari,NACIONAL,10
2019,Junio,201906,COR,Nazca,NACIONAL,"13,959"
2019,Junio,201906,COR,Rioja,NACIONAL,51
2019,Junio,201906,COR,Rodríguez de Mendoza,NACIONAL,14
2019,Junio,201906,COR,Tingo María,NACIONAL,"1,873"
2019,Junio,201906,COR,Tocache,NACIONAL,85
2019,Junio,201906,COR,Yurimaguas,NACIONAL,"1,525"
2019,Junio,201906,LAP,Lima,INTERNACIONAL,"688,433"
2019,Junio,201906,LAP,Lima,NACIONAL,"1,079,265"
2019,Junio,201906,LAP,Lima,TRANSFERENCIA Y TRANSITO,"147,893"
2019,Julio,201907,AAP,Arequipa,INTERNACIONAL,"2,266"
2019,Julio,201907,AAP,Arequipa,NACIONAL,"182,574"
2019,Julio,201907,AAP,Ayacucho,NACIONAL,"23,029"
2019,Julio,201907,AAP,Juliaca,NACIONAL,"39,495"
2019,Julio,201907,AAP,Puerto Maldonado,NACIONAL,"30,744"
2019,Julio,201907,AAP,Tacna,INTERNACIONAL,7
2019,Julio,201907,AAP,Tacna,NACIONAL,"43,650"
2019,Julio,201907,ADP,Cajamarca,NACIONAL,"46,513"
2019,Julio,201907,ADP,Chachapoyas,NACIONAL,"2,782"
2019,Julio,201907,ADP,Chiclayo,INTERNACIONAL,"1,523"
2019,Julio,201907,ADP,Chiclayo,NACIONAL,"61,367"
2019,Julio,201907,ADP,Huaraz-Anta,NACIONAL,109
2019,Julio,201907,ADP,Iquitos,INTERNACIONAL,7
2019,Julio,201907,ADP,Iquitos,NACIONAL,"105,193"
2019,Julio,201907,ADP,Pisco,INTERNACIONAL,34
2019,Julio,201907,ADP,Pisco,NACIONAL,"6,305"
2019,Julio,201907,ADP,Piura,INTERNACIONAL,72
2019,Julio,201907,ADP,Piura,NACIONAL,"104,125"
2019,Julio,201907,ADP,Pucallpa,NACIONAL,"63,919"
2019,Julio,201907,ADP,Talara,NACIONAL,"27,417"
2019,Julio,201907,ADP,Tarapoto,NACIONAL,"83,763"
2019,Julio,201907,ADP,Trujillo,INTERNACIONAL,63
2019,Julio,201907,ADP,Trujillo,NACIONAL,"56,487"
2019,Julio,201907,ADP,Tumbes,INTERNACIONAL,31
2019,Julio,201907,ADP,Tumbes,NACIONAL,"21,791"
2019,Julio,201907,COR,Atalaya,NACIONAL,"2,070"
2019,Julio,201907,COR,Cusco,INTERNACIONAL,"15,556"
2019,Julio,201907,COR,Cusco,NACIONAL,"365,755"
2019,Julio,201907,COR,Huánuco,NACIONAL,"4,953"
2019,Julio,201907,COR,Ilo,NACIONAL,"4,233"
2019,Julio,201907,COR,Jaén,NACIONAL,"23,356"
2019,Julio,201907,COR,Jauja,NACIONAL,"21,096"
2019,Julio,201907,COR,Nazca,NACIONAL,"21,328"
2019,Julio,201907,COR,Tingo María,NACIONAL,"2,459"
2019,Julio,201907,COR,Tocache,NACIONAL,44
2019,Julio,201907,COR,Yurimaguas,NACIONAL,"1,330"
2019,Julio,201907,LAP,Lima,INTERNACIONAL,"782,879"
2019,Julio,201907,LAP,Lima,NACIONAL,"1,194,076"
2019,Julio,201907,LAP,Lima,TRANSFERENCIA Y TRANSITO,"150,176"
2019,Agosto,201908,AAP,Arequipa,INTERNACIONAL,"2,002"
2019,Agosto,201908,AAP,Arequipa,NACIONAL,"198,937"
2019,Agosto,201908,AAP,Ayacucho,NACIONAL,"29,879"
2019,Agosto,201908,AAP,Juliaca,INTERNACIONAL,4
2019,Agosto,201908,AAP,Juliaca,NACIONAL,"44,575"
2019,Agosto,201908,AAP,Puerto Maldonado,NACIONAL,"33,606"
2019,Agosto,201908,AAP,Tacna,NACIONAL,"48,521"
2019,Agosto,201908,ADP,Cajamarca,NACIONAL,"51,326"
2019,Agosto,201908,ADP,Chachapoyas,NACIONAL,"2,615"
2019,Agosto,201908,ADP,Chiclayo,INTERNACIONAL,"1,297"
2019,Agosto,201908,ADP,Chiclayo,NACIONAL,"64,771"
2019,Agosto,201908,ADP,Huaraz-Anta,NACIONAL,67
2019,Agosto,201908,ADP,Iquitos,INTERNACIONAL,22
2019,Agosto,201908,ADP,Iquitos,NACIONAL,"120,207"
2019,Agosto,201908,ADP,Pisco,INTERNACIONAL,14
2019,Agosto,201908,ADP,Pisco,NACIONAL,"6,519"
2019,Agosto,201908,ADP,Piura,INTERNACIONAL,62
2019,Agosto,201908,ADP,Piura,NACIONAL,"117,812"
2019,Agosto,201908,ADP,Pucallpa,NACIONAL,"73,081"
2019,Agosto,201908,ADP,Talara,NACIONAL,"26,250"
2019,Agosto,201908,ADP,Tarapoto,NACIONAL,"87,092"
2019,Agosto,201908,ADP,Trujillo,INTERNACIONAL,28
2019,Agosto,201908,ADP,Trujillo,NACIONAL,"58,089"
2019,Agosto,201908,ADP,Tumbes,INTERNACIONAL,8
2019,Agosto,201908,ADP,Tumbes,NACIONAL,"24,699"
2019,Agosto,201908,COR,Andahuaylas,NACIONAL,20
2019,Agosto,201908,COR,Atalaya,NACIONAL,"2,256"
2019,Agosto,201908,COR,Cusco,INTERNACIONAL,"14,516"
2019,Agosto,201908,COR,Cusco,NACIONAL,"374,189"
2019,Agosto,201908,COR,Huánuco,NACIONAL,"5,401"
2019,Agosto,201908,COR,Ilo,NACIONAL,"4,019"
2019,Agosto,201908,COR,Jaén,NACIONAL,"25,598"
2019,Agosto,201908,COR,Jauja,NACIONAL,"20,512"
2019,Agosto,201908,COR,Nazca,NACIONAL,"22,370"
2019,Agosto,201908,COR,Rioja,NACIONAL,15
2019,Agosto,201908,COR,Tingo María,NACIONAL,"2,280"
2019,Agosto,201908,COR,Tocache,NACIONAL,78
2019,Agosto,201908,COR,Yurimaguas,NACIONAL,"1,894"
2019,Agosto,201908,LAP,Lima,INTERNACIONAL,"795,860"
2019,Agosto,201908,LAP,Lima,NACIONAL,"1,277,444"
2019,Agosto,201908,LAP,Lima,TRANSFERENCIA Y TRANSITO,"129,194"
2019,Setiembre,201909,AAP,Arequipa,INTERNACIONAL,"2,159"
2019,Setiembre,201909,AAP,Arequipa,NACIONAL,"189,076"
2019,Setiembre,201909,AAP,Ayacucho,NACIONAL,"26,708"
2019,Setiembre,201909,AAP,Juliaca,NACIONAL,"40,503"
2019,Setiembre,201909,AAP,Puerto Maldonado,NACIONAL,"30,777"
2019,Setiembre,201909,AAP,Tacna,NACIONAL,"42,452"
2019,Setiembre,201909,ADP,Cajamarca,NACIONAL,"47,051"
2019,Setiembre,201909,ADP,Chachapoyas,NACIONAL,"2,130"
2019,Setiembre,201909,ADP,Chiclayo,INTERNACIONAL,"1,054"
2019,Setiembre,201909,ADP,Chiclayo,NACIONAL,"58,571"
2019,Setiembre,201909,ADP,Huaraz-Anta,NACIONAL,20
2019,Setiembre,201909,ADP,Iquitos,INTERNACIONAL,4
2019,Setiembre,201909,ADP,Iquitos,NACIONAL,"100,643"
2019,Setiembre,201909,ADP,Pisco,INTERNACIONAL,8
2019,Setiembre,201909,ADP,Pisco,NACIONAL,"6,985"
2019,Setiembre,201909,ADP,Piura,INTERNACIONAL,60
2019,Setiembre,201909,ADP,Piura,NACIONAL,"106,611"
2019,Setiembre,201909,ADP,Pucallpa,INTERNACIONAL,6
2019,Setiembre,201909,ADP,Pucallpa,NACIONAL,"62,308"
2019,Setiembre,201909,ADP,Talara,INTERNACIONAL,8
2019,Setiembre,201909,ADP,Talara,NACIONAL,"20,811"
2019,Setiembre,201909,ADP,Tarapoto,NACIONAL,"82,539"
2019,Setiembre,201909,ADP,Trujillo,INTERNACIONAL,16
2019,Setiembre,201909,ADP,Trujillo,NACIONAL,"52,243"
2019,Setiembre,201909,ADP,Tumbes,INTERNACIONAL,12
2019,Setiembre,201909,ADP,Tumbes,NACIONAL,"21,244"
2019,Setiembre,201909,COR,Atalaya,NACIONAL,"1,948"
2019,Setiembre,201909,COR,Chimbote,INTERNACIONAL,"12,313"
2019,Setiembre,201909,COR,Chimbote,NACIONAL,"336,218"
2019,Setiembre,201909,COR,Huánuco,NACIONAL,"4,731"
2019,Setiembre,201909,COR,Ilo,NACIONAL,"2,716"
2019,Setiembre,201909,COR,Jaén,NACIONAL,"22,159"
2019,Setiembre,201909,COR,Jauja,NACIONAL,"19,726"
2019,Setiembre,201909,COR,Nazca,NACIONAL,"18,452"
2019,Setiembre,201909,COR,Rioja,NACIONAL,8
2019,Setiembre,201909,COR,Tingo María,NACIONAL,"2,054"
2019,Setiembre,201909,COR,Tocache,NACIONAL,48
2019,Setiembre,201909,COR,Yurimaguas,NACIONAL,"1,578"
2019,Setiembre,201909,LAP,Lima,INTERNACIONAL,"700,110"
2019,Setiembre,201909,LAP,Lima,NACIONAL,"1,167,610"
2019,Setiembre,201909,LAP,Lima,TRANSFERENCIA Y TRANSITO,"134,616"
2019,Octubre,201910,AAP,Arequipa,INTERNACIONAL,"1,750"
2019,Octubre,201910,AAP,Arequipa,NACIONAL,"165,970"
2019,Octubre,201910,AAP,Ayacucho,NACIONAL,"26,199"
2019,Octubre,201910,AAP,Juliaca,NACIONAL,"42,880"
2019,Octubre,201910,AAP,Puerto Maldonado,NACIONAL,"33,381"
2019,Octubre,201910,AAP,Tacna,INTERNACIONAL,2
2019,Octubre,201910,AAP,Tacna,NACIONAL,"38,463"
2019,Octubre,201910,ADP,Cajamarca,NACIONAL,"49,010"
2019,Octubre,201910,ADP,Chachapoyas,NACIONAL,"2,235"
2019,Octubre,201910,ADP,Chiclayo,INTERNACIONAL,"1,310"
2019,Octubre,201910,ADP,Chiclayo,NACIONAL,"60,344"
2019,Octubre,201910,ADP,Huaraz-Anta,INTERNACIONAL,10
2019,Octubre,201910,ADP,Huaraz-Anta,NACIONAL,31
2019,Octubre,201910,ADP,Iquitos,INTERNACIONAL,16
2019,Octubre,201910,ADP,Iquitos,NACIONAL,"100,949"
2019,Octubre,201910,ADP,Pisco,INTERNACIONAL,19
2019,Octubre,201910,ADP,Pisco,NACIONAL,"6,931"
2019,Octubre,201910,ADP,Piura,INTERNACIONAL,4
2019,Octubre,201910,ADP,Piura,NACIONAL,"101,308"
2019,Octubre,201910,ADP,Pucallpa,NACIONAL,"59,893"
2019,Octubre,201910,ADP,Talara,NACIONAL,"22,034"
2019,Octubre,201910,ADP,Tarapoto,NACIONAL,"80,339"
2019,Octubre,201910,ADP,Trujillo,INTERNACIONAL,4
2019,Octubre,201910,ADP,Trujillo,NACIONAL,"56,357"
2019,Octubre,201910,ADP,Tumbes,INTERNACIONAL,20
2019,Octubre,201910,ADP,Tumbes,NACIONAL,"23,386"
2019,Octubre,201910,COR,Atalaya,NACIONAL,"2,076"
2019,Octubre,201910,COR,Chimbote,INTERNACIONAL,"13,278"
2019,Octubre,201910,COR,Chimbote,NACIONAL,"335,384"
2019,Octubre,201910,COR,Huánuco,NACIONAL,"4,501"
2019,Octubre,201910,COR,Ilo,NACIONAL,"2,815"
2019,Octubre,201910,COR,Jaén,NACIONAL,"23,162"
2019,Octubre,201910,COR,Jauja,NACIONAL,"16,526"
2019,Octubre,201910,COR,Mazamari,NACIONAL,16
2019,Octubre,201910,COR,Nazca,NACIONAL,"18,614"
2019,Octubre,201910,COR,Rioja,NACIONAL,30
2019,Octubre,201910,COR,Tingo María,NACIONAL,"2,388"
2019,Octubre,201910,COR,Tocache,NACIONAL,61
2019,Octubre,201910,COR,Yurimaguas,NACIONAL,"1,450"
2019,Octubre,201910,LAP,Lima,INTERNACIONAL,"758,215"
2019,Octubre,201910,LAP,Lima,NACIONAL,"1,132,500"
2019,Octubre,201910,LAP,Lima,TRANSFERENCIA Y TRANSITO,"120,023"
2019,Noviembre,201911,AAP,Arequipa,INTERNACIONAL,"2,312"
2019,Noviembre,201911,AAP,Arequipa,NACIONAL,"165,664"
2019,Noviembre,201911,AAP,Ayacucho,NACIONAL,"27,663"
2019,Noviembre,201911,AAP,Juliaca,INTERNACIONAL,24
2019,Noviembre,201911,AAP,Juliaca,NACIONAL,"41,677"
2019,Noviembre,201911,AAP,Puerto Maldonado,INTERNACIONAL,8
2019,Noviembre,201911,AAP,Puerto Maldonado,NACIONAL,"30,183"
2019,Noviembre,201911,AAP,Tacna,NACIONAL,"44,918"
2019,Noviembre,201911,ADP,Cajamarca,NACIONAL,"47,713"
2019,Noviembre,201911,ADP,Chachapoyas,NACIONAL,"1,299"
2019,Noviembre,201911,ADP,Chiclayo,INTERNACIONAL,"1,084"
2019,Noviembre,201911,ADP,Chiclayo,NACIONAL,"58,552"
2019,Noviembre,201911,ADP,Huaraz-Anta,NACIONAL,52
2019,Noviembre,201911,ADP,Iquitos,INTERNACIONAL,167
2019,Noviembre,201911,ADP,Iquitos,NACIONAL,"90,431"
2019,Noviembre,201911,ADP,Pisco,INTERNACIONAL,87
2019,Noviembre,201911,ADP,Pisco,NACIONAL,"5,561"
2019,Noviembre,201911,ADP,Piura,INTERNACIONAL,34
2019,Noviembre,201911,ADP,Piura,NACIONAL,"102,197"
2019,Noviembre,201911,ADP,Pucallpa,NACIONAL,"61,829"
2019,Noviembre,201911,ADP,Talara,INTERNACIONAL,15
2019,Noviembre,201911,ADP,Talara,NACIONAL,"24,345"
2019,Noviembre,201911,ADP,Tarapoto,NACIONAL,"74,785"
2019,Noviembre,201911,ADP,Trujillo,NACIONAL,"60,990"
2019,Noviembre,201911,ADP,Tumbes,INTERNACIONAL,145
2019,Noviembre,201911,ADP,Tumbes,NACIONAL,"26,437"
2019,Noviembre,201911,COR,Andahuaylas,NACIONAL,10
2019,Noviembre,201911,COR,Atalaya,NACIONAL,"1,911"
2019,Noviembre,201911,COR,Cusco,INTERNACIONAL,"13,024"
2019,Noviembre,201911,COR,Cusco,NACIONAL,"306,028"
2019,Noviembre,201911,COR,Huánuco,NACIONAL,"4,385"
2019,Noviembre,201911,COR,Ilo,NACIONAL,"3,092"
2019,Noviembre,201911,COR,Jaén,NACIONAL,"22,352"
2019,Noviembre,201911,COR,Jauja,NACIONAL,"18,478"
2019,Noviembre,201911,COR,Mazamari,NACIONAL,3
2019,Noviembre,201911,COR,Nazca,NACIONAL,"15,674"
2019,Noviembre,201911,COR,Rioja,NACIONAL,8
2019,Noviembre,201911,COR,Tingo María,NACIONAL,"2,195"
2019,Noviembre,201911,COR,Tocache,NACIONAL,39
2019,Noviembre,201911,COR,Yurimaguas,NACIONAL,"1,328"
2019,Noviembre,201911,LAP,Lima,INTERNACIONAL,"713,312"
2019,Noviembre,201911,LAP,Lima,NACIONAL,"1,120,784"
2019,Noviembre,201911,LAP,Lima,TRANSFERENCIA Y TRANSITO,"124,598"
2019,Diciembre,201912,AAP,Arequipa,INTERNACIONAL,"2,323"
2019,Diciembre,201912,AAP,Arequipa,NACIONAL,"169,604"
2019,Diciembre,201912,AAP,Ayacucho,NACIONAL,"30,350"
2019,Diciembre,201912,AAP,Juliaca,INTERNACIONAL,503
2019,Diciembre,201912,AAP,Juliaca,NACIONAL,"38,652"
2019,Diciembre,201912,AAP,Puerto Maldonado,INTERNACIONAL,5
2019,Diciembre,201912,AAP,Puerto Maldonado,NACIONAL,"29,202"
2019,Diciembre,201912,AAP,Tacna,NACIONAL,"44,893"
2019,Diciembre,201912,ADP,Cajamarca,NACIONAL,"43,843"
2019,Diciembre,201912,ADP,Chachapoyas,NACIONAL,861
2019,Diciembre,201912,ADP,Chiclayo,INTERNACIONAL,"1,333"
2019,Diciembre,201912,ADP,Chiclayo,NACIONAL,"60,899"
2019,Diciembre,201912,ADP,Huaraz-Anta,NACIONAL,45
2019,Diciembre,201912,ADP,Iquitos,NACIONAL,"95,973"
2019,Diciembre,201912,ADP,Pisco,INTERNACIONAL,14
2019,Diciembre,201912,ADP,Pisco,NACIONAL,"3,701"
2019,Diciembre,201912,ADP,Piura,INTERNACIONAL,63
2019,Diciembre,201912,ADP,Piura,NACIONAL,"102,761"
2019,Diciembre,201912,ADP,Pucallpa,INTERNACIONAL,10
2019,Diciembre,201912,ADP,Pucallpa,NACIONAL,"73,653"
2019,Diciembre,201912,ADP,Talara,INTERNACIONAL,19
2019,Diciembre,201912,ADP,Talara,NACIONAL,"30,643"
2019,Diciembre,201912,ADP,Tarapoto,INTERNACIONAL,275
2019,Diciembre,201912,ADP,Tarapoto,NACIONAL,"79,359"
2019,Diciembre,201912,ADP,Trujillo,INTERNACIONAL,"3,203"
2019,Diciembre,201912,ADP,Trujillo,NACIONAL,"59,872"
2019,Diciembre,201912,ADP,Tumbes,INTERNACIONAL,26
2019,Diciembre,201912,ADP,Tumbes,NACIONAL,"28,387"
2019,Diciembre,201912,COR,Atalaya,NACIONAL,"2,099"
2019,Diciembre,201912,COR,Cusco,INTERNACIONAL,"13,575"
2019,Diciembre,201912,COR,Cusco,NACIONAL,"294,316"
2019,Diciembre,201912,COR,Huánuco,NACIONAL,"4,682"
2019,Diciembre,201912,COR,Ilo,NACIONAL,"2,952"
2019,Diciembre,201912,COR,Jaén,NACIONAL,"25,564"
2019,Diciembre,201912,COR,Jauja,NACIONAL,"21,675"
2019,Diciembre,201912,COR,Mazamari,NACIONAL,6
2019,Diciembre,201912,COR,Nazca,NACIONAL,"12,370"
2019,Diciembre,201912,COR,Tingo María,NACIONAL,"1,842"
2019,Diciembre,201912,COR,Tocache,NACIONAL,8
2019,Diciembre,201912,COR,Yurimaguas,NACIONAL,"1,591"
2019,Diciembre,201912,LAP,Lima,INTERNACIONAL,"704,018"
2019,Diciembre,201912,LAP,Lima,NACIONAL,"1,161,192"
2019,Diciembre,201912,LAP,Lima,TRANSFERENCIA Y TRANSITO,"139,467"
2020,Enero,202001,AAP,Arequipa,INTERNACIONAL,"2,492"
2020,Enero,202001,AAP,Arequipa,NACIONAL,"171,709"
2020,Enero,202001,AAP,Ayacucho,NACIONAL,"29,144"
2020,Enero,202001,AAP,Juliaca,NACIONAL,"41,675"
2020,Enero,202001,AAP,Puerto Maldonado,NACIONAL,"28,312"
2020,Enero,202001,AAP,Tacna,NACIONAL,"44,958"
2020,Enero,202001,ADP,Cajamarca,NACIONAL,"49,294"
2020,Enero,202001,ADP,Chachapoyas,NACIONAL,354
2020,Enero,202001,ADP,Chiclayo,INTERNACIONAL,"1,391"
2020,Enero,202001,ADP,Chiclayo,NACIONAL,"62,640"
2020,Enero,202001,ADP,Huaraz-Anta,NACIONAL,30
2020,Enero,202001,ADP,Iquitos,INTERNACIONAL,64
2020,Enero,202001,ADP,Iquitos,NACIONAL,"102,288"
2020,Enero,202001,ADP,Pisco,INTERNACIONAL,33
2020,Enero,202001,ADP,Pisco,NACIONAL,"3,508"
2020,Enero,202001,ADP,Piura,INTERNACIONAL,25
2020,Enero,202001,ADP,Piura,NACIONAL,"97,740"
2020,Enero,202001,ADP,Pucallpa,NACIONAL,"63,221"
2020,Enero,202001,ADP,Talara,INTERNACIONAL,27
2020,Enero,202001,ADP,Talara,NACIONAL,"37,851"
2020,Enero,202001,ADP,Tarapoto,NACIONAL,"82,954"
2020,Enero,202001,ADP,Trujillo,INTERNACIONAL,"4,544"
2020,Enero,202001,ADP,Trujillo,NACIONAL,"54,005"
2020,Enero,202001,ADP,Tumbes,INTERNACIONAL,24
2020,Enero,202001,ADP,Tumbes,NACIONAL,"33,666"
2020,Enero,202001,COR,Atalaya,NACIONAL,"1,810"
2020,Enero,202001,COR,Cusco,INTERNACIONAL,"15,954"
2020,Enero,202001,COR,Cusco,NACIONAL,"310,620"
2020,Enero,202001,COR,Huánuco,NACIONAL,"4,761"
2020,Enero,202001,COR,Ilo,NACIONAL,"3,490"
2020,Enero,202001,COR,Jaén,NACIONAL,"25,575"
2020,Enero,202001,COR,Jauja,NACIONAL,"21,214"
2020,Enero,202001,COR,Mazamari,NACIONAL,8
2020,Enero,202001,COR,Nazca,NACIONAL,"13,843"
2020,Enero,202001,COR,Rioja,NACIONAL,30
2020,Enero,202001,COR,Tingo María,NACIONAL,"1,669"
2020,Enero,202001,COR,Tocache,NACIONAL,23
2020,Enero,202001,COR,Yurimaguas,NACIONAL,"1,631"
2020,Enero,202001,LAP,Lima,INTERNACIONAL,"714,644"
2020,Enero,202001,LAP,Lima,NACIONAL,"1,175,568"
2020,Enero,202001,LAP,Lima,TRANSFERENCIA Y TRANSITO,"163,914"
2020,Febrero,202002,AAP,Arequipa,INTERNACIONAL,"1,730"
2020,Febrero,202002,AAP,Arequipa,NACIONAL,"157,649"
2020,Febrero,202002,AAP,Ayacucho,NACIONAL,"29,147"
2020,Febrero,202002,AAP,Juliaca,INTERNACIONAL,11
2020,Febrero,202002,AAP,Juliaca,NACIONAL,"47,474"
2020,Febrero,202002,AAP,Puerto Maldonado,NACIONAL,"28,635"
2020,Febrero,202002,AAP,Tacna,NACIONAL,"42,700"
2020,Febrero,202002,ADP,Cajamarca,NACIONAL,"51,403"
2020,Febrero,202002,ADP,Chachapoyas,NACIONAL,615
2020,Febrero,202002,ADP,Chiclayo,INTERNACIONAL,"1,296"
2020,Febrero,202002,ADP,Chiclayo,NACIONAL,"61,653"
2020,Febrero,202002,ADP,Huaraz-Anta,NACIONAL,28
2020,Febrero,202002,ADP,Iquitos,INTERNACIONAL,8
2020,Febrero,202002,ADP,Iquitos,NACIONAL,"99,979"
2020,Febrero,202002,ADP,Pisco,INTERNACIONAL,20
2020,Febrero,202002,ADP,Pisco,NACIONAL,"4,325"
2020,Febrero,202002,ADP,Piura,INTERNACIONAL,30
2020,Febrero,202002,ADP,Piura,NACIONAL,"102,577"
2020,Febrero,202002,ADP,Pucallpa,INTERNACIONAL,156
2020,Febrero,202002,ADP,Pucallpa,NACIONAL,"63,271"
2020,Febrero,202002,ADP,Talara,INTERNACIONAL,18
2020,Febrero,202002,ADP,Talara,NACIONAL,"38,155"
2020,Febrero,202002,ADP,Tarapoto,NACIONAL,"89,979"
2020,Febrero,202002,ADP,Trujillo,INTERNACIONAL,"5,413"
2020,Febrero,202002,ADP,Trujillo,NACIONAL,"59,161"
2020,Febrero,202002,ADP,Tumbes,INTERNACIONAL,18
2020,Febrero,202002,ADP,Tumbes,NACIONAL,"34,711"
2020,Febrero,202002,COR,Andahuaylas,NACIONAL,27
2020,Febrero,202002,COR,Atalaya,NACIONAL,"1,841"
2020,Febrero,202002,COR,Cusco,INTERNACIONAL,"15,045"
2020,Febrero,202002,COR,Cusco,NACIONAL,"293,289"
2020,Febrero,202002,COR,Huánuco,NACIONAL,"5,387"
2020,Febrero,202002,COR,Ilo,NACIONAL,"3,325"
2020,Febrero,202002,COR,Jaén,NACIONAL,"24,879"
2020,Febrero,202002,COR,Jauja,NACIONAL,"22,819"
2020,Febrero,202002,COR,Mazamari,NACIONAL,15
2020,Febrero,202002,COR,Nazca,NACIONAL,"12,373"
2020,Febrero,202002,COR,Tingo María,NACIONAL,891
2020,Febrero,202002,COR,Tocache,NACIONAL,22
2020,Febrero,202002,COR,Yurimaguas,NACIONAL,"1,546"
2020,Febrero,202002,LAP,Lima,INTERNACIONAL,"680,921"
2020,Febrero,202002,LAP,Lima,NACIONAL,"1,174,660"
2020,Febrero,202002,LAP,Lima,TRANSFERENCIA Y TRANSITO,"141,033"
2020,Marzo,202003,AAP,Arequipa,INTERNACIONAL,"1,425"
2020,Marzo,202003,AAP,Arequipa,NACIONAL,"80,302"
2020,Marzo,202003,AAP,Ayacucho,NACIONAL,"15,177"
2020,Marzo,202003,AAP,Juliaca,INTERNACIONAL,130
2020,Marzo,202003,AAP,Juliaca,NACIONAL,"26,393"
2020,Marzo,202003,AAP,Puerto Maldonado,NACIONAL,"15,359"
2020,Marzo,202003,AAP,Tacna,INTERNACIONAL,5
2020,Marzo,202003,AAP,Tacna,NACIONAL,"22,190"
2020,Marzo,202003,ADP,Cajamarca,NACIONAL,"23,481"
2020,Marzo,202003,ADP,Chachapoyas,NACIONAL,773
2020,Marzo,202003,ADP,Chiclayo,INTERNACIONAL,548
2020,Marzo,202003,ADP,Chiclayo,NACIONAL,"30,037"
2020,Marzo,202003,ADP,Iquitos,INTERNACIONAL,106
2020,Marzo,202003,ADP,Iquitos,NACIONAL,"52,230"
2020,Marzo,202003,ADP,Pisco,NACIONAL,"1,422"
2020,Marzo,202003,ADP,Piura,INTERNACIONAL,24
2020,Marzo,202003,ADP,Piura,NACIONAL,"51,684"
2020,Marzo,202003,ADP,Pucallpa,NACIONAL,"37,345"
2020,Marzo,202003,ADP,Talara,NACIONAL,"14,757"
2020,Marzo,202003,ADP,Tarapoto,INTERNACIONAL,6
2020,Marzo,202003,ADP,Tarapoto,NACIONAL,"42,764"
2020,Marzo,202003,ADP,Trujillo,INTERNACIONAL,"1,559"
2020,Marzo,202003,ADP,Trujillo,NACIONAL,"28,760"
2020,Marzo,202003,ADP,Tumbes,NACIONAL,"18,413"
2020,Marzo,202003,COR,Andahuaylas,NACIONAL,56
2020,Marzo,202003,COR,Atalaya,NACIONAL,"1,070"
2020,Marzo,202003,COR,Cusco,INTERNACIONAL,"7,328"
2020,Marzo,202003,COR,Cusco,NACIONAL,"149,317"
2020,Marzo,202003,COR,Huánuco,NACIONAL,"2,621"
2020,Marzo,202003,COR,Ilo,NACIONAL,"1,649"
2020,Marzo,202003,COR,Jaén,NACIONAL,"12,915"
2020,Marzo,202003,COR,Jauja,NACIONAL,"9,880"
2020,Marzo,202003,COR,Nazca,NACIONAL,"5,202"
2020,Marzo,202003,COR,Rodríguez de Mendoza,NACIONAL,430
2020,Marzo,202003,COR,Tingo María,NACIONAL,492
2020,Marzo,202003,COR,Tocache,NACIONAL,7
2020,Marzo,202003,COR,Yurimaguas,NACIONAL,989
2020,Marzo,202003,LAP,Lima,INTERNACIONAL,"326,879"
2020,Marzo,202003,LAP,Lima,NACIONAL,"584,664"
2020,Marzo,202003,LAP,Lima,TRANSFERENCIA Y TRANSITO,"65,730"
2020,Abril,202004,AAP,Arequipa,INTERNACIONAL,508
2020,Abril,202004,AAP,Arequipa,NACIONAL,"1,469"
2020,Abril,202004,AAP,Ayacucho,NACIONAL,26
2020,Abril,202004,AAP,Juliaca,NACIONAL,119
2020,Abril,202004,AAP,Puerto Maldonado,NACIONAL,356
2020,Abril,202004,AAP,Tacna,NACIONAL,141
2020,Abril,202004,ADP,Cajamarca,NACIONAL,233
2020,Abril,202004,ADP,Chachapoyas,NACIONAL,3
2020,Abril,202004,ADP,Chiclayo,INTERNACIONAL,13
2020,Abril,202004,ADP,Chiclayo,NACIONAL,87
2020,Abril,202004,ADP,Huaraz-Anta,NACIONAL,26
2020,Abril,202004,ADP,Iquitos,INTERNACIONAL,352
2020,Abril,202004,ADP,Iquitos,NACIONAL,"2,375"
2020,Abril,202004,ADP,Pisco,NACIONAL,6
2020,Abril,202004,ADP,Piura,INTERNACIONAL,298
2020,Abril,202004,ADP,Piura,NACIONAL,133
2020,Abril,202004,ADP,Pucallpa,NACIONAL,393
2020,Abril,202004,ADP,Tarapoto,INTERNACIONAL,79
2020,Abril,202004,ADP,Tarapoto,NACIONAL,597
2020,Abril,202004,ADP,Trujillo,INTERNACIONAL,161
2020,Abril,202004,ADP,Trujillo,NACIONAL,485
2020,Abril,202004,ADP,Tumbes,NACIONAL,15
2020,Abril,202004,COR,Atalaya,NACIONAL,60
2020,Abril,202004,COR,Cusco,INTERNACIONAL,"1,078"
2020,Abril,202004,COR,Cusco,NACIONAL,"4,329"
2020,Abril,202004,COR,Huánuco,NACIONAL,60
2020,Abril,202004,COR,Ilo,NACIONAL,312
2020,Abril,202004,COR,Jauja,NACIONAL,20
2020,Abril,202004,COR,Yurimaguas,NACIONAL,180
2020,Abril,202004,LAP,Lima,NACIONAL,"1,134"
2020,Mayo,202005,AAP,Arequipa,INTERNACIONAL,1
2020,Mayo,202005,AAP,Arequipa,NACIONAL,"1,304"
2020,Mayo,202005,AAP,Ayacucho,NACIONAL,49
2020,Mayo,202005,AAP,Juliaca,NACIONAL,465
2020,Mayo,202005,AAP,Puerto Maldonado,NACIONAL,941
2020,Mayo,202005,AAP,Tacna,NACIONAL,181
2020,Mayo,202005,ADP,Cajamarca,NACIONAL,165
2020,Mayo,202005,ADP,Chiclayo,NACIONAL,82
2020,Mayo,202005,ADP,Huaraz-Anta,NACIONAL,25
2020,Mayo,202005,ADP,Iquitos,NACIONAL,"1,433"
2020,Mayo,202005,ADP,Pisco,NACIONAL,7
2020,Mayo,202005,ADP,Piura,NACIONAL,22
2020,Mayo,202005,ADP,Pucallpa,NACIONAL,728
2020,Mayo,202005,ADP,Talara,NACIONAL,6
2020,Mayo,202005,ADP,Tarapoto,NACIONAL,204
2020,Mayo,202005,ADP,Trujillo,NACIONAL,550
2020,Mayo,202005,ADP,Tumbes,NACIONAL,262
2020,Mayo,202005,COR,Atalaya,NACIONAL,34
2020,Mayo,202005,COR,Cusco,NACIONAL,"1,873"
2020,Mayo,202005,COR,Huánuco,NACIONAL,8
2020,Mayo,202005,COR,Ilo,NACIONAL,182
2020,Mayo,202005,COR,Jauja,NACIONAL,23
2020,Mayo,202005,COR,Rioja,NACIONAL,7
2020,Mayo,202005,COR,Tingo María,NACIONAL,5
2020,Mayo,202005,COR,Yurimaguas,NACIONAL,220
2020,Mayo,202005,LAP,Lima,NACIONAL,"2,110"
2020,Junio,202006,AAP,Arequipa,INTERNACIONAL,1
2020,Junio,202006,AAP,Arequipa,NACIONAL,798
2020,Junio,202006,AAP,Ayacucho,NACIONAL,129
2020,Junio,202006,AAP,Juliaca,NACIONAL,477
2020,Junio,202006,AAP,Puerto Maldonado,NACIONAL,260
2020,Junio,202006,AAP,Tacna,NACIONAL,209
2020,Junio,202006,ADP,Cajamarca,NACIONAL,434
2020,Junio,202006,ADP,Chachapoyas,NACIONAL,14
2020,Junio,202006,ADP,Chiclayo,NACIONAL,7
2020,Junio,202006,ADP,Iquitos,NACIONAL,"3,006"
2020,Junio,202006,ADP,Pisco,NACIONAL,44
2020,Junio,202006,ADP,Piura,INTERNACIONAL,4
2020,Junio,202006,ADP,Piura,NACIONAL,12
2020,Junio,202006,ADP,Pucallpa,NACIONAL,766
2020,Junio,202006,ADP,Tarapoto,NACIONAL,301
2020,Junio,202006,ADP,Trujillo,NACIONAL,366
2020,Junio,202006,ADP,Tumbes,NACIONAL,25
2020,Junio,202006,COR,Atalaya,NACIONAL,125
2020,Junio,202006,COR,Cusco,NACIONAL,990
2020,Junio,202006,COR,Ilo,NACIONAL,122
2020,Junio,202006,COR,Yurimaguas,NACIONAL,265
2020,Junio,202006,LAP,Lima,NACIONAL,"2,395"
2020,Julio,202007,AAP,Arequipa,NACIONAL,"2,389"
2020,Julio,202007,AAP,Ayacucho,NACIONAL,"1,430"
2020,Julio,202007,AAP,Juliaca,NACIONAL,"4,749"
2020,Julio,202007,AAP,Tacna,NACIONAL,"2,419"
2020,Julio,202007,ADP,Cajamarca,NACIONAL,"2,590"
2020,Julio,202007,ADP,Chachapoyas,NACIONAL,356
2020,Julio,202007,ADP,Chiclayo,NACIONAL,"5,754"
2020,Julio,202007,ADP,Iquitos,NACIONAL,"18,934"
2020,Julio,202007,ADP,Pisco,NACIONAL,9
2020,Julio,202007,ADP,Piura,INTERNACIONAL,3
2020,Julio,202007,ADP,Piura,NACIONAL,"7,372"
2020,Julio,202007,ADP,Pucallpa,NACIONAL,"6,860"
2020,Julio,202007,ADP,Talara,NACIONAL,"1,484"
2020,Julio,202007,ADP,Tarapoto,NACIONAL,223
2020,Julio,202007,ADP,Trujillo,NACIONAL,"3,933"
2020,Julio,202007,ADP,Tumbes,NACIONAL,"1,255"
2020,Julio,202007,COR,Atalaya,NACIONAL,449
2020,Julio,202007,COR,Cusco,NACIONAL,"19,177"
2020,Julio,202007,COR,Huánuco,NACIONAL,65
2020,Julio,202007,COR,Ilo,NACIONAL,"1,093"
2020,Julio,202007,COR,Jaén,NACIONAL,613
2020,Julio,202007,COR,Jauja,NACIONAL,10
2020,Julio,202007,COR,Tingo María,NACIONAL,16
2020,Julio,202007,COR,Tocache,NACIONAL,2
2020,Julio,202007,COR,Yurimaguas,NACIONAL,"1,221"
2020,Julio,202007,LAP,Lima,INTERNACIONAL,3
2020,Julio,202007,LAP,Lima,NACIONAL,"71,869"
2020,Agosto,202008,AAP,Arequipa,NACIONAL,"2,321"
2020,Agosto,202008,AAP,Ayacucho,NACIONAL,"1,507"
2020,Agosto,202008,AAP,Juliaca,NACIONAL,"1,907"
2020,Agosto,202008,AAP,Puerto Maldonado,NACIONAL,29
2020,Agosto,202008,AAP,Tacna,NACIONAL,"1,074"
2020,Agosto,202008,ADP,Cajamarca,NACIONAL,317
2020,Agosto,202008,ADP,Chachapoyas,NACIONAL,602
2020,Agosto,202008,ADP,Chiclayo,NACIONAL,"11,761"
2020,Agosto,202008,ADP,Huaraz-Anta,NACIONAL,76
2020,Agosto,202008,ADP,Iquitos,INTERNACIONAL,1
2020,Agosto,202008,ADP,Iquitos,NACIONAL,"34,672"
2020,Agosto,202008,ADP,Pisco,NACIONAL,4
2020,Agosto,202008,ADP,Piura,INTERNACIONAL,6
2020,Agosto,202008,ADP,Piura,NACIONAL,"15,659"
2020,Agosto,202008,ADP,Pucallpa,NACIONAL,"16,744"
2020,Agosto,202008,ADP,Talara,NACIONAL,"4,062"
2020,Agosto,202008,ADP,Tarapoto,NACIONAL,281
2020,Agosto,202008,ADP,Trujillo,NACIONAL,"7,379"
2020,Agosto,202008,ADP,Tumbes,NACIONAL,"3,106"
2020,Agosto,202008,COR,Atalaya,NACIONAL,967
2020,Agosto,202008,COR,Cusco,INTERNACIONAL,146
2020,Agosto,202008,COR,Cusco,NACIONAL,"6,292"
2020,Agosto,202008,COR,Huánuco,NACIONAL,64
2020,Agosto,202008,COR,Ilo,NACIONAL,275
2020,Agosto,202008,COR,Jauja,NACIONAL,3
2020,Agosto,202008,COR,Rioja,NACIONAL,7
2020,Agosto,202008,COR,Rodríguez de Mendoza,NACIONAL,6
2020,Agosto,202008,COR,Tingo María,NACIONAL,3
2020,Agosto,202008,COR,Yurimaguas,NACIONAL,"2,335"
2020,Agosto,202008,LAP,Lima,INTERNACIONAL,"8,187"
2020,Agosto,202008,LAP,Lima,NACIONAL,"95,200"
2020,Setiembre,202009,AAP,Arequipa,NACIONAL,"25,953"
2020,Setiembre,202009,AAP,Ayacucho,NACIONAL,83
2020,Setiembre,202009,AAP,Juliaca,NACIONAL,967
2020,Setiembre,202009,AAP,Puerto Maldonado,NACIONAL,1
2020,Setiembre,202009,AAP,Tacna,NACIONAL,444
2020,Setiembre,202009,ADP,Cajamarca,NACIONAL,565
2020,Setiembre,202009,ADP,Chachapoyas,NACIONAL,28
2020,Setiembre,202009,ADP,Chiclayo,NACIONAL,"16,000"
2020,Setiembre,202009,ADP,Huaraz-Anta,NACIONAL,112
2020,Setiembre,202009,ADP,Iquitos,NACIONAL,"38,204"
2020,Setiembre,202009,ADP,Pisco,NACIONAL,4
2020,Setiembre,202009,ADP,Piura,INTERNACIONAL,23
2020,Setiembre,202009,ADP,Piura,NACIONAL,"18,106"
2020,Setiembre,202009,ADP,Pucallpa,NACIONAL,"23,363"
2020,Setiembre,202009,ADP,Talara,NACIONAL,"6,649"
2020,Setiembre,202009,ADP,Tarapoto,NACIONAL,"15,984"
2020,Setiembre,202009,ADP,Trujillo,INTERNACIONAL,25
2020,Setiembre,202009,ADP,Trujillo,NACIONAL,"2,579"
2020,Setiembre,202009,ADP,Tumbes,NACIONAL,"6,035"
2020,Setiembre,202009,COR,Andahuaylas,NACIONAL,2
2020,Setiembre,202009,COR,Atalaya,NACIONAL,"1,228"
2020,Setiembre,202009,COR,Cusco,INTERNACIONAL,2
2020,Setiembre,202009,COR,Cusco,NACIONAL,"3,913"
2020,Setiembre,202009,COR,Huánuco,NACIONAL,48
2020,Setiembre,202009,COR,Ilo,NACIONAL,"1,601"
2020,Setiembre,202009,COR,Jaén,NACIONAL,712
2020,Setiembre,202009,COR,Jauja,NACIONAL,"1,759"
2020,Setiembre,202009,COR,Moquegua,NACIONAL,75
2020,Setiembre,202009,COR,Rioja,NACIONAL,16
2020,Setiembre,202009,COR,Rodríguez de Mendoza,NACIONAL,164
2020,Setiembre,202009,COR,Yurimaguas,NACIONAL,"2,230"
2020,Setiembre,202009,LAP,Lima,INTERNACIONAL,"14,322"
2020,Setiembre,202009,LAP,Lima,NACIONAL,"146,574"
2020,Octubre,202010,AAP,Arequipa,INTERNACIONAL,221
2020,Octubre,202010,AAP,Arequipa,NACIONAL,"42,904"
2020,Octubre,202010,AAP,Ayacucho,NACIONAL,"4,076"
2020,Octubre,202010,AAP,Juliaca,NACIONAL,"12,788"
2020,Octubre,202010,AAP,Puerto Maldonado,NACIONAL,"7,775"
2020,Octubre,202010,AAP,Tacna,NACIONAL,"9,766"
2020,Octubre,202010,ADP,Cajamarca,NACIONAL,"9,058"
2020,Octubre,202010,ADP,Chachapoyas,NACIONAL,386
2020,Octubre,202010,ADP,Chiclayo,NACIONAL,"19,586"
2020,Octubre,202010,ADP,Huaraz-Anta,NACIONAL,75
2020,Octubre,202010,ADP,Iquitos,INTERNACIONAL,1
2020,Octubre,202010,ADP,Iquitos,NACIONAL,"51,689"
2020,Octubre,202010,ADP,Pisco,NACIONAL,6
2020,Octubre,202010,ADP,Piura,INTERNACIONAL,30
2020,Octubre,202010,ADP,Piura,NACIONAL,"27,438"
2020,Octubre,202010,ADP,Pucallpa,NACIONAL,"30,946"
2020,Octubre,202010,ADP,Talara,NACIONAL,"14,056"
2020,Octubre,202010,ADP,Tarapoto,NACIONAL,"31,447"
2020,Octubre,202010,ADP,Trujillo,INTERNACIONAL,753
2020,Octubre,202010,ADP,Trujillo,NACIONAL,"11,495"
2020,Octubre,202010,ADP,Tumbes,INTERNACIONAL,13
2020,Octubre,202010,ADP,Tumbes,NACIONAL,"12,636"
2020,Octubre,202010,COR,Andahuaylas,NACIONAL,24
2020,Octubre,202010,COR,Atalaya,NACIONAL,"1,418"
2020,Octubre,202010,COR,Cusco,NACIONAL,"37,281"
2020,Octubre,202010,COR,Huánuco,NACIONAL,"1,314"
2020,Octubre,202010,COR,Ilo,NACIONAL,"2,611"
2020,Octubre,202010,COR,Jaén,NACIONAL,"4,443"
2020,Octubre,202010,COR,Jauja,NACIONAL,"6,404"
2020,Octubre,202010,COR,Moquegua,NACIONAL,98
2020,Octubre,202010,COR,Rioja,NACIONAL,18
2020,Octubre,202010,COR,Rodríguez de Mendoza,NACIONAL,663
2020,Octubre,202010,COR,Tingo María,NACIONAL,596
2020,Octubre,202010,COR,Tocache,NACIONAL,8
2020,Octubre,202010,COR,Yurimaguas,NACIONAL,"2,463"
2020,Octubre,202010,LAP,Lima,INTERNACIONAL,"33,300"
2020,Octubre,202010,LAP,Lima,NACIONAL,"311,874"
2020,Octubre,202010,LAP,Lima,TRANSFERENCIA Y TRANSITO,612
2020,Noviembre,202011,AAP,Arequipa,INTERNACIONAL,544
2020,Noviembre,202011,AAP,Arequipa,NACIONAL,"56,553"
2020,Noviembre,202011,AAP,Ayacucho,NACIONAL,"7,883"
2020,Noviembre,202011,AAP,Juliaca,NACIONAL,"20,867"
2020,Noviembre,202011,AAP,Puerto Maldonado,INTERNACIONAL,13
2020,Noviembre,202011,AAP,Puerto Maldonado,NACIONAL,"11,265"
2020,Noviembre,202011,AAP,Tacna,NACIONAL,"14,440"
2020,Noviembre,202011,ADP,Cajamarca,NACIONAL,"13,049"
2020,Noviembre,202011,ADP,Chachapoyas,NACIONAL,475
2020,Noviembre,202011,ADP,Chiclayo,NACIONAL,"28,665"
2020,Noviembre,202011,ADP,Huaraz-Anta,NACIONAL,78
2020,Noviembre,202011,ADP,Iquitos,INTERNACIONAL,50
2020,Noviembre,202011,ADP,Iquitos,NACIONAL,"60,352"
2020,Noviembre,202011,ADP,Pisco,INTERNACIONAL,8
2020,Noviembre,202011,ADP,Pisco,NACIONAL,7
2020,Noviembre,202011,ADP,Piura,INTERNACIONAL,20
2020,Noviembre,202011,ADP,Piura,NACIONAL,"43,992"
2020,Noviembre,202011,ADP,Pucallpa,INTERNACIONAL,117
2020,Noviembre,202011,ADP,Pucallpa,NACIONAL,"32,680"
2020,Noviembre,202011,ADP,Talara,NACIONAL,"18,145"
2020,Noviembre,202011,ADP,Tarapoto,NACIONAL,"40,051"
2020,Noviembre,202011,ADP,Trujillo,INTERNACIONAL,"1,271"
2020,Noviembre,202011,ADP,Trujillo,NACIONAL,"18,028"
2020,Noviembre,202011,ADP,Tumbes,INTERNACIONAL,7
2020,Noviembre,202011,ADP,Tumbes,NACIONAL,"23,313"
2020,Noviembre,202011,COR,Atalaya,NACIONAL,"1,564"
2020,Noviembre,202011,COR,Cusco,NACIONAL,"57,830"
2020,Noviembre,202011,COR,Huánuco,NACIONAL,"3,132"
2020,Noviembre,202011,COR,Ilo,NACIONAL,"1,843"
2020,Noviembre,202011,COR,Jaén,NACIONAL,"9,667"
2020,Noviembre,202011,COR,Jauja,NACIONAL,"6,974"
2020,Noviembre,202011,COR,Moquegua,NACIONAL,82
2020,Noviembre,202011,COR,Rioja,NACIONAL,33
2020,Noviembre,202011,COR,Rodríguez de Mendoza,NACIONAL,457
2020,Noviembre,202011,COR,Tingo María,NACIONAL,622
2020,Noviembre,202011,COR,Yurimaguas,NACIONAL,"2,394"
2020,Noviembre,202011,LAP,Lima,INTERNACIONAL,"90,630"
2020,Noviembre,202011,LAP,Lima,NACIONAL,"438,627"
2020,Noviembre,202011,LAP,Lima,TRANSFERENCIA Y TRANSITO,"6,364"
2020,Diciembre,202012,AAP,Arequipa,INTERNACIONAL,851
2020,Diciembre,202012,AAP,Arequipa,NACIONAL,"82,225"
2020,Diciembre,202012,AAP,Ayacucho,NACIONAL,"12,512"
2020,Diciembre,202012,AAP,Juliaca,NACIONAL,"30,864"
2020,Diciembre,202012,AAP,Puerto Maldonado,INTERNACIONAL,4
2020,Diciembre,202012,AAP,Puerto Maldonado,NACIONAL,"13,854"
2020,Diciembre,202012,AAP,Tacna,NACIONAL,"23,911"
2020,Diciembre,202012,ADP,Cajamarca,NACIONAL,"19,239"
2020,Diciembre,202012,ADP,Chachapoyas,NACIONAL,"1,139"
2020,Diciembre,202012,ADP,Chiclayo,NACIONAL,"39,045"
2020,Diciembre,202012,ADP,Huaraz-Anta,NACIONAL,82
2020,Diciembre,202012,ADP,Iquitos,NACIONAL,"74,102"
2020,Diciembre,202012,ADP,Pisco,INTERNACIONAL,1
2020,Diciembre,202012,ADP,Pisco,NACIONAL,554
2020,Diciembre,202012,ADP,Piura,INTERNACIONAL,15
2020,Diciembre,202012,ADP,Piura,NACIONAL,"52,336"
2020,Diciembre,202012,ADP,Pucallpa,NACIONAL,"42,846"
2020,Diciembre,202012,ADP,Talara,NACIONAL,"25,320"
2020,Diciembre,202012,ADP,Tarapoto,NACIONAL,"54,457"
2020,Diciembre,202012,ADP,Trujillo,INTERNACIONAL,"2,369"
2020,Diciembre,202012,ADP,Trujillo,NACIONAL,"30,947"
2020,Diciembre,202012,ADP,Tumbes,INTERNACIONAL,14
2020,Diciembre,202012,ADP,Tumbes,NACIONAL,"24,481"
2020,Diciembre,202012,COR,Andahuaylas,NACIONAL,6
2020,Diciembre,202012,COR,Atalaya,NACIONAL,"1,700"
2020,Diciembre,202012,COR,Cusco,NACIONAL,"89,167"
2020,Diciembre,202012,COR,Huánuco,NACIONAL,"5,918"
2020,Diciembre,202012,COR,Ilo,NACIONAL,"2,868"
2020,Diciembre,202012,COR,Jaén,NACIONAL,"13,320"
2020,Diciembre,202012,COR,Jauja,NACIONAL,"8,258"
2020,Diciembre,202012,COR,Moquegua,NACIONAL,93
2020,Diciembre,202012,COR,Nazca,NACIONAL,3
2020,Diciembre,202012,COR,Rodríguez de Mendoza,NACIONAL,669
2020,Diciembre,202012,COR,Tingo María,NACIONAL,"1,095"
2020,Diciembre,202012,COR,Yurimaguas,NACIONAL,"2,272"
2020,Diciembre,202012,LAP,Lima,INTERNACIONAL,"154,255"
2020,Diciembre,202012,LAP,Lima,NACIONAL,"615,513"
2020,Diciembre,202012,LAP,Lima,TRANSFERENCIA Y TRANSITO,"22,620"
2021,Enero,202101,AAP,Arequipa,INTERNACIONAL,940
2021,Enero,202101,AAP,Arequipa,NACIONAL,"78,033"
2021,Enero,202101,AAP,Ayacucho,NACIONAL,"12,744"
2021,Enero,202101,AAP,Juliaca,NACIONAL,"30,525"
2021,Enero,202101,AAP,Puerto Maldonado,NACIONAL,"13,510"
2021,Enero,202101,AAP,Tacna,NACIONAL,"20,377"
2021,Enero,202101,ADP,Cajamarca,NACIONAL,"20,650"
2021,Enero,202101,ADP,Chachapoyas,NACIONAL,981
2021,Enero,202101,ADP,Chiclayo,NACIONAL,"34,149"
2021,Enero,202101,ADP,Huaraz-Anta,NACIONAL,79
2021,Enero,202101,ADP,Iquitos,NACIONAL,"74,285"
2021,Enero,202101,ADP,Pisco,INTERNACIONAL,1
2021,Enero,202101,ADP,Pisco,NACIONAL,72
2021,Enero,202101,ADP,Piura,INTERNACIONAL,17
2021,Enero,202101,ADP,Piura,NACIONAL,"54,955"
2021,Enero,202101,ADP,Pucallpa,NACIONAL,"44,021"
2021,Enero,202101,ADP,Talara,NACIONAL,"21,628"
2021,Enero,202101,ADP,Tarapoto,INTERNACIONAL,4
2021,Enero,202101,ADP,Tarapoto,NACIONAL,"59,385"
2021,Enero,202101,ADP,Trujillo,INTERNACIONAL,"2,274"
2021,Enero,202101,ADP,Trujillo,NACIONAL,"24,956"
2021,Enero,202101,ADP,Tumbes,NACIONAL,"29,392"
2021,Enero,202101,COR,Andahuaylas,NACIONAL,21
2021,Enero,202101,COR,Atalaya,NACIONAL,"1,358"
2021,Enero,202101,COR,Cusco,NACIONAL,"94,351"
2021,Enero,202101,COR,Huánuco,NACIONAL,"6,543"
2021,Enero,202101,COR,Ilo,NACIONAL,"2,153"
2021,Enero,202101,COR,Jaén,NACIONAL,"12,513"
2021,Enero,202101,COR,Jauja,NACIONAL,"7,970"
2021,Enero,202101,COR,Nazca,NACIONAL,840
2021,Enero,202101,COR,Rioja,NACIONAL,30
2021,Enero,202101,COR,Rodríguez de Mendoza,NACIONAL,436
2021,Enero,202101,COR,Tingo María,NACIONAL,"1,008"
2021,Enero,202101,COR,Yurimaguas,NACIONAL,"1,815"
2021,Enero,202101,LAP,Lima,INTERNACIONAL,"134,040"
2021,Enero,202101,LAP,Lima,NACIONAL,"608,690"
2021,Enero,202101,LAP,Lima,TRANSFERENCIA Y TRANSITO,"28,295"
2021,Febrero,202102,AAP,Arequipa,INTERNACIONAL,751
2021,Febrero,202102,AAP,Arequipa,NACIONAL,"26,306"
2021,Febrero,202102,AAP,Ayacucho,INTERNACIONAL,4
2021,Febrero,202102,AAP,Ayacucho,NACIONAL,"3,410"
2021,Febrero,202102,AAP,Juliaca,NACIONAL,"11,865"
2021,Febrero,202102,AAP,Puerto Maldonado,NACIONAL,"5,836"
2021,Febrero,202102,AAP,Tacna,NACIONAL,"7,505"
2021,Febrero,202102,ADP,Cajamarca,NACIONAL,"8,892"
2021,Febrero,202102,ADP,Chachapoyas,NACIONAL,455
2021,Febrero,202102,ADP,Chiclayo,NACIONAL,"15,378"
2021,Febrero,202102,ADP,Huaraz-Anta,NACIONAL,43
2021,Febrero,202102,ADP,Iquitos,NACIONAL,"26,134"
2021,Febrero,202102,ADP,Pisco,NACIONAL,2
2021,Febrero,202102,ADP,Piura,INTERNACIONAL,7
2021,Febrero,202102,ADP,Piura,NACIONAL,"21,494"
2021,Febrero,202102,ADP,Pucallpa,NACIONAL,"15,880"
2021,Febrero,202102,ADP,Talara,NACIONAL,"9,236"
2021,Febrero,202102,ADP,Tarapoto,NACIONAL,"21,679"
2021,Febrero,202102,ADP,Trujillo,INTERNACIONAL,"2,132"
2021,Febrero,202102,ADP,Trujillo,NACIONAL,"13,179"
2021,Febrero,202102,ADP,Tumbes,INTERNACIONAL,1
2021,Febrero,202102,ADP,Tumbes,NACIONAL,"9,999"
2021,Febrero,202102,COR,Andahuaylas,NACIONAL,5
2021,Febrero,202102,COR,Atalaya,NACIONAL,"1,225"
2021,Febrero,202102,COR,Cusco,NACIONAL,"29,143"
2021,Febrero,202102,COR,Huánuco,NACIONAL,388
2021,Febrero,202102,COR,Ilo,INTERNACIONAL,41
2021,Febrero,202102,COR,Ilo,NACIONAL,"2,629"
2021,Febrero,202102,COR,Jaén,NACIONAL,"6,056"
2021,Febrero,202102,COR,Jauja,NACIONAL,320
2021,Febrero,202102,COR,Moquegua,NACIONAL,66
2021,Febrero,202102,COR,Rodríguez de Mendoza,NACIONAL,441
2021,Febrero,202102,COR,Tingo María,NACIONAL,371
2021,Febrero,202102,COR,Tocache,NACIONAL,7
2021,Febrero,202102,COR,Yurimaguas,NACIONAL,"1,474"
2021,Febrero,202102,LAP,Lima,INTERNACIONAL,"78,891"
2021,Febrero,202102,LAP,Lima,NACIONAL,"221,699"
2021,Febrero,202102,LAP,Lima,TRANSFERENCIA Y TRANSITO,"18,860"
2021,Marzo,202103,AAP,Arequipa,INTERNACIONAL,694
2021,Marzo,202103,AAP,Arequipa,NACIONAL,"52,427"
2021,Marzo,202103,AAP,Arequipa,TRANSFERENCIA Y TRANSITO,715
2021,Marzo,202103,AAP,Ayacucho,NACIONAL,"7,828"
2021,Marzo,202103,AAP,Ayacucho,TRANSFERENCIA Y TRANSITO,6
2021,Marzo,202103,AAP,Juliaca,NACIONAL,"19,885"
2021,Marzo,202103,AAP,Puerto Maldonado,NACIONAL,"9,353"
2021,Marzo,202103,AAP,Tacna,NACIONAL,"14,644"
2021,Marzo,202103,ADP,Cajamarca,NACIONAL,"14,156"
2021,Marzo,202103,ADP,Chachapoyas,NACIONAL,703
2021,Marzo,202103,ADP,Chiclayo,NACIONAL,"25,385"
2021,Marzo,202103,ADP,Huaraz-Anta,NACIONAL,242
2021,Marzo,202103,ADP,Iquitos,NACIONAL,"39,989"
2021,Marzo,202103,ADP,Pisco,INTERNACIONAL,4
2021,Marzo,202103,ADP,Pisco,NACIONAL,205
2021,Marzo,202103,ADP,Piura,INTERNACIONAL,33
2021,Marzo,202103,ADP,Piura,NACIONAL,"36,645"
2021,Marzo,202103,ADP,Pucallpa,NACIONAL,"28,228"
2021,Marzo,202103,ADP,Talara,NACIONAL,"14,336"
2021,Marzo,202103,ADP,Tarapoto,NACIONAL,"35,128"
2021,Marzo,202103,ADP,Trujillo,INTERNACIONAL,"2,559"
2021,Marzo,202103,ADP,Trujillo,NACIONAL,"21,316"
2021,Marzo,202103,ADP,Tumbes,INTERNACIONAL,3
2021,Marzo,202103,ADP,Tumbes,NACIONAL,"16,055"
2021,Marzo,202103,COR,Atalaya,NACIONAL,"1,427"
2021,Marzo,202103,COR,Cusco,NACIONAL,"58,154"
2021,Marzo,202103,COR,Huánuco,NACIONAL,"4,165"
2021,Marzo,202103,COR,Ilo,INTERNACIONAL,30
2021,Marzo,202103,COR,Ilo,NACIONAL,"4,909"
2021,Marzo,202103,COR,Jaén,NACIONAL,"9,855"
2021,Marzo,202103,COR,Jauja,NACIONAL,"5,767"
2021,Marzo,202103,COR,Mazamari,NACIONAL,15
2021,Marzo,202103,COR,Moquegua,NACIONAL,35
2021,Marzo,202103,COR,Nazca,NACIONAL,488
2021,Marzo,202103,COR,Rodríguez de Mendoza,NACIONAL,625
2021,Marzo,202103,COR,Tingo María,NACIONAL,"1,320"
2021,Marzo,202103,COR,Tocache,NACIONAL,4
2021,Marzo,202103,COR,Yurimaguas,NACIONAL,"2,130"
2021,Marzo,202103,LAP,Lima,INTERNACIONAL,"114,908"
2021,Marzo,202103,LAP,Lima,NACIONAL,"397,077"
2021,Marzo,202103,LAP,Lima,TRANSFERENCIA Y TRANSITO,"18,673"
2021,Abril,202104,AAP,Arequipa,INTERNACIONAL,121
2021,Abril,202104,AAP,Arequipa,NACIONAL,"53,919"
2021,Abril,202104,AAP,Arequipa,TRANSFERENCIA Y TRANSITO,320
2021,Abril,202104,AAP,Ayacucho,NACIONAL,"9,262"
2021,Abril,202104,AAP,Juliaca,NACIONAL,"21,863"
2021,Abril,202104,AAP,Puerto Maldonado,NACIONAL,"10,154"
2021,Abril,202104,AAP,Tacna,NACIONAL,"15,034"
2021,Abril,202104,ADP,Cajamarca,NACIONAL,"13,392"
2021,Abril,202104,ADP,Chachapoyas,NACIONAL,388
2021,Abril,202104,ADP,Chiclayo,NACIONAL,"22,535"
2021,Abril,202104,ADP,Huaraz-Anta,NACIONAL,90
2021,Abril,202104,ADP,Iquitos,NACIONAL,"45,223"
2021,Abril,202104,ADP,Pisco,NACIONAL,42
2021,Abril,202104,ADP,Piura,INTERNACIONAL,19
2021,Abril,202104,ADP,Piura,NACIONAL,"32,441"
2021,Abril,202104,ADP,Pucallpa,INTERNACIONAL,1
2021,Abril,202104,ADP,Pucallpa,NACIONAL,"26,321"
2021,Abril,202104,ADP,Talara,NACIONAL,"11,526"
2021,Abril,202104,ADP,Tarapoto,NACIONAL,"33,504"
2021,Abril,202104,ADP,Trujillo,INTERNACIONAL,213
2021,Abril,202104,ADP,Trujillo,NACIONAL,"18,507"
2021,Abril,202104,ADP,Tumbes,INTERNACIONAL,5
2021,Abril,202104,ADP,Tumbes,NACIONAL,"15,818"
2021,Abril,202104,COR,Andahuaylas,NACIONAL,7
2021,Abril,202104,COR,Atalaya,NACIONAL,"1,256"
2021,Abril,202104,COR,Cusco,NACIONAL,"65,637"
2021,Abril,202104,COR,Huánuco,NACIONAL,"4,306"
2021,Abril,202104,COR,Ilo,INTERNACIONAL,10
2021,Abril,202104,COR,Ilo,NACIONAL,"5,127"
2021,Abril,202104,COR,Jaén,NACIONAL,"9,386"
2021,Abril,202104,COR,Jauja,NACIONAL,"6,913"
2021,Abril,202104,COR,Nazca,NACIONAL,668
2021,Abril,202104,COR,Rioja,NACIONAL,48
2021,Abril,202104,COR,Tingo María,NACIONAL,"1,406"
2021,Abril,202104,COR,Yurimaguas,NACIONAL,"1,613"
2021,Abril,202104,COR,-,NACIONAL,573
2021,Abril,202104,LAP,Lima,INTERNACIONAL,"144,901"
2021,Abril,202104,LAP,Lima,NACIONAL,"396,077"
2021,Abril,202104,LAP,Lima,TRANSFERENCIA Y TRANSITO,"5,280"
2021,Mayo,202105,AAP,Arequipa,NACIONAL,"70,269"
2021,Mayo,202105,AAP,Arequipa,TRANSFERENCIA Y TRANSITO,487
2021,Mayo,202105,AAP,Ayacucho,NACIONAL,"26,900"
2021,Mayo,202105,AAP,Juliaca,NACIONAL,"13,513"
2021,Mayo,202105,AAP,Puerto Maldonado,NACIONAL,"19,236"
2021,Mayo,202105,AAP,Puerto Maldonado,TRANSFERENCIA Y TRANSITO,9
2021,Mayo,202105,AAP,Tacna,NACIONAL,"11,646"
2021,Mayo,202105,ADP,Cajamarca,NACIONAL,"19,072"
2021,Mayo,202105,ADP,Chachapoyas,NACIONAL,585
2021,Mayo,202105,ADP,Chiclayo,INTERNACIONAL,6
2021,Mayo,202105,ADP,Chiclayo,NACIONAL,"29,759"
2021,Mayo,202105,ADP,Huaraz-Anta,NACIONAL,100
2021,Mayo,202105,ADP,Iquitos,INTERNACIONAL,11
2021,Mayo,202105,ADP,Iquitos,NACIONAL,"56,863"
2021,Mayo,202105,ADP,Pisco,NACIONAL,94
2021,Mayo,202105,ADP,Piura,INTERNACIONAL,38
2021,Mayo,202105,ADP,Piura,NACIONAL,"44,056"
2021,Mayo,202105,ADP,Pucallpa,NACIONAL,"33,814"
2021,Mayo,202105,ADP,Talara,NACIONAL,"15,109"
2021,Mayo,202105,ADP,Tarapoto,INTERNACIONAL,1
2021,Mayo,202105,ADP,Tarapoto,NACIONAL,"43,653"
2021,Mayo,202105,ADP,Trujillo,NACIONAL,"25,081"
2021,Mayo,202105,ADP,Tumbes,INTERNACIONAL,44
2021,Mayo,202105,ADP,Tumbes,NACIONAL,"21,662"
2021,Mayo,202105,COR,Atalaya,NACIONAL,"1,563"
2021,Mayo,202105,COR,Cusco,NACIONAL,"93,445"
2021,Mayo,202105,COR,Huánuco,NACIONAL,"6,163"
2021,Mayo,202105,COR,Ilo,NACIONAL,"5,952"
2021,Mayo,202105,COR,Jaén,NACIONAL,"11,605"
2021,Mayo,202105,COR,Jauja,NACIONAL,"10,026"
2021,Mayo,202105,COR,Nazca,NACIONAL,"1,606"
2021,Mayo,202105,COR,Rioja,NACIONAL,20
2021,Mayo,202105,COR,Tingo María,NACIONAL,"1,482"
2021,Mayo,202105,COR,Tocache,NACIONAL,16
2021,Mayo,202105,COR,Yurimaguas,NACIONAL,"1,974"
2021,Mayo,202105,COR,-,NACIONAL,559
2021,Mayo,202105,LAP,Lima,INTERNACIONAL,"213,205"
2021,Mayo,202105,LAP,Lima,NACIONAL,"524,478"
2021,Mayo,202105,LAP,Lima,TRANSFERENCIA Y TRANSITO,"3,968"
2021,Junio,202106,AAP,Arequipa,NACIONAL,"50,351"
2021,Junio,202106,AAP,Arequipa,TRANSFERENCIA Y TRANSITO,626
2021,Junio,202106,AAP,Ayacucho,NACIONAL,"29,607"
2021,Junio,202106,AAP,Juliaca,INTERNACIONAL,14
2021,Junio,202106,AAP,Juliaca,NACIONAL,"15,528"
2021,Junio,202106,AAP,Puerto Maldonado,NACIONAL,"21,412"
2021,Junio,202106,AAP,Tacna,NACIONAL,"14,332"
2021,Junio,202106,AAP,Tacna,TRANSFERENCIA Y TRANSITO,1
2021,Junio,202106,ADP,Cajamarca,NACIONAL,"21,630"
2021,Junio,202106,ADP,Chachapoyas,NACIONAL,738
2021,Junio,202106,ADP,Chiclayo,NACIONAL,"33,965"
2021,Junio,202106,ADP,Huaraz-Anta,NACIONAL,80
2021,Junio,202106,ADP,Iquitos,NACIONAL,"64,928"
2021,Junio,202106,ADP,Pisco,INTERNACIONAL,12
2021,Junio,202106,ADP,Pisco,NACIONAL,236
2021,Junio,202106,ADP,Piura,INTERNACIONAL,34
2021,Junio,202106,ADP,Piura,NACIONAL,"51,409"
2021,Junio,202106,ADP,Pucallpa,NACIONAL,"40,020"
2021,Junio,202106,ADP,Talara,NACIONAL,"15,845"
2021,Junio,202106,ADP,Tarapoto,NACIONAL,"49,699"
2021,Junio,202106,ADP,Trujillo,INTERNACIONAL,2
2021,Junio,202106,ADP,Trujillo,NACIONAL,"30,136"
2021,Junio,202106,ADP,Tumbes,INTERNACIONAL,11
2021,Junio,202106,ADP,Tumbes,NACIONAL,"21,908"
2021,Junio,202106,COR,Andahuaylas,NACIONAL,10
2021,Junio,202106,COR,Atalaya,NACIONAL,"1,568"
2021,Junio,202106,COR,Cusco,NACIONAL,"111,335"
2021,Junio,202106,COR,Huánuco,NACIONAL,"6,813"
2021,Junio,202106,COR,Ilo,NACIONAL,"7,009"
2021,Junio,202106,COR,Jaén,NACIONAL,"11,866"
2021,Junio,202106,COR,Jauja,NACIONAL,"11,930"
2021,Junio,202106,COR,Moquegua,NACIONAL,32
2021,Junio,202106,COR,Nazca,NACIONAL,"1,720"
2021,Junio,202106,COR,Tingo María,NACIONAL,"1,241"
2021,Junio,202106,COR,Tocache,NACIONAL,12
2021,Junio,202106,COR,Yurimaguas,NACIONAL,"1,926"
2021,Junio,202106,COR,-,NACIONAL,798
2021,Junio,202106,LAP,Lima,INTERNACIONAL,"233,963"
2021,Junio,202106,LAP,Lima,NACIONAL,"569,672"
2021,Junio,202106,LAP,Lima,TRANSFERENCIA Y TRANSITO,"5,723"
2021,Julio,202107,AAP,Arequipa,INTERNACIONAL,205
2021,Julio,202107,AAP,Arequipa,NACIONAL,"70,565"
2021,Julio,202107,AAP,Arequipa,TRANSFERENCIA Y TRANSITO,962
2021,Julio,202107,AAP,Ayacucho,NACIONAL,"36,838"
2021,Julio,202107,AAP,Juliaca,NACIONAL,"18,534"
2021,Julio,202107,AAP,Puerto Maldonado,INTERNACIONAL,8
2021,Julio,202107,AAP,Puerto Maldonado,NACIONAL,"25,759"
2021,Julio,202107,AAP,Puerto Maldonado,TRANSFERENCIA Y TRANSITO,94
2021,Julio,202107,AAP,Tacna,NACIONAL,"19,300"
2021,Julio,202107,AAP,Tacna,TRANSFERENCIA Y TRANSITO,7
2021,Julio,202107,ADP,Cajamarca,NACIONAL,"29,999"
2021,Julio,202107,ADP,Chachapoyas,NACIONAL,"1,398"
2021,Julio,202107,ADP,Chiclayo,INTERNACIONAL,428
2021,Julio,202107,ADP,Chiclayo,NACIONAL,"37,107"
2021,Julio,202107,ADP,Huaraz-Anta,NACIONAL,97
2021,Julio,202107,ADP,Iquitos,INTERNACIONAL,9
2021,Julio,202107,ADP,Iquitos,NACIONAL,"77,060"
2021,Julio,202107,ADP,Pisco,NACIONAL,407
2021,Julio,202107,ADP,Piura,INTERNACIONAL,34
2021,Julio,202107,ADP,Piura,NACIONAL,"64,320"
2021,Julio,202107,ADP,Pucallpa,NACIONAL,"49,393"
2021,Julio,202107,ADP,Talara,NACIONAL,"20,381"
2021,Julio,202107,ADP,Tarapoto,NACIONAL,"62,113"
2021,Julio,202107,ADP,Trujillo,INTERNACIONAL,725
2021,Julio,202107,ADP,Trujillo,NACIONAL,"37,365"
2021,Julio,202107,ADP,Tumbes,INTERNACIONAL,29
2021,Julio,202107,ADP,Tumbes,NACIONAL,"29,488"
2021,Julio,202107,COR,Atalaya,NACIONAL,"1,757"
2021,Julio,202107,COR,Cusco,NACIONAL,"152,572"
2021,Julio,202107,COR,Huánuco,NACIONAL,"10,177"
2021,Julio,202107,COR,Ilo,NACIONAL,"6,310"
2021,Julio,202107,COR,Jaén,NACIONAL,"15,561"
2021,Julio,202107,COR,Jauja,NACIONAL,"13,790"
2021,Julio,202107,COR,Moquegua,NACIONAL,22
2021,Julio,202107,COR,Nazca,NACIONAL,"4,346"
2021,Julio,202107,COR,Rioja,NACIONAL,12
2021,Julio,202107,COR,Tingo María,NACIONAL,605
2021,Julio,202107,COR,Yurimaguas,NACIONAL,"2,364"
2021,Julio,202107,COR,-,NACIONAL,817
2021,Julio,202107,LAP,Lima,INTERNACIONAL,"280,057"
2021,Julio,202107,LAP,Lima,NACIONAL,"726,588"
2021,Julio,202107,LAP,Lima,TRANSFERENCIA Y TRANSITO,"7,509"
2021,Agosto,202108,AAP,Arequipa,INTERNACIONAL,524
2021,Agosto,202108,AAP,Arequipa,NACIONAL,"105,069"
2021,Agosto,202108,AAP,Arequipa,TRANSFERENCIA Y TRANSITO,383
2021,Agosto,202108,AAP,Ayacucho,NACIONAL,"42,895"
2021,Agosto,202108,AAP,Juliaca,NACIONAL,"21,826"
2021,Agosto,202108,AAP,Puerto Maldonado,NACIONAL,"28,804"
2021,Agosto,202108,AAP,Tacna,NACIONAL,"21,866"
2021,Agosto,202108,AAP,Tacna,TRANSFERENCIA Y TRANSITO,10
2021,Agosto,202108,ADP,Cajamarca,NACIONAL,"36,041"
2021,Agosto,202108,ADP,Chachapoyas,NACIONAL,"1,679"
2021,Agosto,202108,ADP,Chiclayo,INTERNACIONAL,"2,094"
2021,Agosto,202108,ADP,Chiclayo,NACIONAL,"39,412"
2021,Agosto,202108,ADP,Huaraz-Anta,NACIONAL,76
2021,Agosto,202108,ADP,Iquitos,INTERNACIONAL,8
2021,Agosto,202108,ADP,Iquitos,NACIONAL,"83,482"
2021,Agosto,202108,ADP,Pisco,NACIONAL,504
2021,Agosto,202108,ADP,Piura,INTERNACIONAL,94
2021,Agosto,202108,ADP,Piura,NACIONAL,"69,521"
2021,Agosto,202108,ADP,Pucallpa,NACIONAL,"55,559"
2021,Agosto,202108,ADP,Talara,NACIONAL,"22,969"
2021,Agosto,202108,ADP,Tarapoto,NACIONAL,"72,389"
2021,Agosto,202108,ADP,Trujillo,INTERNACIONAL,"1,389"
2021,Agosto,202108,ADP,Trujillo,NACIONAL,"43,764"
2021,Agosto,202108,ADP,Tumbes,INTERNACIONAL,19
2021,Agosto,202108,ADP,Tumbes,NACIONAL,"29,352"
2021,Agosto,202108,COR,Atalaya,NACIONAL,"1,841"
2021,Agosto,202108,COR,Cusco,INTERNACIONAL,2
2021,Agosto,202108,COR,Cusco,NACIONAL,"168,492"
2021,Agosto,202108,COR,Huánuco,NACIONAL,"12,168"
2021,Agosto,202108,COR,Ilo,NACIONAL,"5,707"
2021,Agosto,202108,COR,Jaén,NACIONAL,"15,780"
2021,Agosto,202108,COR,Jauja,NACIONAL,"14,433"
2021,Agosto,202108,COR,Nazca,NACIONAL,"6,548"
2021,Agosto,202108,COR,Tingo María,NACIONAL,592
2021,Agosto,202108,COR,Yurimaguas,NACIONAL,"2,984"
2021,Agosto,202108,COR,-,NACIONAL,726
2021,Agosto,202108,LAP,Lima,INTERNACIONAL,"292,476"
2021,Agosto,202108,LAP,Lima,NACIONAL,"831,897"
2021,Agosto,202108,LAP,Lima,TRANSFERENCIA Y TRANSITO,"13,070"
2021,Setiembre,202109,AAP,Arequipa,INTERNACIONAL,628
2021,Setiembre,202109,AAP,Arequipa,NACIONAL,"97,762"
2021,Setiembre,202109,AAP,Arequipa,TRANSFERENCIA Y TRANSITO,49
2021,Setiembre,202109,AAP,Ayacucho,NACIONAL,"37,987"
2021,Setiembre,202109,AAP,Juliaca,NACIONAL,"21,700"
2021,Setiembre,202109,AAP,Puerto Maldonado,NACIONAL,"28,535"
2021,Setiembre,202109,AAP,Tacna,NACIONAL,"20,235"
2021,Setiembre,202109,AAP,Tacna,TRANSFERENCIA Y TRANSITO,3
2021,Setiembre,202109,ADP,Cajamarca,NACIONAL,"33,738"
2021,Setiembre,202109,ADP,Chachapoyas,NACIONAL,"1,111"
2021,Setiembre,202109,ADP,Chiclayo,INTERNACIONAL,"1,962"
2021,Setiembre,202109,ADP,Chiclayo,NACIONAL,"36,335"
2021,Setiembre,202109,ADP,Huaraz-Anta,NACIONAL,122
2021,Setiembre,202109,ADP,Iquitos,NACIONAL,"79,707"
2021,Setiembre,202109,ADP,Pisco,NACIONAL,631
2021,Setiembre,202109,ADP,Piura,INTERNACIONAL,41
2021,Setiembre,202109,ADP,Piura,NACIONAL,"69,296"
2021,Setiembre,202109,ADP,Pucallpa,NACIONAL,"51,687"
2021,Setiembre,202109,ADP,Talara,NACIONAL,"20,298"
2021,Setiembre,202109,ADP,Tarapoto,NACIONAL,"67,095"
2021,Setiembre,202109,ADP,Trujillo,INTERNACIONAL,"1,441"
2021,Setiembre,202109,ADP,Trujillo,NACIONAL,"41,163"
2021,Setiembre,202109,ADP,Tumbes,INTERNACIONAL,20
2021,Setiembre,202109,ADP,Tumbes,NACIONAL,"31,031"
2021,Setiembre,202109,COR,Atalaya,NACIONAL,"1,682"
2021,Setiembre,202109,COR,Cusco,NACIONAL,"165,534"
2021,Setiembre,202109,COR,Huánuco,NACIONAL,"10,968"
2021,Setiembre,202109,COR,Ilo,NACIONAL,"7,410"
2021,Setiembre,202109,COR,Jaén,NACIONAL,"18,752"
2021,Setiembre,202109,COR,Jauja,NACIONAL,"15,037"
2021,Setiembre,202109,COR,Nazca,NACIONAL,"5,092"
2021,Setiembre,202109,COR,Rioja,NACIONAL,14
2021,Setiembre,202109,COR,Tingo María,NACIONAL,532
2021,Setiembre,202109,COR,Yurimaguas,NACIONAL,"2,525"
2021,Setiembre,202109,COR,-,NACIONAL,743
2021,Setiembre,202109,LAP,Lima,INTERNACIONAL,"277,811"
2021,Setiembre,202109,LAP,Lima,NACIONAL,"799,297"
2021,Setiembre,202109,LAP,Lima,TRANSFERENCIA Y TRANSITO,"15,000"
2021,Octubre,202110,AAP,Arequipa,INTERNACIONAL,956
2021,Octubre,202110,AAP,Arequipa,NACIONAL,"109,024"
2021,Octubre,202110,AAP,Arequipa,TRANSFERENCIA Y TRANSITO,59
2021,Octubre,202110,AAP,Ayacucho,NACIONAL,"41,945"
2021,Octubre,202110,AAP,Juliaca,NACIONAL,"22,122"
2021,Octubre,202110,AAP,Puerto Maldonado,INTERNACIONAL,6
2021,Octubre,202110,AAP,Puerto Maldonado,NACIONAL,"29,378"
2021,Octubre,202110,AAP,Puerto Maldonado,TRANSFERENCIA Y TRANSITO,6
2021,Octubre,202110,AAP,Tacna,NACIONAL,"20,825"
2021,Octubre,202110,AAP,Tacna,TRANSFERENCIA Y TRANSITO,3
2021,Octubre,202110,ADP,Cajamarca,NACIONAL,"35,156"
2021,Octubre,202110,ADP,Chachapoyas,NACIONAL,"1,801"
2021,Octubre,202110,ADP,Chiclayo,INTERNACIONAL,"2,150"
2021,Octubre,202110,ADP,Chiclayo,NACIONAL,"42,186"
2021,Octubre,202110,ADP,Huaraz-Anta,NACIONAL,99
2021,Octubre,202110,ADP,Iquitos,NACIONAL,"80,919"
2021,Octubre,202110,ADP,Pisco,NACIONAL,689
2021,Octubre,202110,ADP,Piura,INTERNACIONAL,36
2021,Octubre,202110,ADP,Piura,NACIONAL,"63,988"
2021,Octubre,202110,ADP,Pucallpa,NACIONAL,"52,776"
2021,Octubre,202110,ADP,Talara,INTERNACIONAL,2
2021,Octubre,202110,ADP,Talara,NACIONAL,"25,615"
2021,Octubre,202110,ADP,Tarapoto,NACIONAL,"68,275"
2021,Octubre,202110,ADP,Trujillo,INTERNACIONAL,"1,691"
2021,Octubre,202110,ADP,Trujillo,NACIONAL,"45,132"
2021,Octubre,202110,ADP,Tumbes,INTERNACIONAL,37
2021,Octubre,202110,ADP,Tumbes,NACIONAL,"30,854"
2021,Octubre,202110,COR,Atalaya,NACIONAL,"1,765"
2021,Octubre,202110,COR,Cusco,INTERNACIONAL,6
2021,Octubre,202110,COR,Cusco,NACIONAL,"191,057"
2021,Octubre,202110,COR,Huánuco,NACIONAL,"12,034"
2021,Octubre,202110,COR,Ilo,NACIONAL,"6,076"
2021,Octubre,202110,COR,Jaén,NACIONAL,"19,095"
2021,Octubre,202110,COR,Jauja,NACIONAL,"15,556"
2021,Octubre,202110,COR,Mazamari,NACIONAL,"1,069"
2021,Octubre,202110,COR,Nazca,NACIONAL,"8,526"
2021,Octubre,202110,COR,Tingo María,NACIONAL,529
2021,Octubre,202110,COR,Yurimaguas,NACIONAL,"2,498"
2021,Octubre,202110,COR,-,NACIONAL,742
2021,Octubre,202110,LAP,Lima,INTERNACIONAL,"345,580"
2021,Octubre,202110,LAP,Lima,NACIONAL,"850,557"
2021,Octubre,202110,LAP,Lima,TRANSFERENCIA Y TRANSITO,"21,053"
2021,Noviembre,202111,AAP,Arequipa,INTERNACIONAL,"1,042"
2021,Noviembre,202111,AAP,Arequipa,NACIONAL,"117,961"
2021,Noviembre,202111,AAP,Arequipa,TRANSFERENCIA Y TRANSITO,166
2021,Noviembre,202111,AAP,Ayacucho,NACIONAL,"42,902"
2021,Noviembre,202111,AAP,Juliaca,NACIONAL,"21,811"
2021,Noviembre,202111,AAP,Puerto Maldonado,INTERNACIONAL,8
2021,Noviembre,202111,AAP,Puerto Maldonado,NACIONAL,"30,057"
2021,Noviembre,202111,AAP,Tacna,NACIONAL,"22,365"
2021,Noviembre,202111,ADP,Cajamarca,NACIONAL,"34,540"
2021,Noviembre,202111,ADP,Chachapoyas,NACIONAL,"1,453"
2021,Noviembre,202111,ADP,Chiclayo,INTERNACIONAL,"2,157"
2021,Noviembre,202111,ADP,Chiclayo,NACIONAL,"42,138"
2021,Noviembre,202111,ADP,Huaraz-Anta,NACIONAL,107
2021,Noviembre,202111,ADP,Iquitos,INTERNACIONAL,8
2021,Noviembre,202111,ADP,Iquitos,NACIONAL,"81,582"
2021,Noviembre,202111,ADP,Pisco,INTERNACIONAL,46
2021,Noviembre,202111,ADP,Pisco,NACIONAL,"1,062"
2021,Noviembre,202111,ADP,Piura,INTERNACIONAL,62
2021,Noviembre,202111,ADP,Piura,NACIONAL,"71,784"
2021,Noviembre,202111,ADP,Pucallpa,NACIONAL,"55,362"
2021,Noviembre,202111,ADP,Talara,INTERNACIONAL,17
2021,Noviembre,202111,ADP,Talara,NACIONAL,"26,721"
2021,Noviembre,202111,ADP,Tarapoto,INTERNACIONAL,12
2021,Noviembre,202111,ADP,Tarapoto,NACIONAL,"69,904"
2021,Noviembre,202111,ADP,Trujillo,INTERNACIONAL,"3,510"
2021,Noviembre,202111,ADP,Trujillo,NACIONAL,"49,750"
2021,Noviembre,202111,ADP,Tumbes,INTERNACIONAL,13
2021,Noviembre,202111,ADP,Tumbes,NACIONAL,"35,941"
2021,Noviembre,202111,COR,Atalaya,NACIONAL,"1,642"
2021,Noviembre,202111,COR,Cusco,NACIONAL,"180,593"
2021,Noviembre,202111,COR,Huánuco,NACIONAL,"11,779"
2021,Noviembre,202111,COR,Ilo,NACIONAL,"5,424"
2021,Noviembre,202111,COR,Jaén,NACIONAL,"17,199"
2021,Noviembre,202111,COR,Jauja,NACIONAL,"16,433"
2021,Noviembre,202111,COR,Mazamari,NACIONAL,715
2021,Noviembre,202111,COR,Nazca,NACIONAL,"7,718"
2021,Noviembre,202111,COR,Rioja,NACIONAL,33
2021,Noviembre,202111,COR,Tingo María,NACIONAL,380
2021,Noviembre,202111,COR,Yurimaguas,NACIONAL,"2,507"
2021,Noviembre,202111,COR,-,NACIONAL,680
2021,Noviembre,202111,LAP,Lima,INTERNACIONAL,"381,485"
2021,Noviembre,202111,LAP,Lima,NACIONAL,"869,058"
2021,Noviembre,202111,LAP,Lima,TRANSFERENCIA Y TRANSITO,"39,803"
2021,Diciembre,202112,AAP,Arequipa,INTERNACIONAL,"2,301"
2021,Diciembre,202112,AAP,Arequipa,NACIONAL,"114,771"
2021,Diciembre,202112,AAP,Arequipa,TRANSFERENCIA Y TRANSITO,18
2021,Diciembre,202112,AAP,Ayacucho,NACIONAL,"42,478"
2021,Diciembre,202112,AAP,Juliaca,NACIONAL,"22,090"
2021,Diciembre,202112,AAP,Puerto Maldonado,NACIONAL,"30,082"
2021,Diciembre,202112,AAP,Tacna,NACIONAL,"21,382"
2021,Diciembre,202112,ADP,Cajamarca,NACIONAL,"34,070"
2021,Diciembre,202112,ADP,Chachapoyas,NACIONAL,"1,642"
2021,Diciembre,202112,ADP,Chiclayo,INTERNACIONAL,"1,952"
2021,Diciembre,202112,ADP,Chiclayo,NACIONAL,"45,646"
2021,Diciembre,202112,ADP,Huaraz-Anta,NACIONAL,75
2021,Diciembre,202112,ADP,Iquitos,INTERNACIONAL,28
2021,Diciembre,202112,ADP,Iquitos,NACIONAL,"84,903"
2021,Diciembre,202112,ADP,Pisco,INTERNACIONAL,16
2021,Diciembre,202112,ADP,Pisco,NACIONAL,"1,042"
2021,Diciembre,202112,ADP,Piura,INTERNACIONAL,36
2021,Diciembre,202112,ADP,Piura,NACIONAL,"72,560"
2021,Diciembre,202112,ADP,Pucallpa,NACIONAL,"58,177"
2021,Diciembre,202112,ADP,Talara,INTERNACIONAL,17
2021,Diciembre,202112,ADP,Talara,NACIONAL,"26,883"
2021,Diciembre,202112,ADP,Tarapoto,NACIONAL,"75,374"
2021,Diciembre,202112,ADP,Trujillo,INTERNACIONAL,"5,073"
2021,Diciembre,202112,ADP,Trujillo,NACIONAL,"52,417"
2021,Diciembre,202112,ADP,Tumbes,INTERNACIONAL,23
2021,Diciembre,202112,ADP,Tumbes,NACIONAL,"35,234"
2021,Diciembre,202112,COR,Atalaya,NACIONAL,"1,707"
2021,Diciembre,202112,COR,Cusco,NACIONAL,"179,212"
2021,Diciembre,202112,COR,Huánuco,NACIONAL,"13,491"
2021,Diciembre,202112,COR,Ilo,NACIONAL,"1,511"
2021,Diciembre,202112,COR,Jaén,NACIONAL,"18,291"
2021,Diciembre,202112,COR,Jauja,NACIONAL,"17,635"
2021,Diciembre,202112,COR,Mazamari,NACIONAL,"1,294"
2021,Diciembre,202112,COR,Nazca,NACIONAL,"6,067"
2021,Diciembre,202112,COR,Rioja,NACIONAL,93
2021,Diciembre,202112,COR,Tingo María,NACIONAL,423
2021,Diciembre,202112,COR,Yurimaguas,NACIONAL,"2,522"
2021,Diciembre,202112,COR,-,NACIONAL,756
2021,Diciembre,202112,LAP,Lima,INTERNACIONAL,"429,371"
2021,Diciembre,202112,LAP,Lima,NACIONAL,"884,695"
2021,Diciembre,202112,LAP,Lima,TRANSFERENCIA Y TRANSITO,"38,724"
2022,Enero,202201,AAP,Arequipa,INTERNACIONAL,"2,884"
2022,Enero,202201,AAP,Arequipa,NACIONAL,"108,582"
2022,Enero,202201,AAP,Arequipa,TRANSFERENCIA Y TRANSITO,37
2022,Enero,202201,AAP,Ayacucho,NACIONAL,"19,556"
2022,Enero,202201,AAP,Juliaca,NACIONAL,"40,866"
2022,Enero,202201,AAP,Puerto Maldonado,NACIONAL,"20,316"
2022,Enero,202201,AAP,Tacna,INTERNACIONAL,12
2022,Enero,202201,AAP,Tacna,NACIONAL,"24,611"
2022,Enero,202201,ADP,Cajamarca,NACIONAL,"32,046"
2022,Enero,202201,ADP,Chachapoyas,NACIONAL,"1,321"
2022,Enero,202201,ADP,Chiclayo,INTERNACIONAL,"1,078"
2022,Enero,202201,ADP,Chiclayo,NACIONAL,"39,475"
2022,Enero,202201,ADP,Huaraz-Anta,NACIONAL,33
2022,Enero,202201,ADP,Iquitos,NACIONAL,"80,835"
2022,Enero,202201,ADP,Pisco,INTERNACIONAL,12
2022,Enero,202201,ADP,Pisco,NACIONAL,894
2022,Enero,202201,ADP,Piura,INTERNACIONAL,39
2022,Enero,202201,ADP,Piura,NACIONAL,"71,717"
2022,Enero,202201,ADP,Pucallpa,INTERNACIONAL,4
2022,Enero,202201,ADP,Pucallpa,NACIONAL,"53,436"
2022,Enero,202201,ADP,Talara,NACIONAL,"28,373"
2022,Enero,202201,ADP,Tarapoto,NACIONAL,"70,587"
2022,Enero,202201,ADP,Trujillo,INTERNACIONAL,"5,498"
2022,Enero,202201,ADP,Trujillo,NACIONAL,"46,660"
2022,Enero,202201,ADP,Tumbes,INTERNACIONAL,43
2022,Enero,202201,ADP,Tumbes,NACIONAL,"39,226"
2022,Enero,202201,COR,Atalaya,NACIONAL,"1,418"
2022,Enero,202201,COR,Cusco,NACIONAL,"177,289"
2022,Enero,202201,COR,Huánuco,NACIONAL,"12,323"
2022,Enero,202201,COR,Ilo,NACIONAL,"1,075"
2022,Enero,202201,COR,Jaén,NACIONAL,"17,095"
2022,Enero,202201,COR,Jauja,NACIONAL,"15,106"
2022,Enero,202201,COR,Mazamari,NACIONAL,660
2022,Enero,202201,COR,Nazca,NACIONAL,"8,243"
2022,Enero,202201,COR,Rioja,NACIONAL,39
2022,Enero,202201,COR,Tingo María,NACIONAL,378
2022,Enero,202201,COR,Tocache,NACIONAL,9
2022,Enero,202201,COR,Yurimaguas,NACIONAL,"1,971"
2022,Enero,202201,COR,-,NACIONAL,744
2022,Enero,202201,LAP,Lima,INTERNACIONAL,"399,735"
2022,Enero,202201,LAP,Lima,NACIONAL,"837,408"
2022,Enero,202201,LAP,Lima,TRANSFERENCIA Y TRANSITO,"41,656"
2022,Febrero,202202,AAP,Arequipa,INTERNACIONAL,"2,524"
2022,Febrero,202202,AAP,Arequipa,NACIONAL,"106,563"
2022,Febrero,202202,AAP,Arequipa,TRANSFERENCIA Y TRANSITO,7
2022,Febrero,202202,AAP,Ayacucho,NACIONAL,"20,042"
2022,Febrero,202202,AAP,Juliaca,NACIONAL,"41,158"
2022,Febrero,202202,AAP,Puerto Maldonado,NACIONAL,"21,345"
2022,Febrero,202202,AAP,Tacna,NACIONAL,"27,697"
2022,Febrero,202202,ADP,Cajamarca,NACIONAL,"32,797"
2022,Febrero,202202,ADP,Chachapoyas,NACIONAL,"1,051"
2022,Febrero,202202,ADP,Chiclayo,INTERNACIONAL,"1,604"
2022,Febrero,202202,ADP,Chiclayo,NACIONAL,"40,817"
2022,Febrero,202202,ADP,Huaraz-Anta,NACIONAL,5
2022,Febrero,202202,ADP,Iquitos,INTERNACIONAL,8
2022,Febrero,202202,ADP,Iquitos,NACIONAL,"80,538"
2022,Febrero,202202,ADP,Pisco,INTERNACIONAL,24
2022,Febrero,202202,ADP,Pisco,NACIONAL,449
2022,Febrero,202202,ADP,Piura,INTERNACIONAL,33
2022,Febrero,202202,ADP,Piura,NACIONAL,"73,165"
2022,Febrero,202202,ADP,Pucallpa,NACIONAL,"49,963"
2022,Febrero,202202,ADP,Talara,NACIONAL,"25,078"
2022,Febrero,202202,ADP,Tarapoto,NACIONAL,"62,693"
2022,Febrero,202202,ADP,Trujillo,INTERNACIONAL,"4,886"
2022,Febrero,202202,ADP,Trujillo,NACIONAL,"42,684"
2022,Febrero,202202,ADP,Tumbes,INTERNACIONAL,28
2022,Febrero,202202,ADP,Tumbes,NACIONAL,"38,476"
2022,Febrero,202202,COR,Atalaya,NACIONAL,"1,404"
2022,Febrero,202202,COR,Cusco,NACIONAL,"158,644"
2022,Febrero,202202,COR,Huánuco,NACIONAL,"13,068"
2022,Febrero,202202,COR,Ilo,NACIONAL,"1,253"
2022,Febrero,202202,COR,Jaén,NACIONAL,"4,200"
2022,Febrero,202202,COR,Jauja,NACIONAL,"13,926"
2022,Febrero,202202,COR,Mazamari,NACIONAL,546
2022,Febrero,202202,COR,Nazca,NACIONAL,"5,114"
2022,Febrero,202202,COR,Rioja,NACIONAL,23
2022,Febrero,202202,COR,Tingo María,NACIONAL,315
2022,Febrero,202202,COR,Tocache,NACIONAL,15
2022,Febrero,202202,COR,Yurimaguas,NACIONAL,"1,978"
2022,Febrero,202202,COR,-,NACIONAL,763
2022,Febrero,202202,LAP,Lima,INTERNACIONAL,"392,803"
2022,Febrero,202202,LAP,Lima,NACIONAL,"798,354"
2022,Febrero,202202,LAP,Lima,TRANSFERENCIA Y TRANSITO,"37,512"
2022,Marzo,202203,AAP,Arequipa,INTERNACIONAL,"1,994"
2022,Marzo,202203,AAP,Arequipa,NACIONAL,"116,690"
2022,Marzo,202203,AAP,Arequipa,TRANSFERENCIA Y TRANSITO,8
2022,Marzo,202203,AAP,Ayacucho,NACIONAL,"20,853"
2022,Marzo,202203,AAP,Juliaca,NACIONAL,"44,685"
2022,Marzo,202203,AAP,Puerto Maldonado,NACIONAL,"21,521"
2022,Marzo,202203,AAP,Tacna,NACIONAL,"28,484"
2022,Marzo,202203,ADP,Cajamarca,NACIONAL,"33,474"
2022,Marzo,202203,ADP,Chachapoyas,NACIONAL,"1,066"
2022,Marzo,202203,ADP,Chiclayo,INTERNACIONAL,"1,666"
2022,Marzo,202203,ADP,Chiclayo,NACIONAL,"41,257"
2022,Marzo,202203,ADP,Huaraz-Anta,NACIONAL,16
2022,Marzo,202203,ADP,Iquitos,INTERNACIONAL,22
2022,Marzo,202203,ADP,Iquitos,NACIONAL,"81,851"
2022,Marzo,202203,ADP,Pisco,INTERNACIONAL,44
2022,Marzo,202203,ADP,Pisco,NACIONAL,"1,022"
2022,Marzo,202203,ADP,Piura,INTERNACIONAL,26
2022,Marzo,202203,ADP,Piura,NACIONAL,"74,914"
2022,Marzo,202203,ADP,Pucallpa,NACIONAL,"52,330"
2022,Marzo,202203,ADP,Talara,NACIONAL,"24,702"
2022,Marzo,202203,ADP,Tarapoto,NACIONAL,"64,965"
2022,Marzo,202203,ADP,Trujillo,INTERNACIONAL,"5,783"
2022,Marzo,202203,ADP,Trujillo,NACIONAL,"47,799"
2022,Marzo,202203,ADP,Tumbes,INTERNACIONAL,41
2022,Marzo,202203,ADP,Tumbes,NACIONAL,"37,499"
2022,Marzo,202203,COR,Atalaya,NACIONAL,"1,715"
2022,Marzo,202203,COR,Cusco,INTERNACIONAL,22
2022,Marzo,202203,COR,Cusco,NACIONAL,"182,751"
2022,Marzo,202203,COR,Huánuco,NACIONAL,"14,854"
2022,Marzo,202203,COR,Ilo,NACIONAL,"1,524"
2022,Marzo,202203,COR,Jaén,NACIONAL,"18,300"
2022,Marzo,202203,COR,Jauja,NACIONAL,"16,004"
2022,Marzo,202203,COR,Mazamari,NACIONAL,695
2022,Marzo,202203,COR,Nazca,NACIONAL,"6,238"
2022,Marzo,202203,COR,Rioja,NACIONAL,9
2022,Marzo,202203,COR,Tingo María,NACIONAL,378
2022,Marzo,202203,COR,Yurimaguas,NACIONAL,"2,283"
2022,Marzo,202203,COR,-,NACIONAL,691
2022,Marzo,202203,LAP,Lima,INTERNACIONAL,"466,072"
2022,Marzo,202203,LAP,Lima,NACIONAL,"864,774"
2022,Marzo,202203,LAP,Lima,TRANSFERENCIA Y TRANSITO,"36,542"
2022,Abril,202204,AAP,Arequipa,INTERNACIONAL,"2,602"
2022,Abril,202204,AAP,Arequipa,NACIONAL,"121,939"
2022,Abril,202204,AAP,Arequipa,TRANSFERENCIA Y TRANSITO,33
2022,Abril,202204,AAP,Ayacucho,NACIONAL,"25,192"
2022,Abril,202204,AAP,Juliaca,NACIONAL,"40,765"
2022,Abril,202204,AAP,Puerto Maldonado,NACIONAL,"20,122"
2022,Abril,202204,AAP,Tacna,NACIONAL,"29,867"
2022,Abril,202204,ADP,Cajamarca,NACIONAL,"33,815"
2022,Abril,202204,ADP,Chachapoyas,NACIONAL,"1,441"
2022,Abril,202204,ADP,Chiclayo,INTERNACIONAL,"1,577"
2022,Abril,202204,ADP,Chiclayo,NACIONAL,"41,377"
2022,Abril,202204,ADP,Huaraz-Anta,NACIONAL,19
2022,Abril,202204,ADP,Iquitos,INTERNACIONAL,11
2022,Abril,202204,ADP,Iquitos,NACIONAL,"72,775"
2022,Abril,202204,ADP,Pisco,INTERNACIONAL,60
2022,Abril,202204,ADP,Pisco,NACIONAL,"1,886"
2022,Abril,202204,ADP,Piura,INTERNACIONAL,48
2022,Abril,202204,ADP,Piura,NACIONAL,"66,982"
2022,Abril,202204,ADP,Pucallpa,NACIONAL,"46,238"
2022,Abril,202204,ADP,Talara,NACIONAL,"21,622"
2022,Abril,202204,ADP,Tarapoto,NACIONAL,"59,855"
2022,Abril,202204,ADP,Trujillo,INTERNACIONAL,"3,739"
2022,Abril,202204,ADP,Trujillo,NACIONAL,"47,037"
2022,Abril,202204,ADP,Tumbes,INTERNACIONAL,26
2022,Abril,202204,ADP,Tumbes,NACIONAL,"29,747"
2022,Abril,202204,COR,Atalaya,NACIONAL,"1,474"
2022,Abril,202204,COR,Cusco,INTERNACIONAL,40
2022,Abril,202204,COR,Cusco,NACIONAL,"200,134"
2022,Abril,202204,COR,Huánuco,NACIONAL,"15,289"
2022,Abril,202204,COR,Ilo,NACIONAL,"1,195"
2022,Abril,202204,COR,Jaén,NACIONAL,"12,259"
2022,Abril,202204,COR,Jauja,NACIONAL,"14,397"
2022,Abril,202204,COR,Mazamari,NACIONAL,552
2022,Abril,202204,COR,Nazca,NACIONAL,"8,517"
2022,Abril,202204,COR,Rioja,NACIONAL,31
2022,Abril,202204,COR,Tingo María,NACIONAL,194
2022,Abril,202204,COR,Yurimaguas,NACIONAL,"2,126"
2022,Abril,202204,COR,-,NACIONAL,631
2022,Abril,202204,LAP,Lima,INTERNACIONAL,"493,621"
2022,Abril,202204,LAP,Lima,NACIONAL,"841,510"
2022,Abril,202204,LAP,Lima,TRANSFERENCIA Y TRANSITO,"38,224"
2022,Mayo,202205,AAP,Arequipa,INTERNACIONAL,"1,860"
2022,Mayo,202205,AAP,Arequipa,NACIONAL,"147,819"
2022,Mayo,202205,AAP,Arequipa,TRANSFERENCIA Y TRANSITO,183
2022,Mayo,202205,AAP,Ayacucho,NACIONAL,"26,945"
2022,Mayo,202205,AAP,Juliaca,NACIONAL,"22,067"
2022,Mayo,202205,AAP,Puerto Maldonado,NACIONAL,"23,998"
2022,Mayo,202205,AAP,Tacna,NACIONAL,"30,591"
2022,Mayo,202205,ADP,Cajamarca,NACIONAL,"37,095"
2022,Mayo,202205,ADP,Chachapoyas,NACIONAL,"1,384"
2022,Mayo,202205,ADP,Chiclayo,INTERNACIONAL,"1,915"
2022,Mayo,202205,ADP,Chiclayo,NACIONAL,"46,741"
2022,Mayo,202205,ADP,Iquitos,INTERNACIONAL,22
2022,Mayo,202205,ADP,Iquitos,NACIONAL,"74,433"
2022,Mayo,202205,ADP,Pisco,INTERNACIONAL,31
2022,Mayo,202205,ADP,Pisco,NACIONAL,"2,225"
2022,Mayo,202205,ADP,Piura,INTERNACIONAL,29
2022,Mayo,202205,ADP,Piura,NACIONAL,"72,185"
2022,Mayo,202205,ADP,Pucallpa,NACIONAL,"48,625"
2022,Mayo,202205,ADP,Talara,INTERNACIONAL,18
2022,Mayo,202205,ADP,Talara,NACIONAL,"19,344"
2022,Mayo,202205,ADP,Tarapoto,NACIONAL,"68,658"
2022,Mayo,202205,ADP,Trujillo,INTERNACIONAL,"4,529"
2022,Mayo,202205,ADP,Trujillo,NACIONAL,"51,118"
2022,Mayo,202205,ADP,Tumbes,INTERNACIONAL,38
2022,Mayo,202205,ADP,Tumbes,NACIONAL,"30,186"
2022,Mayo,202205,COR,Atalaya,NACIONAL,"1,427"
2022,Mayo,202205,COR,Cusco,INTERNACIONAL,58
2022,Mayo,202205,COR,Cusco,NACIONAL,"228,545"
2022,Mayo,202205,COR,Huánuco,NACIONAL,"14,300"
2022,Mayo,202205,COR,Ilo,NACIONAL,"1,166"
2022,Mayo,202205,COR,Jaén,NACIONAL,"17,700"
2022,Mayo,202205,COR,Jauja,NACIONAL,"17,511"
2022,Mayo,202205,COR,Mazamari,NACIONAL,537
2022,Mayo,202205,COR,Nazca,NACIONAL,"9,786"
2022,Mayo,202205,COR,Rioja,NACIONAL,34
2022,Mayo,202205,COR,Tingo María,NACIONAL,130
2022,Mayo,202205,COR,Yurimaguas,NACIONAL,"2,437"
2022,Mayo,202205,COR,-,NACIONAL,737
2022,Mayo,202205,LAP,Lima,INTERNACIONAL,"530,395"
2022,Mayo,202205,LAP,Lima,NACIONAL,"909,636"
2022,Mayo,202205,LAP,Lima,TRANSFERENCIA Y TRANSITO,"41,031"
2022,Junio,202206,AAP,Arequipa,INTERNACIONAL,"1,517"
2022,Junio,202206,AAP,Arequipa,NACIONAL,"149,660"
2022,Junio,202206,AAP,Arequipa,TRANSFERENCIA Y TRANSITO,131
2022,Junio,202206,AAP,Ayacucho,NACIONAL,"26,177"
2022,Junio,202206,AAP,Juliaca,NACIONAL,"17,051"
2022,Junio,202206,AAP,Puerto Maldonado,NACIONAL,"25,910"
2022,Junio,202206,AAP,Tacna,NACIONAL,"29,223"
2022,Junio,202206,ADP,Cajamarca,NACIONAL,"36,477"
2022,Junio,202206,ADP,Chachapoyas,NACIONAL,"1,606"
2022,Junio,202206,ADP,Chiclayo,INTERNACIONAL,"1,623"
2022,Junio,202206,ADP,Chiclayo,NACIONAL,"50,152"
2022,Junio,202206,ADP,Huaraz-Anta,NACIONAL,4
2022,Junio,202206,ADP,Iquitos,NACIONAL,"73,723"
2022,Junio,202206,ADP,Pisco,INTERNACIONAL,32
2022,Junio,202206,ADP,Pisco,NACIONAL,"1,908"
2022,Junio,202206,ADP,Piura,INTERNACIONAL,19
2022,Junio,202206,ADP,Piura,NACIONAL,"71,055"
2022,Junio,202206,ADP,Pucallpa,NACIONAL,"50,463"
2022,Junio,202206,ADP,Talara,NACIONAL,"18,185"
2022,Junio,202206,ADP,Tarapoto,INTERNACIONAL,2
2022,Junio,202206,ADP,Tarapoto,NACIONAL,"69,937"
2022,Junio,202206,ADP,Trujillo,INTERNACIONAL,"3,551"
2022,Junio,202206,ADP,Trujillo,NACIONAL,"60,061"
2022,Junio,202206,ADP,Tumbes,INTERNACIONAL,42
2022,Junio,202206,ADP,Tumbes,NACIONAL,"27,128"
2022,Junio,202206,COR,Atalaya,NACIONAL,"1,427"
2022,Junio,202206,COR,Chimbote,NACIONAL,554
2022,Junio,202206,COR,Cusco,INTERNACIONAL,29
2022,Junio,202206,COR,Cusco,NACIONAL,"249,338"
2022,Junio,202206,COR,Huánuco,NACIONAL,"13,492"
2022,Junio,202206,COR,Ilo,NACIONAL,"1,455"
2022,Junio,202206,COR,Jaén,NACIONAL,"1,446"
2022,Junio,202206,COR,Jauja,NACIONAL,"16,367"
2022,Junio,202206,COR,Mazamari,NACIONAL,910
2022,Junio,202206,COR,Nazca,NACIONAL,"9,370"
2022,Junio,202206,COR,Rioja,NACIONAL,16
2022,Junio,202206,COR,Tingo María,NACIONAL,139
2022,Junio,202206,COR,Yurimaguas,NACIONAL,"2,345"
2022,Junio,202206,LAP,Lima,INTERNACIONAL,"516,746"
2022,Junio,202206,LAP,Lima,NACIONAL,"910,725"
2022,Junio,202206,LAP,Lima,TRANSFERENCIA Y TRANSITO,"40,199"
2022,Julio,202207,AAP,Arequipa,INTERNACIONAL,"1,910"
2022,Julio,202207,AAP,Arequipa,NACIONAL,"160,750"
2022,Julio,202207,AAP,Arequipa,TRANSFERENCIA Y TRANSITO,263
2022,Julio,202207,AAP,Ayacucho,NACIONAL,"29,758"
2022,Julio,202207,AAP,Juliaca,NACIONAL,"49,792"
2022,Julio,202207,AAP,Puerto Maldonado,NACIONAL,"32,205"
2022,Julio,202207,AAP,Tacna,INTERNACIONAL,5
2022,Julio,202207,AAP,Tacna,NACIONAL,"33,567"
2022,Julio,202207,ADP,Cajamarca,NACIONAL,"41,446"
2022,Julio,202207,ADP,Chachapoyas,NACIONAL,"2,021"
2022,Julio,202207,ADP,Chiclayo,INTERNACIONAL,"1,926"
2022,Julio,202207,ADP,Chiclayo,NACIONAL,"53,767"
2022,Julio,202207,ADP,Huaraz-Anta,NACIONAL,16
2022,Julio,202207,ADP,Iquitos,INTERNACIONAL,86
2022,Julio,202207,ADP,Iquitos,NACIONAL,"82,760"
2022,Julio,202207,ADP,Pisco,INTERNACIONAL,33
2022,Julio,202207,ADP,Pisco,NACIONAL,"2,364"
2022,Julio,202207,ADP,Piura,INTERNACIONAL,62
2022,Julio,202207,ADP,Piura,NACIONAL,"89,527"
2022,Julio,202207,ADP,Pucallpa,NACIONAL,"52,920"
2022,Julio,202207,ADP,Talara,NACIONAL,"21,183"
2022,Julio,202207,ADP,Tarapoto,INTERNACIONAL,2
2022,Julio,202207,ADP,Tarapoto,NACIONAL,"83,499"
2022,Julio,202207,ADP,Trujillo,INTERNACIONAL,"3,888"
2022,Julio,202207,ADP,Trujillo,NACIONAL,"67,919"
2022,Julio,202207,ADP,Tumbes,INTERNACIONAL,16
2022,Julio,202207,ADP,Tumbes,NACIONAL,"33,180"
2022,Julio,202207,COR,Atalaya,NACIONAL,"1,522"
2022,Julio,202207,COR,Chimbote,NACIONAL,906
2022,Julio,202207,COR,Cusco,INTERNACIONAL,"2,982"
2022,Julio,202207,COR,Cusco,NACIONAL,"291,678"
2022,Julio,202207,COR,Huánuco,NACIONAL,"15,073"
2022,Julio,202207,COR,Ilo,NACIONAL,"1,670"
2022,Julio,202207,COR,Jaén,NACIONAL,132
2022,Julio,202207,COR,Jauja,NACIONAL,"15,555"
2022,Julio,202207,COR,Mazamari,NACIONAL,552
2022,Julio,202207,COR,Nazca,NACIONAL,"14,670"
2022,Julio,202207,COR,Rioja,NACIONAL,11
2022,Julio,202207,COR,Tingo María,NACIONAL,179
2022,Julio,202207,COR,Yurimaguas,NACIONAL,"2,824"
2022,Julio,202207,COR,-,NACIONAL,414
2022,Julio,202207,LAP,Lima,INTERNACIONAL,"584,834"
2022,Julio,202207,LAP,Lima,NACIONAL,"1,058,406"
2022,Julio,202207,LAP,Lima,TRANSFERENCIA Y TRANSITO,"50,217"
2022,Agosto,202208,AAP,Arequipa,INTERNACIONAL,"1,986"
2022,Agosto,202208,AAP,Arequipa,NACIONAL,"178,201"
2022,Agosto,202208,AAP,Arequipa,TRANSFERENCIA Y TRANSITO,298
2022,Agosto,202208,AAP,Ayacucho,NACIONAL,"31,003"
2022,Agosto,202208,AAP,Juliaca,NACIONAL,"53,084"
2022,Agosto,202208,AAP,Puerto Maldonado,NACIONAL,"31,905"
2022,Agosto,202208,AAP,Tacna,NACIONAL,"35,403"
2022,Agosto,202208,ADP,Cajamarca,NACIONAL,"46,548"
2022,Agosto,202208,ADP,Chachapoyas,NACIONAL,"2,931"
2022,Agosto,202208,ADP,Chiclayo,INTERNACIONAL,"1,934"
2022,Agosto,202208,ADP,Chiclayo,NACIONAL,"53,735"
2022,Agosto,202208,ADP,Huaraz-Anta,NACIONAL,42
2022,Agosto,202208,ADP,Iquitos,NACIONAL,"88,553"
2022,Agosto,202208,ADP,Pisco,INTERNACIONAL,45
2022,Agosto,202208,ADP,Pisco,NACIONAL,"2,604"
2022,Agosto,202208,ADP,Piura,INTERNACIONAL,134
2022,Agosto,202208,ADP,Piura,NACIONAL,"97,311"
2022,Agosto,202208,ADP,Pucallpa,NACIONAL,"58,689"
2022,Agosto,202208,ADP,Talara,INTERNACIONAL,40
2022,Agosto,202208,ADP,Talara,NACIONAL,"24,263"
2022,Agosto,202208,ADP,Tarapoto,NACIONAL,"97,233"
2022,Agosto,202208,ADP,Trujillo,INTERNACIONAL,"3,702"
2022,Agosto,202208,ADP,Trujillo,NACIONAL,"70,243"
2022,Agosto,202208,ADP,Tumbes,INTERNACIONAL,20
2022,Agosto,202208,ADP,Tumbes,NACIONAL,"35,167"
2022,Agosto,202208,COR,Atalaya,NACIONAL,"1,747"
2022,Agosto,202208,COR,Chimbote,NACIONAL,662
2022,Agosto,202208,COR,Cusco,INTERNACIONAL,"2,908"
2022,Agosto,202208,COR,Cusco,NACIONAL,"315,153"
2022,Agosto,202208,COR,Huánuco,NACIONAL,"15,418"
2022,Agosto,202208,COR,Ilo,NACIONAL,"2,484"
2022,Agosto,202208,COR,Jaén,NACIONAL,"3,878"
2022,Agosto,202208,COR,Jauja,NACIONAL,"18,777"
2022,Agosto,202208,COR,Juanjui,NACIONAL,22
2022,Agosto,202208,COR,Mazamari,NACIONAL,956
2022,Agosto,202208,COR,Nazca,NACIONAL,"16,140"
2022,Agosto,202208,COR,Rioja,NACIONAL,65
2022,Agosto,202208,COR,Tingo María,NACIONAL,141
2022,Agosto,202208,COR,Tocache,NACIONAL,9
2022,Agosto,202208,COR,Yurimaguas,NACIONAL,"3,396"
2022,Agosto,202208,COR,-,NACIONAL,167
2022,Agosto,202208,LAP,Lima,INTERNACIONAL,"617,118"
2022,Agosto,202208,LAP,Lima,NACIONAL,"1,148,473"
2022,Agosto,202208,LAP,Lima,TRANSFERENCIA Y TRANSITO,"46,442"
2022,Setiembre,202209,AAP,Arequipa,INTERNACIONAL,"1,992"
2022,Setiembre,202209,AAP,Arequipa,NACIONAL,"170,603"
2022,Setiembre,202209,AAP,Arequipa,TRANSFERENCIA Y TRANSITO,237
2022,Setiembre,202209,AAP,Ayacucho,NACIONAL,"29,502"
2022,Setiembre,202209,AAP,Juliaca,INTERNACIONAL,2
2022,Setiembre,202209,AAP,Juliaca,NACIONAL,"32,153"
2022,Setiembre,202209,AAP,Puerto Maldonado,NACIONAL,"30,145"
2022,Setiembre,202209,AAP,Tacna,INTERNACIONAL,6
2022,Setiembre,202209,AAP,Tacna,NACIONAL,"34,482"
2022,Setiembre,202209,ADP,Cajamarca,NACIONAL,"44,733"
2022,Setiembre,202209,ADP,Chachapoyas,NACIONAL,"1,229"
2022,Setiembre,202209,ADP,Chiclayo,INTERNACIONAL,"1,611"
2022,Setiembre,202209,ADP,Chiclayo,NACIONAL,"48,636"
2022,Setiembre,202209,ADP,Huaraz-Anta,NACIONAL,10
2022,Setiembre,202209,ADP,Iquitos,INTERNACIONAL,18
2022,Setiembre,202209,ADP,Iquitos,NACIONAL,"83,761"
2022,Setiembre,202209,ADP,Pisco,INTERNACIONAL,38
2022,Setiembre,202209,ADP,Pisco,NACIONAL,"2,199"
2022,Setiembre,202209,ADP,Piura,INTERNACIONAL,52
2022,Setiembre,202209,ADP,Piura,NACIONAL,"90,427"
2022,Setiembre,202209,ADP,Pucallpa,NACIONAL,"51,991"
2022,Setiembre,202209,ADP,Talara,NACIONAL,"23,453"
2022,Setiembre,202209,ADP,Tarapoto,INTERNACIONAL,28
2022,Setiembre,202209,ADP,Tarapoto,NACIONAL,"79,684"
2022,Setiembre,202209,ADP,Trujillo,INTERNACIONAL,"3,731"
2022,Setiembre,202209,ADP,Trujillo,NACIONAL,"65,981"
2022,Setiembre,202209,ADP,Tumbes,INTERNACIONAL,11
2022,Setiembre,202209,ADP,Tumbes,NACIONAL,"30,563"
2022,Setiembre,202209,COR,Atalaya,NACIONAL,"1,699"
2022,Setiembre,202209,COR,Chimbote,NACIONAL,48
2022,Setiembre,202209,COR,Cusco,INTERNACIONAL,"2,664"
2022,Setiembre,202209,COR,Cusco,NACIONAL,"289,367"
2022,Setiembre,202209,COR,Huánuco,NACIONAL,"13,900"
2022,Setiembre,202209,COR,Ilo,NACIONAL,"1,217"
2022,Setiembre,202209,COR,Jaén,NACIONAL,"16,731"
2022,Setiembre,202209,COR,Jauja,NACIONAL,"17,389"
2022,Setiembre,202209,COR,Juanjui,NACIONAL,4
2022,Setiembre,202209,COR,Mazamari,NACIONAL,"1,145"
2022,Setiembre,202209,COR,Moquegua,NACIONAL,35
2022,Setiembre,202209,COR,Nazca,NACIONAL,"12,122"
2022,Setiembre,202209,COR,Rioja,NACIONAL,34
2022,Setiembre,202209,COR,Tingo María,NACIONAL,45
2022,Setiembre,202209,COR,Yurimaguas,NACIONAL,"3,071"
2022,Setiembre,202209,COR,-,NACIONAL,663
2022,Setiembre,202209,LAP,Lima,INTERNACIONAL,"565,173"
2022,Setiembre,202209,LAP,Lima,NACIONAL,"1,056,601"
2022,Setiembre,202209,LAP,Lima,TRANSFERENCIA Y TRANSITO,"50,475"
2022,Octubre,202210,AAP,Arequipa,INTERNACIONAL,"1,797"
2022,Octubre,202210,AAP,Arequipa,NACIONAL,"175,815"
2022,Octubre,202210,AAP,Arequipa,TRANSFERENCIA Y TRANSITO,346
2022,Octubre,202210,AAP,Ayacucho,NACIONAL,"32,404"
2022,Octubre,202210,AAP,Juliaca,INTERNACIONAL,4
2022,Octubre,202210,AAP,Juliaca,NACIONAL,"51,295"
2022,Octubre,202210,AAP,Puerto Maldonado,NACIONAL,"31,681"
2022,Octubre,202210,AAP,Puerto Maldonado,TRANSFERENCIA Y TRANSITO,2
2022,Octubre,202210,AAP,Tacna,NACIONAL,"38,187"
2022,Octubre,202210,ADP,Cajamarca,NACIONAL,"50,109"
2022,Octubre,202210,ADP,Chachapoyas,NACIONAL,"1,703"
2022,Octubre,202210,ADP,Chiclayo,INTERNACIONAL,"1,436"
2022,Octubre,202210,ADP,Chiclayo,NACIONAL,"56,512"
2022,Octubre,202210,ADP,Huaraz-Anta,NACIONAL,15
2022,Octubre,202210,ADP,Iquitos,INTERNACIONAL,4
2022,Octubre,202210,ADP,Iquitos,NACIONAL,"89,929"
2022,Octubre,202210,ADP,Pisco,INTERNACIONAL,5
2022,Octubre,202210,ADP,Pisco,NACIONAL,"3,322"
2022,Octubre,202210,ADP,Piura,INTERNACIONAL,50
2022,Octubre,202210,ADP,Piura,NACIONAL,"103,172"
2022,Octubre,202210,ADP,Pucallpa,NACIONAL,"57,505"
2022,Octubre,202210,ADP,Talara,NACIONAL,"29,055"
2022,Octubre,202210,ADP,Tarapoto,INTERNACIONAL,14
2022,Octubre,202210,ADP,Tarapoto,NACIONAL,"90,000"
2022,Octubre,202210,ADP,Trujillo,INTERNACIONAL,"3,709"
2022,Octubre,202210,ADP,Trujillo,NACIONAL,"74,975"
2022,Octubre,202210,ADP,Tumbes,INTERNACIONAL,24
2022,Octubre,202210,ADP,Tumbes,NACIONAL,"34,784"
2022,Octubre,202210,COR,Atalaya,NACIONAL,"1,354"
2022,Octubre,202210,COR,Chimbote,NACIONAL,8
2022,Octubre,202210,COR,Cusco,INTERNACIONAL,"2,497"
2022,Octubre,202210,COR,Cusco,NACIONAL,"295,526"
2022,Octubre,202210,COR,Huánuco,NACIONAL,"16,433"
2022,Octubre,202210,COR,Ilo,NACIONAL,"2,534"
2022,Octubre,202210,COR,Jaén,NACIONAL,"17,342"
2022,Octubre,202210,COR,Jauja,NACIONAL,"18,285"
2022,Octubre,202210,COR,Mazamari,NACIONAL,531
2022,Octubre,202210,COR,Nazca,NACIONAL,"12,559"
2022,Octubre,202210,COR,Rioja,NACIONAL,41
2022,Octubre,202210,COR,Yurimaguas,NACIONAL,"2,586"
2022,Octubre,202210,COR,-,NACIONAL,267
2022,Octubre,202210,LAP,Lima,INTERNACIONAL,"620,491"
2022,Octubre,202210,LAP,Lima,NACIONAL,"1,164,253"
2022,Octubre,202210,LAP,Lima,TRANSFERENCIA Y TRANSITO,"47,699"
2022,Noviembre,202211,AAP,Arequipa,INTERNACIONAL,"1,250"
2022,Noviembre,202211,AAP,Arequipa,NACIONAL,"166,708"
2022,Noviembre,202211,AAP,Ayacucho,NACIONAL,"29,901"
2022,Noviembre,202211,AAP,Juliaca,NACIONAL,"51,341"
2022,Noviembre,202211,AAP,Puerto Maldonado,NACIONAL,"27,249"
2022,Noviembre,202211,AAP,Tacna,NACIONAL,"37,153"
2022,Noviembre,202211,ADP,Cajamarca,NACIONAL,"42,327"
2022,Noviembre,202211,ADP,Chachapoyas,NACIONAL,"1,232"
2022,Noviembre,202211,ADP,Chiclayo,INTERNACIONAL,"1,792"
2022,Noviembre,202211,ADP,Chiclayo,NACIONAL,"52,855"
2022,Noviembre,202211,ADP,Huaraz-Anta,NACIONAL,35
2022,Noviembre,202211,ADP,Iquitos,INTERNACIONAL,197
2022,Noviembre,202211,ADP,Iquitos,NACIONAL,"76,494"
2022,Noviembre,202211,ADP,Pisco,INTERNACIONAL,294
2022,Noviembre,202211,ADP,Pisco,NACIONAL,"2,152"
2022,Noviembre,202211,ADP,Piura,INTERNACIONAL,60
2022,Noviembre,202211,ADP,Piura,NACIONAL,"92,712"
2022,Noviembre,202211,ADP,Pucallpa,NACIONAL,"52,057"
2022,Noviembre,202211,ADP,Talara,NACIONAL,"29,159"
2022,Noviembre,202211,ADP,Tarapoto,NACIONAL,"75,704"
2022,Noviembre,202211,ADP,Trujillo,INTERNACIONAL,"3,795"
2022,Noviembre,202211,ADP,Trujillo,NACIONAL,"67,718"
2022,Noviembre,202211,ADP,Tumbes,INTERNACIONAL,8
2022,Noviembre,202211,ADP,Tumbes,NACIONAL,"33,053"
2022,Noviembre,202211,COR,Atalaya,NACIONAL,"1,156"
2022,Noviembre,202211,COR,Cusco,INTERNACIONAL,"2,509"
2022,Noviembre,202211,COR,Cusco,NACIONAL,"245,119"
2022,Noviembre,202211,COR,Huánuco,NACIONAL,"14,321"
2022,Noviembre,202211,COR,Ilo,NACIONAL,"2,431"
2022,Noviembre,202211,COR,Jaén,NACIONAL,"16,950"
2022,Noviembre,202211,COR,Jauja,NACIONAL,"16,246"
2022,Noviembre,202211,COR,Mazamari,NACIONAL,579
2022,Noviembre,202211,COR,Nazca,NACIONAL,"9,271"
2022,Noviembre,202211,COR,Rioja,NACIONAL,64
2022,Noviembre,202211,COR,Yurimaguas,NACIONAL,"1,891"
2022,Noviembre,202211,LAP,Lima,INTERNACIONAL,"589,877"
2022,Noviembre,202211,LAP,Lima,NACIONAL,"1,055,358"
2022,Noviembre,202211,LAP,Lima,TRANSFERENCIA Y TRANSITO,"42,940"
2022,Diciembre,202212,AAP,Arequipa,INTERNACIONAL,"1,264"
2022,Diciembre,202212,AAP,Arequipa,NACIONAL,"139,079"
2022,Diciembre,202212,AAP,Arequipa,TRANSFERENCIA Y TRANSITO,41
2022,Diciembre,202212,AAP,Ayacucho,NACIONAL,"26,023"
2022,Diciembre,202212,AAP,Juliaca,NACIONAL,"45,770"
2022,Diciembre,202212,AAP,Puerto Maldonado,NACIONAL,"27,991"
2022,Diciembre,202212,AAP,Tacna,NACIONAL,"42,677"
2022,Diciembre,202212,ADP,Cajamarca,NACIONAL,"46,651"
2022,Diciembre,202212,ADP,Chachapoyas,NACIONAL,"1,309"
2022,Diciembre,202212,ADP,Chiclayo,INTERNACIONAL,"1,568"
2022,Diciembre,202212,ADP,Chiclayo,NACIONAL,"66,036"
2022,Diciembre,202212,ADP,Huaraz-Anta,NACIONAL,49
2022,Diciembre,202212,ADP,Iquitos,INTERNACIONAL,34
2022,Diciembre,202212,ADP,Iquitos,NACIONAL,"89,418"
2022,Diciembre,202212,ADP,Pisco,INTERNACIONAL,16
2022,Diciembre,202212,ADP,Pisco,NACIONAL,902
2022,Diciembre,202212,ADP,Piura,INTERNACIONAL,73
2022,Diciembre,202212,ADP,Piura,NACIONAL,"101,971"
2022,Diciembre,202212,ADP,Pucallpa,INTERNACIONAL,3
2022,Diciembre,202212,ADP,Pucallpa,NACIONAL,"59,560"
2022,Diciembre,202212,ADP,Talara,NACIONAL,"33,402"
2022,Diciembre,202212,ADP,Tarapoto,NACIONAL,"92,276"
2022,Diciembre,202212,ADP,Trujillo,INTERNACIONAL,"5,470"
2022,Diciembre,202212,ADP,Trujillo,NACIONAL,"80,208"
2022,Diciembre,202212,ADP,Tumbes,INTERNACIONAL,23
2022,Diciembre,202212,ADP,Tumbes,NACIONAL,"39,846"
2022,Diciembre,202212,COR,Atalaya,NACIONAL,"1,456"
2022,Diciembre,202212,COR,Cusco,INTERNACIONAL,"1,563"
2022,Diciembre,202212,COR,Cusco,NACIONAL,"209,004"
2022,Diciembre,202212,COR,Huánuco,NACIONAL,"15,850"
2022,Diciembre,202212,COR,Ilo,NACIONAL,"2,564"
2022,Diciembre,202212,COR,Jaén,NACIONAL,"15,686"
2022,Diciembre,202212,COR,Jauja,NACIONAL,"17,834"
2022,Diciembre,202212,COR,Mazamari,NACIONAL,449
2022,Diciembre,202212,COR,Nazca,NACIONAL,"3,780"
2022,Diciembre,202212,COR,Rioja,NACIONAL,43
2022,Diciembre,202212,COR,Yurimaguas,NACIONAL,"2,169"
2022,Diciembre,202212,COR,-,NACIONAL,728
2022,Diciembre,202212,LAP,Lima,INTERNACIONAL,"593,822"
2022,Diciembre,202212,LAP,Lima,NACIONAL,"1,087,811"
2022,Diciembre,202212,LAP,Lima,TRANSFERENCIA Y TRANSITO,"45,572"
2023,Enero,202301,AAP,Arequipa,INTERNACIONAL,915
2023,Enero,202301,AAP,Arequipa,NACIONAL,"120,436"
2023,Enero,202301,AAP,Ayacucho,NACIONAL,"25,861"
2023,Enero,202301,AAP,Juliaca,NACIONAL,"8,298"
2023,Enero,202301,AAP,Puerto Maldonado,NACIONAL,"24,896"
2023,Enero,202301,AAP,Tacna,INTERNACIONAL,2
2023,Enero,202301,AAP,Tacna,NACIONAL,"44,750"
2023,Enero,202301,ADP,Cajamarca,NACIONAL,"45,473"
2023,Enero,202301,ADP,Chachapoyas,NACIONAL,"1,189"
2023,Enero,202301,ADP,Chiclayo,INTERNACIONAL,"1,993"
2023,Enero,202301,ADP,Chiclayo,NACIONAL,"75,607"
2023,Enero,202301,ADP,Huaraz-Anta,NACIONAL,28
2023,Enero,202301,ADP,Iquitos,NACIONAL,"94,339"
2023,Enero,202301,ADP,Pisco,INTERNACIONAL,130
2023,Enero,202301,ADP,Pisco,NACIONAL,"1,784"
2023,Enero,202301,ADP,Piura,INTERNACIONAL,3
2023,Enero,202301,ADP,Piura,NACIONAL,"105,705"
2023,Enero,202301,ADP,Pucallpa,NACIONAL,"60,693"
2023,Enero,202301,ADP,Talara,NACIONAL,"43,356"
2023,Enero,202301,ADP,Tarapoto,NACIONAL,"103,412"
2023,Enero,202301,ADP,Trujillo,INTERNACIONAL,"5,451"
2023,Enero,202301,ADP,Trujillo,NACIONAL,"75,889"
2023,Enero,202301,ADP,Tumbes,INTERNACIONAL,37
2023,Enero,202301,ADP,Tumbes,NACIONAL,"45,030"
2023,Enero,202301,COR,Atalaya,NACIONAL,"1,446"
2023,Enero,202301,COR,Cusco,INTERNACIONAL,"1,644"
2023,Enero,202301,COR,Cusco,NACIONAL,"174,333"
2023,Enero,202301,COR,Huánuco,NACIONAL,"17,859"
2023,Enero,202301,COR,Ilo,NACIONAL,"3,005"
2023,Enero,202301,COR,Jaén,NACIONAL,"5,491"
2023,Enero,202301,COR,Jauja,NACIONAL,"17,195"
2023,Enero,202301,COR,Mazamari,NACIONAL,586
2023,Enero,202301,COR,Nazca,NACIONAL,"2,535"
2023,Enero,202301,COR,Rioja,NACIONAL,52
2023,Enero,202301,COR,Yurimaguas,NACIONAL,"2,362"
2023,Enero,202301,COR,-,NACIONAL,838
2023,Enero,202301,LAP,Lima,INTERNACIONAL,"558,792"
2023,Enero,202301,LAP,Lima,NACIONAL,"1,012,108"
2023,Enero,202301,LAP,Lima,TRANSFERENCIA Y TRANSITO,"52,470"
2023,Febrero,202302,AAP,Arequipa,INTERNACIONAL,"1,801"
2023,Febrero,202302,AAP,Arequipa,NACIONAL,"144,466"
2023,Febrero,202302,AAP,Ayacucho,NACIONAL,"27,265"
2023,Febrero,202302,AAP,Puerto Maldonado,NACIONAL,"18,977"
2023,Febrero,202302,AAP,Tacna,NACIONAL,"42,156"
2023,Febrero,202302,ADP,Cajamarca,NACIONAL,"51,601"
2023,Febrero,202302,ADP,Chachapoyas,NACIONAL,"1,229"
2023,Febrero,202302,ADP,Chiclayo,INTERNACIONAL,"1,703"
2023,Febrero,202302,ADP,Chiclayo,NACIONAL,"68,923"
2023,Febrero,202302,ADP,Iquitos,INTERNACIONAL,12
2023,Febrero,202302,ADP,Iquitos,NACIONAL,"85,539"
2023,Febrero,202302,ADP,Pisco,INTERNACIONAL,39
2023,Febrero,202302,ADP,Pisco,NACIONAL,507
2023,Febrero,202302,ADP,Piura,INTERNACIONAL,40
2023,Febrero,202302,ADP,Piura,NACIONAL,"96,821"
2023,Febrero,202302,ADP,Pucallpa,NACIONAL,"53,542"
2023,Febrero,202302,ADP,Talara,NACIONAL,"40,356"
2023,Febrero,202302,ADP,Tarapoto,NACIONAL,"91,936"
2023,Febrero,202302,ADP,Trujillo,INTERNACIONAL,"5,236"
2023,Febrero,202302,ADP,Trujillo,NACIONAL,"68,463"
2023,Febrero,202302,ADP,Tumbes,INTERNACIONAL,9
2023,Febrero,202302,ADP,Tumbes,NACIONAL,"38,407"
2023,Febrero,202302,COR,Atalaya,NACIONAL,"1,654"
2023,Febrero,202302,COR,Cusco,INTERNACIONAL,3
2023,Febrero,202302,COR,Cusco,NACIONAL,"145,606"
2023,Febrero,202302,COR,Huánuco,NACIONAL,"16,968"
2023,Febrero,202302,COR,Ilo,NACIONAL,"2,504"
2023,Febrero,202302,COR,Jauja,NACIONAL,"13,123"
2023,Febrero,202302,COR,Nazca,NACIONAL,"3,091"
2023,Febrero,202302,COR,Rioja,NACIONAL,35
2023,Febrero,202302,COR,Yurimaguas,NACIONAL,"2,233"
2023,Febrero,202302,COR,-,NACIONAL,601
2023,Febrero,202302,LAP,Lima,INTERNACIONAL,"515,613"
2023,Febrero,202302,LAP,Lima,NACIONAL,"935,124"
2023,Febrero,202302,LAP,Lima,TRANSFERENCIA Y TRANSITO,"53,071"
2023,Marzo,202303,AAP,Arequipa,INTERNACIONAL,262
2023,Marzo,202303,AAP,Arequipa,NACIONAL,"154,435"
2023,Marzo,202303,AAP,Arequipa,TRANSFERENCIA Y TRANSITO,4
2023,Marzo,202303,AAP,Ayacucho,NACIONAL,"30,585"
2023,Marzo,202303,AAP,Puerto Maldonado,NACIONAL,"22,261"
2023,Marzo,202303,AAP,Tacna,NACIONAL,"40,912"
2023,Marzo,202303,ADP,Cajamarca,NACIONAL,"45,816"
2023,Marzo,202303,ADP,Chachapoyas,INTERNACIONAL,6
2023,Marzo,202303,ADP,Chachapoyas,NACIONAL,"1,456"
2023,Marzo,202303,ADP,Chiclayo,INTERNACIONAL,"1,693"
2023,Marzo,202303,ADP,Chiclayo,NACIONAL,"66,253"
2023,Marzo,202303,ADP,Huaraz-Anta,NACIONAL,"2,204"
2023,Marzo,202303,ADP,Iquitos,INTERNACIONAL,23
2023,Marzo,202303,ADP,Iquitos,NACIONAL,"84,433"
2023,Marzo,202303,ADP,Pisco,INTERNACIONAL,19
2023,Marzo,202303,ADP,Pisco,NACIONAL,"1,018"
2023,Marzo,202303,ADP,Piura,INTERNACIONAL,8
2023,Marzo,202303,ADP,Piura,NACIONAL,"93,269"
2023,Marzo,202303,ADP,Pucallpa,INTERNACIONAL,1
2023,Marzo,202303,ADP,Pucallpa,NACIONAL,"54,374"
2023,Marzo,202303,ADP,Talara,NACIONAL,"31,101"
2023,Marzo,202303,ADP,Tarapoto,NACIONAL,"87,306"
2023,Marzo,202303,ADP,Trujillo,INTERNACIONAL,"4,035"
2023,Marzo,202303,ADP,Trujillo,NACIONAL,"81,061"
2023,Marzo,202303,ADP,Tumbes,INTERNACIONAL,14
2023,Marzo,202303,ADP,Tumbes,NACIONAL,"35,208"
2023,Marzo,202303,LAP,Lima,INTERNACIONAL,"566,611"
2023,Marzo,202303,LAP,Lima,NACIONAL,"964,737"
2023,Marzo,202303,LAP,Lima,TRANSFERENCIA Y TRANSITO,"65,693"
