"","Edad","Género","Carrera","Ciclo","Litros_por_dia","Litros_clase","Sed_clase","Agua_clase","Gaseosas_clase","Bebidas_energeticas_clase","Infusiones_clase","Cansado_tipo_liquido","Liquido_mejora_rendimiento","Rendimiento_hidratado","Concentracion_clase","Memoria","Deshidratacion_efectos","Salud_fisica","Migrañas","Fatiga","Salud_mental","Ansiedad","Estres","CF_no_ingesta_liquido","Peso","Estatura","Horas_en_universidad","Cantidad_cursos","Agua","Bebidas energizantes","Gaseosas","Infusiones","Otro","Refrescos o jugos"
"1",18,"Masculino","Ingeniería mecánica","Segundo",2.5,1,"Ni mucha ni poca","A veces","Casi nunca","Nunca","Nunca","Agua","Agua","Sí","Casi siempre","Buena","Si","Saludable","Nunca","Casi nunca","Buena","No","No","Si",75,1.66,15,6,"Sí","No","No","No","No","No"
"2",23,"Otro","Ingeniería química","Quinto",1.05,0.5,"Ni mucha ni poca","A veces","Nunca","Nunca","Nunca","Agua","Agua","Sí","Nunca","Muy mala","Tal vez","Nada saludable","A veces","A veces","Muy mala","Sí","Sí","A veces",80,1.56,40,6,"Sí","No","No","No","No","No"
"3",18,"Femenino","Ciencia de la computación","Tercero",1.5,0.5,"Poca","Casi nunca","Nunca","Nunca","Nunca","Agua","Bebidas energizantes","Sí","Casi siempre","Ni buena ni mala","Si","Saludable","Casi nunca","A veces","Buena","No","Sí","A veces",69.2,1.69,30,6,"Sí","No","No","No","No","Sí"
"4",17,"Femenino","Ingeniería industrial","Segundo",3,0.5,"Ni mucha ni poca","Casi nunca","Casi nunca","Casi nunca","Nunca","Agua","Agua","Sí","Casi siempre","Ni buena ni mala","Tal vez","Saludable","A veces","Casi siempre","Ni buena ni mala","Sí","Sí","A veces",58,1.59,22,6,"Sí","No","No","No","No","Sí"
"5",18,"Femenino","Ingeniería industrial","Segundo",3,1,"Ni mucha ni poca","A veces","Casi nunca","Casi siempre","Nunca","Bebidas energizantes","Refrescos o jugos","Tal vez","Casi siempre","Buena","Tal vez","Saludable","Casi nunca","Casi siempre","Buena","No","Sí","A veces",58,1.58,38,6,"Sí","Sí","Sí","No","No","Sí"
"6",18,"Masculino","Administración y negocios digitales","Tercero",3,2,"Ni mucha ni poca","Casi siempre","Nunca","Nunca","Casi nunca","Agua","Agua","Sí","A veces","Mala","Tal vez","Saludable","Casi siempre","A veces","Ni buena ni mala","Sí","Sí","A veces",67,1.73,18,5,"Sí","No","No","Sí","No","No"
"7",18,"Femenino","Ingeniería química","Cuarto",4,2,"Demasiada","Siempre","Casi nunca","Nunca","Siempre","Agua","Bebidas energizantes","Sí","Casi siempre","Buena","Si","Medianamente saludable","A veces","A veces","Buena","Sí","Sí","Si",45,1.63,34,7,"Sí","No","No","Sí","No","No"
"8",17,"Masculino","Ingeniería civil","Segundo",2,1,"Ni mucha ni poca","Casi nunca","Nunca","Nunca","Nunca","Agua","Agua","Sí","Casi nunca","Muy mala","Si","Poco saludable","Casi nunca","Casi nunca","Ni buena ni mala","Sí","Sí","Si",58,1.69,50,6,"Sí","No","No","No","No","Sí"
"9",19,"Masculino","Ingeniería industrial","Segundo",2,1,"Ni mucha ni poca","Casi nunca","Casi nunca","Casi nunca","Casi nunca","Agua","Agua","Sí","Casi siempre","Ni buena ni mala","Si","Medianamente saludable","Casi nunca","Casi nunca","Buena","No","No","A veces",60,1.6,50,6,"Sí","No","No","No","No","Sí"
"10",19,"Femenino","Ingeniería industrial","Segundo",3,3,"Ni mucha ni poca","A veces","Nunca","Nunca","Nunca","Agua","Agua","Sí","A veces","Buena","Si","Medianamente saludable","A veces","A veces","Ni buena ni mala","No","No","A veces",50,1.53,21,6,"Sí","No","No","No","No","No"
"11",18,"Masculino","Ingeniería mecatrónica","Segundo",2.5,1.5,"Ni mucha ni poca","A veces","Casi nunca","Nunca","Casi nunca","Agua","Agua","Sí","Siempre","Muy buena","Si","Muy saludable","Nunca","Casi nunca","Muy buena","No","No","No",63,1.67,26,5,"Sí","No","No","No","No","Sí"
"12",18,"Femenino","Ingeniería industrial","Tercero",1,0.5,"Poca","A veces","Nunca","Nunca","Casi nunca","Agua","Bebidas energizantes","Tal vez","Casi siempre","Muy mala","Si","Medianamente saludable","Casi siempre","Siempre","Ni buena ni mala","Sí","Sí","Si",58.9,1.65,15,5,"Sí","No","No","Sí","No","No"
"13",19,"Masculino","Ingeniería civil","Décimo",2,1,"Muy poca","Casi nunca","Casi nunca","Nunca","Nunca","Gaseosas","Agua","Tal vez","Casi nunca","Buena","Tal vez","Poco saludable","Casi nunca","Casi siempre","Ni buena ni mala","No","Sí","A veces",57,1.76,35,6,"Sí","No","Sí","Sí","No","No"
"14",18,"Femenino","Bioingeniería","Tercero",2,1,"Mucha","Siempre","Nunca","Casi nunca","Nunca","Bebidas energizantes","Bebidas energizantes","Sí","A veces","Buena","Si","Muy saludable","Casi siempre","Casi nunca","Muy buena","No","No","Si",55,1.64,10,5,"Sí","No","No","No","No","No"
"15",21,"Femenino","Ingeniería industrial","Cuarto",2,1.5,"Ni mucha ni poca","A veces","Casi nunca","Nunca","Casi nunca","Agua","Agua","Tal vez","Casi siempre","Buena","Si","Saludable","Nunca","Casi nunca","Buena","No","No","No",51,1.57,23,6,"Sí","No","Sí","No","No","Sí"
"16",18,"Otro","Ciencia de la computación","Cuarto",1,1,"Ni mucha ni poca","Casi siempre","Casi nunca","Nunca","Casi nunca","Agua","Agua","Tal vez","Siempre","Muy buena","Tal vez","Saludable","A veces","A veces","Ni buena ni mala","No","No","A veces",66,1.67,21,7,"Sí","No","No","Sí","No","Sí"
"17",18,"Femenino","Bioingeniería","Tercero",1.5,1,"Mucha","Casi siempre","A veces","A veces","Casi nunca","Agua","Bebidas energizantes","Tal vez","Casi nunca","Mala","No","Medianamente saludable","A veces","Siempre","Ni buena ni mala","Sí","Sí","A veces",70,1.7,18,5,"Sí","No","Sí","Sí","No","No"
"18",23,"Masculino","Ingeniería industrial","Noveno",3,1,"Ni mucha ni poca","A veces","Nunca","Casi nunca","Nunca","Agua","Agua","Sí","A veces","Buena","Si","Saludable","Nunca","Nunca","Buena","No","No","Si",69,1.69,14,4,"Sí","No","No","Sí","No","No"
"19",19,"Masculino","Ingeniería mecatrónica","Segundo",4,0.5,"Poca","Casi nunca","Nunca","Nunca","Nunca","Agua","Agua","No","Casi siempre","Buena","Si","Saludable","Nunca","Casi nunca","Mala","No","No","Si",69,1.7,34,6,"Sí","No","No","No","No","Sí"
"20",19,"Femenino","Ingeniería industrial","Segundo",3,3,"Mucha","Siempre","A veces","Casi nunca","Casi siempre","Agua","Agua","Sí","Siempre","Muy buena","Si","Saludable","Casi nunca","Casi nunca","Buena","No","Sí","Si",68,1.57,16,6,"Sí","No","No","No","No","No"
"21",18,"Masculino","Ingeniería industrial","Segundo",5,1,"Mucha","Siempre","Nunca","Nunca","Nunca","Agua","Agua","No","Siempre","Muy buena","Si","Muy saludable","A veces","A veces","Muy buena","Sí","Sí","Si",104,1.8,24,6,"Sí","No","No","No","No","No"
"22",18,"Masculino","Ingeniería industrial","Tercero",1.5,0.7,"Ni mucha ni poca","Casi siempre","Nunca","Nunca","Nunca","Agua","Agua","Tal vez","Casi siempre","Buena","Tal vez","Saludable","Nunca","A veces","Buena","No","No","Si",58,1.68,25,5,"Sí","No","No","No","No","No"
"23",19,"Femenino","Ingeniería industrial","Cuarto",2,1,"Demasiada","Siempre","Nunca","Nunca","A veces","Agua","Agua","Sí","A veces","Buena","Si","Muy saludable","Casi siempre","Casi nunca","Muy buena","No","Sí","Si",55,1.58,22,6,"Sí","No","No","No","No","No"
"24",21,"Masculino","Ingeniería civil","Sexto",2,1,"Ni mucha ni poca","A veces","Nunca","Nunca","Nunca","Agua","Agua","No","Casi siempre","Buena","Si","Medianamente saludable","Nunca","Nunca","Buena","No","Sí","Si",82,1.7,40,6,"Sí","No","No","No","No","No"
"25",20,"Masculino","Ciencia de la computación","Segundo",5,0.5,"Ni mucha ni poca","A veces","Nunca","Nunca","Nunca","Agua","Agua","Sí","Casi siempre","Buena","Tal vez","Saludable","A veces","A veces","Ni buena ni mala","No","No","A veces",66,1.66,30,6,"Sí","No","No","No","No","No"
"26",19,"Femenino","Ingeniería civil","Cuarto",1,0.5,"Muy poca","Casi nunca","Casi nunca","Nunca","Nunca","Bebidas energizantes","Bebidas energizantes","No","Casi siempre","Muy mala","Tal vez","Medianamente saludable","Casi nunca","Casi siempre","Ni buena ni mala","No","No","No",60,1.55,30,6,"Sí","Sí","Sí","No","No","No"
"27",20,"Femenino","Ingeniería civil","Cuarto",1,0.5,"Mucha","Casi siempre","Casi nunca","Nunca","A veces","Agua","Agua","Sí","Casi siempre","Buena","Si","Saludable","A veces","A veces","Mala","Sí","Sí","A veces",75,1.7,26,7,"Sí","No","No","No","No","Sí"
"28",22,"Masculino","Ingeniería industrial","Décimo",2,1,"Mucha","Casi siempre","Casi nunca","Nunca","Casi nunca","Agua","Agua","Sí","Casi siempre","Ni buena ni mala","Si","Saludable","Siempre","Siempre","Ni buena ni mala","Sí","Sí","Si",85,1.74,19,3,"Sí","No","No","No","No","Sí"
"29",18,"Femenino","Bioingeniería","Tercero",0.5,0.1,"Muy poca","Casi nunca","Casi nunca","A veces","Nunca","Agua","Bebidas energizantes","No","A veces","Ni buena ni mala","Tal vez","Medianamente saludable","A veces","A veces","Muy mala","Sí","Sí","A veces",57,1.65,18,5,"Sí","No","Sí","No","No","No"
"30",18,"Masculino","Bioingeniería","Tercero",1,0.5,"Ni mucha ni poca","A veces","Casi siempre","A veces","Nunca","Gaseosas","Gaseosas","Sí","Casi siempre","Buena","Si","Nada saludable","Casi siempre","Casi siempre","Buena","No","Sí","No",71,1.65,18,6,"Sí","No","Sí","No","No","No"
"31",18,"Femenino","Bioingeniería","Tercero",3,1.5,"Mucha","Casi siempre","Nunca","Nunca","Nunca","Agua","Agua","Sí","Casi siempre","Buena","Si","Poco saludable","A veces","Siempre","Mala","Sí","No","A veces",60,1.55,20,5,"Sí","No","No","Sí","No","Sí"
"32",18,"Masculino","Ingeniería industrial","Tercero",5,2.5,"Ni mucha ni poca","Casi nunca","Nunca","Casi nunca","Nunca","Agua","Bebidas energizantes","Sí","Casi siempre","Ni buena ni mala","Si","Saludable","Casi nunca","A veces","Ni buena ni mala","No","No","Si",76,1.76,35,5,"Sí","No","No","No","No","No"
"33",19,"Femenino","Bioingeniería","Segundo",4,0.5,"Ni mucha ni poca","A veces","Nunca","Nunca","Nunca","Agua","Agua","Sí","A veces","Buena","Si","Saludable","A veces","Casi nunca","Buena","Sí","Sí","Si",65.6,1.67,36,7,"Sí","No","No","No","No","Sí"
"34",20,"Masculino","Ciencia de la computación","Segundo",4,1,"Mucha","Casi siempre","A veces","A veces","Nunca","Agua","Gaseosas","No","A veces","Ni buena ni mala","Si","Medianamente saludable","A veces","A veces","Ni buena ni mala","No","Sí","Si",60,1.65,38,7,"Sí","Sí","No","No","No","Sí"
"35",18,"Femenino","Ingeniería industrial","Segundo",0.75,0.5,"Ni mucha ni poca","Casi nunca","Nunca","Nunca","A veces","Agua","Agua","Sí","A veces","Buena","Si","Medianamente saludable","Nunca","Casi nunca","Ni buena ni mala","No","Sí","No",53,1.59,23,6,"Sí","No","No","Sí","No","No"
"36",19,"Femenino","Ingeniería industrial","Segundo",3,0.5,"Ni mucha ni poca","Casi siempre","Nunca","Casi nunca","Nunca","Agua","Agua","Tal vez","Casi siempre","Mala","Tal vez","Medianamente saludable","A veces","Casi nunca","Buena","No","Sí","Si",66,1.63,10,6,"Sí","No","No","No","No","No"
"37",19,"Femenino","Ingeniería industrial","Segundo",0.5,0.5,"Ni mucha ni poca","A veces","Casi nunca","Nunca","Nunca","Infusiones","Agua","Sí","Casi siempre","Buena","Tal vez","Poco saludable","Nunca","A veces","Ni buena ni mala","No","Sí","A veces",54,1.54,35,6,"Sí","No","Sí","No","No","No"
"38",20,"Femenino","Ingeniería mecánica","Tercero",3,0.5,"Muy poca","Nunca","Nunca","Casi siempre","Nunca","Refrescos o jugos","Bebidas energizantes","Sí","Casi nunca","Buena","No","Medianamente saludable","Nunca","Nunca","Ni buena ni mala","No","Sí","No",55,1.53,10,5,"Sí","No","No","No","No","No"
"39",19,"Femenino","Bioingeniería","Primero",2,0.5,"Ni mucha ni poca","Casi nunca","Nunca","Nunca","Casi nunca","Refrescos o jugos","Agua","Sí","Casi siempre","Ni buena ni mala","Si","Medianamente saludable","Nunca","Casi nunca","Buena","No","No","Si",63.7,1.59,20,7,"Sí","No","No","Sí","No","Sí"
"40",18,"Femenino","Ciencia de la computación","Segundo",2,1,"Mucha","Casi siempre","Nunca","Nunca","Nunca","Agua","Agua","Sí","Casi siempre","Ni buena ni mala","Si","Medianamente saludable","Casi nunca","A veces","Buena","Sí","Sí","No",64,1.55,28,6,"Sí","No","No","Sí","No","Sí"
"41",18,"Femenino","Ingeniería mecatrónica","Tercero",0.5,0.5,"Poca","Casi nunca","Nunca","A veces","Casi nunca","Agua","Otro","Sí","A veces","Ni buena ni mala","Tal vez","Poco saludable","A veces","A veces","Mala","Sí","Sí","A veces",61,1.55,25,6,"Sí","Sí","No","No","No","Sí"
"42",18,"Femenino","Bioingeniería","Tercero",2.5,1.5,"Mucha","Siempre","Nunca","Casi siempre","Nunca","Bebidas energizantes","Bebidas energizantes","Sí","A veces","Ni buena ni mala","Si","Saludable","Casi nunca","Casi siempre","Mala","Sí","Sí","Si",68.6,1.66,16,5,"Sí","Sí","No","No","No","No"
"43",19,"Masculino","Ciencia de la computación","Tercero",4,1,"Ni mucha ni poca","A veces","Nunca","Nunca","Nunca","Agua","Agua","Sí","Casi siempre","Buena","Si","Muy saludable","Nunca","A veces","Mala","No","Sí","Si",70,1.8,25,6,"Sí","No","No","Sí","No","No"
"44",17,"Femenino","Ingeniería civil","Segundo",2,1,"Ni mucha ni poca","Casi siempre","Nunca","Nunca","Nunca","Agua","Agua","No","Siempre","Muy buena","Si","Medianamente saludable","Casi nunca","A veces","Muy buena","No","No","Si",50,1.67,40,5,"Sí","No","No","No","No","No"
"45",20,"Masculino","Ingeniería mecánica","Segundo",3,1.5,"Muy poca","Casi siempre","Nunca","Nunca","Nunca","Agua","Agua","Tal vez","Casi siempre","Mala","No","Muy saludable","Casi nunca","Casi nunca","Buena","No","No","A veces",72,1.75,11,7,"Sí","No","No","No","No","No"
"46",21,"Masculino","Ciencia de la computación","Cuarto",3,0.5,"Mucha","Siempre","Nunca","Nunca","Nunca","Agua","Agua","Sí","Casi siempre","Buena","Si","Poco saludable","Casi siempre","Casi siempre","Ni buena ni mala","No","Sí","No",82,1.67,32,5,"Sí","No","No","No","No","No"
"47",20,"Masculino","Ingeniería mecatrónica","Segundo",3,3,"Mucha","Casi siempre","Nunca","Nunca","Nunca","Agua","Agua","Sí","A veces","Buena","Si","Saludable","Casi nunca","Casi nunca","Mala","Sí","Sí","Si",80,1.79,19,6,"Sí","No","No","No","No","Sí"
"48",18,"Masculino","Ciencia de la computación","Segundo",1,0.6,"Poca","Casi nunca","Nunca","Nunca","Nunca","Agua","Agua","Tal vez","Casi siempre","Ni buena ni mala","Tal vez","Medianamente saludable","Nunca","A veces","Buena","No","No","A veces",68,1.78,35,6,"Sí","No","No","No","No","No"
"49",18,"Masculino","Ingeniería mecánica","Segundo",2,0.75,"Muy poca","A veces","Nunca","Nunca","Casi nunca","Agua","Agua","Sí","Casi siempre","Ni buena ni mala","Si","Muy saludable","Nunca","A veces","Muy buena","Sí","Sí","No",70,1.77,35,6,"Sí","No","No","Sí","No","Sí"
"50",19,"Masculino","Ingeniería mecánica","Segundo",2.5,0.5,"Muy poca","Nunca","Nunca","A veces","Nunca","Bebidas energizantes","Bebidas energizantes","Tal vez","A veces","Ni buena ni mala","Tal vez","Saludable","A veces","A veces","Ni buena ni mala","No","No","A veces",81,1.89,39,7,"Sí","Sí","Sí","No","No","Sí"
"51",18,"Masculino","Ciencia de la computación","Tercero",2,1,"Poca","A veces","Nunca","Nunca","Nunca","Agua","Otro","Tal vez","A veces","Ni buena ni mala","Tal vez","Saludable","Nunca","Nunca","Ni buena ni mala","No","No","No",63,1.7,30,6,"Sí","No","No","Sí","No","Sí"
"52",24,"Femenino","Ingeniería industrial","Segundo",2.5,1,"Ni mucha ni poca","A veces","Casi siempre","Casi siempre","Nunca","Gaseosas","Otro","Tal vez","Casi siempre","Muy buena","Si","Medianamente saludable","Casi nunca","A veces","Ni buena ni mala","Sí","Sí","A veces",50.3,1.53,43,6,"Sí","Sí","Sí","No","No","No"
"53",17,"Masculino","Ingeniería civil","Segundo",1.5,0.5,"Poca","Casi nunca","Nunca","Casi nunca","Nunca","Bebidas energizantes","Bebidas energizantes","No","Casi siempre","Ni buena ni mala","Tal vez","Medianamente saludable","Nunca","Casi nunca","Buena","No","Sí","A veces",56,1.58,18,6,"Sí","No","No","No","No","No"
"54",19,"Masculino","Ingeniería industrial","Cuarto",3,3,"Ni mucha ni poca","A veces","Nunca","Casi nunca","Casi nunca","Agua","Agua","Sí","Casi siempre","Ni buena ni mala","Si","Medianamente saludable","A veces","A veces","Ni buena ni mala","No","No","Si",70,1.72,40,6,"Sí","No","No","No","No","Sí"
"55",20,"Masculino","Ingeniería civil","Segundo",1,0.2,"Ni mucha ni poca","A veces","Nunca","Nunca","Nunca","Agua","Agua","No","A veces","Ni buena ni mala","No","Medianamente saludable","Casi nunca","Casi nunca","Ni buena ni mala","Sí","Sí","Si",75,1.7,15,6,"Sí","No","No","No","No","No"
"56",24,"Masculino","Ingeniería mecatrónica","Quinto",1,0.4,"Ni mucha ni poca","A veces","Nunca","Nunca","Nunca","Agua","Agua","Sí","Casi siempre","Ni buena ni mala","Si","Medianamente saludable","Nunca","Casi siempre","Muy buena","No","Sí","Si",78.6,1.75,26,5,"Sí","No","No","No","No","Sí"
"57",19,"Masculino","Ingeniería civil","Segundo",4,0.5,"Demasiada","A veces","Casi nunca","Siempre","Nunca","Bebidas energizantes","Bebidas energizantes","No","Casi nunca","Mala","Si","Medianamente saludable","A veces","A veces","Mala","Sí","Sí","A veces",68,1.71,50,6,"Sí","Sí","Sí","No","Sí","No"
"58",19,"Masculino","Ingeniería industrial","Cuarto",3,0.5,"Ni mucha ni poca","A veces","Nunca","Nunca","Nunca","Gaseosas","Agua","Sí","A veces","Mala","Si","Muy saludable","Nunca","Nunca","Muy buena","Sí","Sí","Si",80,1.75,33,6,"Sí","No","Sí","No","No","Sí"
"59",18,"Masculino","Ingeniería mecánica","Segundo",2,1,"Poca","Siempre","Casi nunca","Nunca","Nunca","Agua","Agua","Sí","Casi siempre","Mala","Si","Muy saludable","Nunca","Casi nunca","Buena","No","Sí","Si",67,1.75,30,5,"Sí","No","Sí","No","No","Sí"
"60",18,"Masculino","Ciencia de la computación","Tercero",4,1,"Ni mucha ni poca","Casi nunca","Nunca","Nunca","Casi nunca","Agua","Agua","Sí","Casi nunca","Ni buena ni mala","Si","Saludable","Nunca","Casi nunca","Ni buena ni mala","No","Sí","Si",66,1.75,27,6,"Sí","Sí","No","Sí","No","Sí"
"61",17,"Masculino","Ciencia de la computación","Primero",2,1,"Ni mucha ni poca","A veces","Nunca","Nunca","Nunca","Agua","Agua","Sí","Casi siempre","Muy buena","Si","Saludable","Nunca","Casi nunca","Muy buena","No","No","Si",62,1.69,35,6,"Sí","No","No","No","No","Sí"
"62",17,"Femenino","Ingeniería mecánica","Tercero",2,0.5,"Mucha","Siempre","Casi nunca","Nunca","Casi nunca","Agua","Bebidas energizantes","Sí","A veces","Mala","Tal vez","Saludable","A veces","A veces","Ni buena ni mala","No","Sí","Si",52,1.55,25,6,"Sí","No","No","No","Sí","Sí"
"63",23,"Femenino","Ciencia de la computación","Cuarto",2,1,"Ni mucha ni poca","Siempre","Nunca","Nunca","Nunca","Agua","Agua","Sí","A veces","Mala","Tal vez","Medianamente saludable","Nunca","A veces","Buena","No","Sí","Si",75,1.65,50,5,"Sí","No","No","No","No","Sí"
"64",21,"Masculino","Ciencia de la computación","Tercero",3,1,"Ni mucha ni poca","Casi nunca","Nunca","Nunca","Nunca","Agua","Agua","No","A veces","Ni buena ni mala","No","Medianamente saludable","Siempre","Casi nunca","Ni buena ni mala","Sí","Sí","No",57,1.7,20,6,"Sí","No","No","No","No","No"
"65",21,"Masculino","Ingeniería de la energía","Sexto",2,1,"Poca","A veces","Nunca","Nunca","Casi nunca","Agua","Agua","Sí","Siempre","Buena","Si","Medianamente saludable","A veces","A veces","Ni buena ni mala","Sí","Sí","No",53,1.58,59,6,"Sí","No","No","Sí","No","No"
"66",19,"Femenino","Ciencia de datos","Cuarto",2,1,"Demasiada","Siempre","A veces","Nunca","A veces","Gaseosas","Agua","Sí","Casi siempre","Muy buena","Si","Saludable","Casi nunca","A veces","Muy buena","Sí","Sí","Si",51,1.6,35,7,"Sí","No","Sí","No","No","Sí"
"67",18,"Femenino","Ciencia de la computación","Segundo",2,2,"Ni mucha ni poca","Casi siempre","Nunca","Nunca","Casi nunca","Agua","Agua","Sí","Casi siempre","Muy buena","Si","Medianamente saludable","Casi nunca","A veces","Mala","Sí","Sí","A veces",48,1.54,24,6,"Sí","No","No","No","No","Sí"
"68",18,"Femenino","Ingeniería civil","Segundo",3,0.5,"Ni mucha ni poca","Casi siempre","Nunca","A veces","Casi nunca","Bebidas energizantes","Agua","Tal vez","A veces","Ni buena ni mala","Si","Medianamente saludable","A veces","Casi siempre","Ni buena ni mala","Sí","Sí","A veces",84,1.72,24,6,"Sí","No","No","No","No","No"
"69",23,"Masculino","Ingeniería civil","Quinto",1,0.5,"Mucha","A veces","Casi siempre","Casi siempre","Casi siempre","Refrescos o jugos","Gaseosas","Sí","A veces","Buena","Si","Medianamente saludable","Casi siempre","Casi siempre","Buena","Sí","Sí","Si",65,1.76,12,7,"Sí","No","Sí","No","No","Sí"
"70",18,"Masculino","Ingeniería química","Segundo",2,0.5,"Muy poca","Casi nunca","Nunca","Casi nunca","Nunca","Agua","Agua","Sí","A veces","Ni buena ni mala","Si","Medianamente saludable","A veces","Casi siempre","Mala","Sí","Sí","A veces",68,1.72,30,6,"Sí","Sí","No","No","No","Sí"
"71",18,"Masculino","Ciencia de la computación","Tercero",5,2,"Demasiada","Siempre","Nunca","Siempre","Nunca","Agua","Agua","No","Casi siempre","Buena","Si","Saludable","Nunca","A veces","Buena","No","No","A veces",76,1.77,48,7,"Sí","Sí","No","No","No","No"
"72",27,"Femenino","Ingeniería electrónica","Quinto",2,0.5,"Ni mucha ni poca","Siempre","Nunca","Casi nunca","Nunca","Bebidas energizantes","Bebidas energizantes","Sí","Casi siempre","Ni buena ni mala","Si","Saludable","Casi nunca","Casi siempre","Buena","Sí","Sí","A veces",51,1.6,16,4,"Sí","Sí","No","No","No","No"
"73",19,"Masculino","Ingeniería civil","Cuarto",1,1,"Ni mucha ni poca","A veces","Nunca","Nunca","Casi nunca","Agua","Agua","Sí","A veces","Ni buena ni mala","Si","Saludable","A veces","A veces","Ni buena ni mala","No","No","A veces",67,1.65,19,4,"Sí","No","No","No","No","No"
"74",20,"Femenino","Ingeniería civil","Sexto",1.5,1.5,"Ni mucha ni poca","A veces","Nunca","Nunca","Nunca","Agua","Agua","Sí","A veces","Mala","Si","Nada saludable","Nunca","Casi siempre","Mala","Sí","Sí","Si",57,1.65,59,6,"Sí","No","No","No","No","Sí"
"75",20,"Masculino","Ingeniería civil","Sexto",1,0.5,"Ni mucha ni poca","A veces","Nunca","Nunca","Nunca","Agua","Agua","Sí","A veces","Muy mala","Si","Saludable","Nunca","A veces","Muy mala","Sí","No","Si",60,1.69,59,7,"Sí","No","No","No","No","Sí"
"76",17,"Masculino","Ciencia de la computación","Tercero",3,2,"Mucha","Casi siempre","Nunca","Nunca","Casi nunca","Infusiones","Agua","Sí","Casi siempre","Ni buena ni mala","Si","Muy saludable","A veces","Nunca","Ni buena ni mala","Sí","Sí","A veces",53,1.64,55,7,"Sí","No","No","Sí","No","No"
"77",18,"Masculino","Ciencia de la computación","Tercero",2,1.5,"Mucha","Siempre","Nunca","Casi nunca","Nunca","Bebidas energizantes","Bebidas energizantes","Sí","A veces","Buena","Si","Medianamente saludable","Nunca","Nunca","Ni buena ni mala","Sí","No","Si",74,1.75,33,6,"Sí","No","No","Sí","No","No"
"78",18,"Femenino","Ciencia de datos","Segundo",2,1,"Ni mucha ni poca","Siempre","Nunca","Nunca","Nunca","Agua","Agua","Tal vez","Casi siempre","Buena","Tal vez","Poco saludable","Nunca","Casi nunca","Ni buena ni mala","Sí","No","No",45,1.64,24,5,"Sí","No","No","No","No","No"
"79",17,"Masculino","Bioingeniería","Tercero",2.5,1,"Demasiada","Siempre","Nunca","Casi nunca","Nunca","Agua","Agua","Tal vez","Casi siempre","Buena","Si","Saludable","Casi nunca","Siempre","Muy buena","Sí","Sí","A veces",76,1.76,35,6,"Sí","No","No","No","No","Sí"
"80",18,"Femenino","Ciencia de la computación","Segundo",0.5,0.5,"Poca","A veces","Nunca","Nunca","Nunca","Agua","Otro","No","Casi siempre","Buena","No","Medianamente saludable","Nunca","Nunca","Muy mala","Sí","Sí","No",52,1.69,39,6,"Sí","No","No","No","Sí","Sí"
"81",18,"Masculino","Ingeniería ambiental","Segundo",3,1,"Ni mucha ni poca","Casi nunca","Nunca","Nunca","Nunca","Agua","Agua","Sí","Casi siempre","Buena","Si","Saludable","A veces","Casi nunca","Buena","No","No","Si",64,1.7,40,6,"Sí","No","No","No","No","No"
"82",19,"Masculino","Ciencia de datos","Tercero",3.5,2.5,"Ni mucha ni poca","Siempre","Nunca","Nunca","Nunca","Agua","Otro","No","A veces","Mala","No","Medianamente saludable","Casi siempre","A veces","Ni buena ni mala","No","No","No",63,1.67,41,5,"Sí","No","No","Sí","No","Sí"
"83",19,"Masculino","Ingeniería industrial","Cuarto",5,1.5,"Demasiada","Siempre","Nunca","Nunca","Nunca","Agua","Refrescos o jugos","Sí","Siempre","Ni buena ni mala","Si","Muy saludable","Casi siempre","Casi siempre","Ni buena ni mala","No","Sí","Si",53,1.63,40,6,"Sí","No","No","No","No","No"
"84",18,"Masculino","Ciencia de la computación","Tercero",3,1,"Poca","A veces","Nunca","Casi nunca","Nunca","Agua","Agua","Tal vez","Casi siempre","Ni buena ni mala","Si","Saludable","Casi nunca","Casi siempre","Buena","No","No","A veces",73,1.83,22,6,"Sí","Sí","No","No","No","No"
"85",17,"Masculino","Bioingeniería","Tercero",3,0.7,"Ni mucha ni poca","A veces","Siempre","Casi nunca","Nunca","Gaseosas","Bebidas energizantes","Sí","A veces","Muy buena","Si","Muy saludable","Nunca","A veces","Ni buena ni mala","No","Sí","Si",60,1.7,45,5,"Sí","Sí","Sí","Sí","Sí","Sí"
"86",22,"Femenino","Ingeniería civil","Cuarto",2,1.5,"Mucha","Siempre","Nunca","Nunca","Casi nunca","Agua","Agua","No","Casi siempre","Buena","No","Muy saludable","A veces","Casi nunca","Buena","No","No","Si",48,1.68,45,6,"Sí","No","No","No","No","No"
"87",19,"Femenino","Ingeniería industrial","Cuarto",2,1.5,"Mucha","Casi siempre","Casi nunca","Nunca","Casi nunca","Agua","Agua","Sí","Siempre","Buena","Si","Saludable","A veces","A veces","Buena","No","Sí","Si",53,1.54,30,6,"Sí","No","No","Sí","No","Sí"
"88",20,"Masculino","Ciencia de la computación","Cuarto",1,0.1,"Muy poca","Nunca","Casi nunca","Nunca","Nunca","Gaseosas","Gaseosas","Sí","Nunca","Ni buena ni mala","Si","Medianamente saludable","A veces","Casi nunca","Buena","Sí","Sí","Si",69.9,1.68,59,6,"Sí","No","Sí","No","Sí","No"
"89",19,"Femenino","Bioingeniería","Cuarto",1,0.3,"Ni mucha ni poca","A veces","Casi nunca","Casi siempre","Nunca","Bebidas energizantes","Bebidas energizantes","Tal vez","Casi siempre","Ni buena ni mala","Tal vez","Saludable","Nunca","Nunca","Buena","No","Sí","A veces",48,1.58,22,4,"Sí","Sí","No","No","No","Sí"
"90",18,"Masculino","Ingeniería mecatrónica","Tercero",2,1,"Ni mucha ni poca","A veces","A veces","Casi nunca","Nunca","Refrescos o jugos","Bebidas energizantes","No","Siempre","Buena","No","Saludable","Nunca","Nunca","Muy buena","No","No","No",80,1.8,12,4,"Sí","No","No","No","No","Sí"
"91",21,"Masculino","Ingeniería de la energía","Sexto",3,1,"Ni mucha ni poca","Casi nunca","Nunca","Nunca","Nunca","Agua","Agua","No","Siempre","Ni buena ni mala","Si","Saludable","Nunca","Nunca","Muy buena","No","No","No",80,1.75,21,5,"Sí","No","No","No","No","No"
"92",20,"Femenino","Ingeniería industrial","Cuarto",3,3,"Demasiada","A veces","Nunca","Nunca","Nunca","Agua","Agua","Sí","A veces","Ni buena ni mala","Si","Saludable","Nunca","Nunca","Ni buena ni mala","Sí","Sí","Si",55,1.55,8,4,"Sí","No","No","No","No","No"
"93",21,"Masculino","Ingeniería industrial","Séptimo",1,1,"Ni mucha ni poca","Casi nunca","Casi nunca","Nunca","Nunca","Infusiones","Agua","Sí","A veces","Mala","Si","Medianamente saludable","Nunca","Casi siempre","Muy mala","No","Sí","Si",66,1.67,38,5,"Sí","No","No","Sí","No","Sí"
"94",19,"Masculino","Ingeniería industrial","Segundo",3,0.5,"Mucha","A veces","Nunca","Casi siempre","Nunca","Bebidas energizantes","Refrescos o jugos","Sí","Casi siempre","Buena","Si","Medianamente saludable","Nunca","Nunca","Buena","No","No","Si",53.4,1.68,13,7,"Sí","Sí","No","No","No","No"
"95",17,"Femenino","Ingeniería industrial","Segundo",1,0.5,"Mucha","A veces","Nunca","Nunca","Nunca","Refrescos o jugos","Refrescos o jugos","No","Casi siempre","Buena","Si","Saludable","A veces","A veces","Ni buena ni mala","Sí","Sí","Si",55,1.56,30,7,"Sí","No","No","No","No","Sí"
"96",18,"Masculino","Ingeniería civil","Segundo",3,1,"Ni mucha ni poca","A veces","Nunca","Casi nunca","Nunca","Agua","Agua","Sí","Siempre","Muy buena","Si","Muy saludable","A veces","Casi nunca","Muy buena","Sí","Sí","Si",70,1.73,10,7,"Sí","No","No","No","No","No"
"97",18,"Femenino","Ingeniería mecánica","Tercero",2,0.5,"Ni mucha ni poca","A veces","Casi nunca","Casi nunca","Nunca","Agua","Agua","Sí","A veces","Ni buena ni mala","Si","Medianamente saludable","A veces","A veces","Ni buena ni mala","Sí","Sí","Si",72,1.6,10,3,"Sí","No","Sí","No","No","Sí"
"98",20,"Masculino","Ingeniería civil","Segundo",3,0.5,"Ni mucha ni poca","A veces","Nunca","Casi nunca","Casi nunca","Agua","Agua","No","Casi siempre","Ni buena ni mala","Si","Saludable","Nunca","Nunca","Buena","No","Sí","No",65,1.73,30,6,"Sí","No","No","No","No","No"
"99",18,"Masculino","Ingeniería mecatrónica","Tercero",3,1,"Mucha","Casi siempre","Nunca","Nunca","Nunca","Agua","Agua","Sí","Casi siempre","Buena","Si","Muy saludable","Casi nunca","Casi nunca","Buena","No","Sí","No",70,1.73,30,6,"Sí","Sí","No","Sí","No","Sí"
"100",19,"Femenino","Bioingeniería","Cuarto",2,1,"Ni mucha ni poca","A veces","Casi nunca","Nunca","Casi nunca","Agua","Agua","Tal vez","A veces","Ni buena ni mala","Si","Medianamente saludable","Casi siempre","Casi siempre","Buena","No","Sí","A veces",54,1.54,40,6,"Sí","No","Sí","No","No","Sí"
"101",22,"Masculino","Ingeniería mecatrónica","Cuarto",3,1.5,"Poca","A veces","Nunca","Nunca","Nunca","Agua","Agua","Sí","Casi siempre","Ni buena ni mala","Si","Muy saludable","Casi nunca","Casi nunca","Buena","No","Sí","No",65,1.7,46,5,"Sí","No","No","No","No","No"
"102",17,"Masculino","Ciencia de datos","Tercero",1,0.25,"Poca","Casi nunca","A veces","Nunca","Casi nunca","Agua","Otro","Sí","Casi siempre","Buena","Tal vez","Medianamente saludable","Casi nunca","A veces","Mala","Sí","Sí","A veces",60,1.68,20,5,"Sí","No","No","No","No","Sí"
"103",17,"Masculino","Ingeniería electrónica","Primero",3,1,"Mucha","A veces","Nunca","Nunca","Nunca","Agua","Agua","Sí","Casi siempre","Buena","Si","Muy saludable","Casi nunca","Casi nunca","Ni buena ni mala","Sí","Sí","Si",51,1.63,59,7,"Sí","No","No","No","No","No"
"104",17,"Femenino","Bioingeniería","Primero",2,2,"Mucha","Casi nunca","Nunca","Casi siempre","A veces","Agua","Bebidas energizantes","Tal vez","Casi nunca","Ni buena ni mala","Tal vez","Medianamente saludable","Siempre","Siempre","Muy mala","Sí","Sí","Si",54,1.62,59,7,"Sí","Sí","No","Sí","No","No"
"105",17,"Femenino","Bioingeniería","Primero",1.5,1,"Ni mucha ni poca","Casi nunca","Casi nunca","Casi nunca","Nunca","Bebidas energizantes","Agua","Sí","A veces","Mala","Si","Medianamente saludable","Casi nunca","Casi siempre","Ni buena ni mala","No","Sí","No",52,1.5,40,7,"Sí","Sí","Sí","No","No","No"
"106",17,"Femenino","Ingeniería de la energía","Primero",2,2,"Mucha","A veces","Nunca","Nunca","Nunca","Agua","Bebidas energizantes","Sí","A veces","Muy mala","Si","Nada saludable","A veces","Casi siempre","Buena","Sí","Sí","Si",64,1.54,59,7,"Sí","Sí","No","No","No","No"
"107",18,"Femenino","Ingeniería mecatrónica","Tercero",1,0.2,"Poca","A veces","Nunca","Casi nunca","Casi nunca","Agua","Bebidas energizantes","No","A veces","Ni buena ni mala","Si","Medianamente saludable","Casi siempre","A veces","Ni buena ni mala","No","Sí","Si",63,1.58,20,5,"Sí","No","No","Sí","No","Sí"
"108",19,"Femenino","Ingeniería industrial","Segundo",1,1,"Ni mucha ni poca","Casi nunca","Nunca","Nunca","Nunca","Agua","Agua","No","Siempre","Buena","Si","Saludable","Casi nunca","Casi nunca","Buena","No","No","Si",65,1.68,37,6,"Sí","No","No","No","No","Sí"
"109",18,"Femenino","Ingeniería mecánica","Tercero",1.5,0.3,"Muy poca","Casi nunca","Nunca","Nunca","Nunca","Agua","Agua","Tal vez","Casi siempre","Ni buena ni mala","Tal vez","Medianamente saludable","Nunca","Casi siempre","Ni buena ni mala","Sí","Sí","A veces",56,1.52,35,7,"Sí","No","No","No","No","Sí"
"110",20,"Masculino","Bioingeniería","Tercero",2,0.5,"Ni mucha ni poca","A veces","Nunca","Casi nunca","Nunca","Bebidas energizantes","Agua","Tal vez","A veces","Muy mala","Si","Medianamente saludable","Casi nunca","Siempre","Muy mala","Sí","Sí","A veces",78,1.71,17,6,"Sí","Sí","Sí","No","No","Sí"
"111",18,"Masculino","Ingeniería mecánica","Octavo",3,1,"Poca","A veces","Casi nunca","A veces","Nunca","Agua","Agua","Sí","Casi siempre","Buena","Si","Saludable","Casi nunca","A veces","Buena","No","No","A veces",70,1.7,30,5,"Sí","Sí","Sí","No","No","No"
"112",17,"Femenino","Bioingeniería","Tercero",1.5,1,"Mucha","Casi siempre","Nunca","Nunca","Nunca","Agua","Agua","Sí","A veces","Ni buena ni mala","Si","Medianamente saludable","Casi nunca","Siempre","Mala","Sí","Sí","A veces",52,1.56,22,5,"Sí","No","No","No","No","Sí"
"113",18,"Masculino","Ingeniería mecánica","Primero",5,5,"Ni mucha ni poca","A veces","A veces","Nunca","Nunca","Refrescos o jugos","Agua","Sí","Casi siempre","Buena","Si","Medianamente saludable","A veces","Casi nunca","Ni buena ni mala","No","No","Si",78,1.78,20,7,"Sí","No","Sí","Sí","No","Sí"
"114",18,"Femenino","Administración y negocios digitales","Primero",2,0.5,"Mucha","Casi nunca","Nunca","Nunca","Nunca","Refrescos o jugos","Refrescos o jugos","Sí","Casi siempre","Ni buena ni mala","Si","Medianamente saludable","Casi nunca","Casi siempre","Ni buena ni mala","No","Sí","Si",59,1.55,45,7,"Sí","No","No","Sí","No","Sí"
"115",20,"Masculino","Ciencia de la computación","Quinto",3,0.1,"Poca","Siempre","A veces","Casi nunca","A veces","Bebidas energizantes","Bebidas energizantes","Tal vez","Siempre","Ni buena ni mala","Si","Medianamente saludable","Nunca","Siempre","Muy mala","Sí","Sí","A veces",67,1.73,30,5,"Sí","Sí","Sí","Sí","No","Sí"
"116",18,"Masculino","Ingeniería civil","Segundo",2,0.5,"Ni mucha ni poca","Casi nunca","Nunca","Nunca","Nunca","Agua","Agua","Sí","A veces","Buena","Si","Muy saludable","Nunca","A veces","Muy buena","No","Sí","Si",85,1.77,20,7,"Sí","No","Sí","Sí","No","No"
"117",18,"Femenino","Ciencia de datos","Tercero",1.5,1,"Ni mucha ni poca","Casi siempre","Nunca","Nunca","A veces","Refrescos o jugos","Agua","Sí","A veces","Muy mala","Si","Medianamente saludable","Casi nunca","A veces","Ni buena ni mala","Sí","Sí","No",69,1.57,46,5,"Sí","No","No","Sí","No","Sí"
"118",20,"Masculino","Ingeniería mecatrónica","Segundo",1.5,0.5,"Mucha","Casi siempre","Casi siempre","Casi siempre","Casi siempre","Agua","Agua","Sí","A veces","Ni buena ni mala","No","Poco saludable","Casi nunca","Casi nunca","Mala","Sí","Sí","Si",60,1.6,20,6,"Sí","No","No","No","No","No"
"119",26,"Masculino","Ingeniería química","Séptimo",5,2,"Ni mucha ni poca","A veces","A veces","A veces","A veces","Agua","Infusiones","Sí","Casi nunca","Ni buena ni mala","Tal vez","Medianamente saludable","A veces","A veces","Ni buena ni mala","No","No","No",75,1.72,27,4,"Sí","No","Sí","Sí","No","Sí"
"120",18,"Femenino","Ciencia de datos","Tercero",1.5,0.7,"Ni mucha ni poca","Casi siempre","Nunca","Nunca","Casi nunca","Infusiones","Agua","Sí","A veces","Buena","Si","Medianamente saludable","Casi nunca","Siempre","Mala","Sí","Sí","Si",70,1.65,40,5,"Sí","No","No","Sí","No","No"
"121",19,"Masculino","Bioingeniería","Tercero",4,0.5,"Poca","Casi nunca","Nunca","Nunca","A veces","Infusiones","Infusiones","Tal vez","A veces","Ni buena ni mala","Si","Saludable","Nunca","Siempre","Mala","Sí","Sí","No",68,1.83,18,4,"Sí","No","Sí","Sí","Sí","Sí"
"122",17,"Masculino","Ingeniería industrial","Segundo",1,0.5,"Ni mucha ni poca","Casi siempre","Nunca","Nunca","Nunca","Otro","Agua","Sí","A veces","Buena","Si","Saludable","Casi nunca","Nunca","Buena","No","No","A veces",71,1.7,28,7,"Sí","No","No","No","No","No"
"123",20,"Masculino","Ingeniería mecatrónica","Segundo",3,1,"Poca","Casi nunca","Nunca","Nunca","Nunca","Agua","Agua","No","Casi siempre","Buena","Si","Medianamente saludable","Casi nunca","Casi siempre","Ni buena ni mala","Sí","Sí","Si",65,1.65,55,6,"Sí","No","No","No","No","No"
"124",18,"Masculino","Bioingeniería","Tercero",1,0.25,"Poca","Casi nunca","Nunca","Nunca","Nunca","Refrescos o jugos","Refrescos o jugos","Sí","Casi siempre","Buena","Si","Medianamente saludable","Nunca","Casi nunca","Buena","No","Sí","A veces",55,1.67,17,5,"No","No","No","No","No","Sí"
"125",17,"Femenino","Ingeniería civil","Segundo",3,3,"Mucha","Casi siempre","Casi nunca","Nunca","Nunca","Agua","Agua","No","A veces","Buena","Si","Medianamente saludable","Siempre","Casi siempre","Mala","Sí","Sí","Si",64,1.6,12,6,"Sí","No","No","No","No","Sí"
"126",20,"Masculino","Ingeniería electrónica","Segundo",3,0.5,"Ni mucha ni poca","A veces","Nunca","Nunca","Nunca","Agua","Agua","No","Casi siempre","Ni buena ni mala","No","Saludable","Casi nunca","Casi nunca","Ni buena ni mala","No","No","A veces",60,1.59,30,6,"Sí","No","No","No","No","No"
"127",17,"Masculino","Ingeniería electrónica","Tercero",2.5,0.675,"Mucha","Casi siempre","Nunca","Nunca","Nunca","Agua","Refrescos o jugos","Sí","Siempre","Muy buena","Si","Muy saludable","Nunca","Casi siempre","Muy buena","No","No","No",84,1.9,24,5,"Sí","Sí","Sí","Sí","No","No"
"128",19,"Masculino","Ciencia de la computación","Tercero",2,0.25,"Poca","A veces","Casi nunca","Nunca","Nunca","Otro","Agua","Sí","Casi siempre","Ni buena ni mala","Si","Saludable","Nunca","Casi nunca","Buena","No","No","Si",70,1.72,17,4,"Sí","No","Sí","No","No","Sí"
"129",19,"Masculino","Ciencia de la computación","Cuarto",0.5,0.5,"Mucha","Casi siempre","Nunca","Nunca","Nunca","Agua","Agua","Sí","Casi siempre","Buena","Si","Muy saludable","Casi nunca","Casi nunca","Muy buena","No","No","A veces",66.5,1.7,48,5,"Sí","No","No","No","No","No"
"130",20,"Masculino","Ingeniería química","Cuarto",3,0.5,"Muy poca","Nunca","Nunca","Nunca","Nunca","Agua","Infusiones","Tal vez","Casi siempre","Buena","Tal vez","Saludable","Nunca","Casi nunca","Buena","No","Sí","A veces",65,1.65,20,6,"Sí","No","No","No","No","Sí"
"131",18,"Masculino","Ingeniería mecánica","Primero",2,1,"Ni mucha ni poca","Casi siempre","Nunca","Nunca","Nunca","Agua","Bebidas energizantes","Sí","Casi siempre","Ni buena ni mala","Si","Saludable","Nunca","Casi nunca","Buena","No","No","A veces",50,1.6,15,5,"Sí","Sí","No","No","No","No"
"132",22,"Masculino","Ingeniería mecánica","Segundo",3,2,"Mucha","Casi siempre","Nunca","Nunca","Nunca","Agua","Agua","Sí","Siempre","Muy buena","Si","Muy saludable","Nunca","Nunca","Muy buena","No","No","A veces",65,1.69,32,6,"Sí","No","No","No","No","No"
"133",20,"Masculino","Ingeniería mecánica","Segundo",3,3,"Mucha","Casi siempre","Casi siempre","Casi siempre","Casi siempre","Bebidas energizantes","Bebidas energizantes","Sí","Casi siempre","Buena","Si","Saludable","Casi siempre","Casi siempre","Buena","Sí","Sí","Si",63,1.65,20,6,"Sí","No","No","No","No","Sí"
"134",21,"Masculino","Ingeniería mecánica","Segundo",3,1,"Mucha","Casi siempre","Casi nunca","A veces","Nunca","Agua","Bebidas energizantes","Tal vez","Casi nunca","Mala","Si","Saludable","Casi nunca","Casi nunca","Muy buena","No","No","A veces",77,1.81,32,6,"Sí","No","No","No","No","No"
"135",18,"Masculino","Ingeniería mecánica","Segundo",3,1.5,"Poca","Casi nunca","Nunca","Nunca","Nunca","Agua","Agua","Sí","Casi siempre","Buena","Si","Saludable","A veces","A veces","Buena","No","Sí","Si",69,1.79,18,5,"Sí","No","No","No","No","No"
"136",19,"Masculino","Ingeniería mecatrónica","Cuarto",2,1,"Poca","Casi siempre","Nunca","Nunca","Nunca","Agua","Agua","Sí","Casi siempre","Buena","Si","Saludable","Nunca","Nunca","Buena","No","No","No",72,1.72,30,6,"Sí","No","Sí","No","No","Sí"
"137",18,"Masculino","Ciencia de la computación","Tercero",2.5,2,"Ni mucha ni poca","A veces","Nunca","Nunca","Nunca","Agua","Agua","Sí","A veces","Mala","Si","Medianamente saludable","Casi nunca","Casi siempre","Buena","No","No","Si",85,1.72,17,5,"Sí","No","No","Sí","No","No"
"138",20,"Masculino","Ingeniería mecánica","Séptimo",3,0.1,"Mucha","Siempre","Casi nunca","Nunca","Nunca","Agua","Agua","Sí","A veces","Mala","Si","Medianamente saludable","Nunca","Casi nunca","Ni buena ni mala","Sí","No","No",70,1.72,59,4,"Sí","No","No","No","No","No"
"139",18,"Femenino","Ingeniería mecánica","Segundo",0.5,0.25,"Ni mucha ni poca","Casi nunca","Casi siempre","Casi siempre","Nunca","Gaseosas","Bebidas energizantes","Sí","Casi nunca","Muy mala","Si","Medianamente saludable","Casi nunca","A veces","Ni buena ni mala","Sí","Sí","A veces",54,1.65,20,5,"Sí","Sí","Sí","No","No","No"
"140",18,"Femenino","Ingeniería ambiental","Segundo",1.5,0.5,"Mucha","A veces","Nunca","Nunca","Nunca","Refrescos o jugos","Bebidas energizantes","No","Casi siempre","Buena","Si","Medianamente saludable","A veces","A veces","Mala","Sí","No","A veces",60,1.5,26,6,"Sí","No","No","Sí","No","Sí"
"141",23,"Masculino","Ingeniería mecánica","Décimo",2,0.5,"Ni mucha ni poca","Casi siempre","Nunca","A veces","Nunca","Agua","Bebidas energizantes","No","Casi nunca","Muy buena","No","Poco saludable","A veces","Nunca","Mala","Sí","No","No",100,1.8,24,3,"Sí","Sí","Sí","Sí","No","Sí"
"142",18,"Masculino","Ciencia de la computación","Segundo",3,0.1,"Muy poca","Nunca","Nunca","Nunca","Nunca","Agua","Refrescos o jugos","Sí","Casi siempre","Buena","Si","Medianamente saludable","Nunca","A veces","Ni buena ni mala","Sí","Sí","A veces",72,1.72,25,5,"Sí","No","No","No","No","Sí"
"143",20,"Masculino","Ingeniería industrial","Cuarto",2,1.5,"Demasiada","Siempre","Nunca","Nunca","Casi nunca","Agua","Agua","Sí","Casi siempre","Buena","Si","Saludable","A veces","Nunca","Buena","Sí","Sí","Si",66,1.73,35,6,"Sí","No","No","No","No","No"
"144",19,"Femenino","Ingeniería industrial","Cuarto",2.5,2.5,"Mucha","Siempre","Casi nunca","Nunca","Casi nunca","Agua","Agua","Tal vez","Casi siempre","Buena","Tal vez","Saludable","A veces","A veces","Muy buena","No","No","A veces",81,1.67,22,6,"Sí","No","Sí","No","No","No"
"145",19,"Masculino","Ingeniería industrial","Cuarto",1,1,"Muy poca","A veces","Nunca","Nunca","Casi nunca","Agua","Refrescos o jugos","Sí","Siempre","Muy buena","Si","Saludable","A veces","Casi siempre","Muy buena","No","No","Si",81,1.71,12,6,"Sí","No","No","Sí","No","No"
"146",21,"Femenino","Ingeniería industrial","Séptimo",2,2,"Ni mucha ni poca","Casi siempre","Casi nunca","A veces","Nunca","Bebidas energizantes","Bebidas energizantes","Tal vez","A veces","Ni buena ni mala","Tal vez","Medianamente saludable","A veces","A veces","Ni buena ni mala","Sí","Sí","A veces",72,1.61,50,4,"Sí","No","No","No","No","No"
"147",18,"Femenino","Ingeniería mecánica","Segundo",2,1,"Mucha","A veces","Nunca","Nunca","Nunca","Agua","Agua","Sí","A veces","Mala","Si","Medianamente saludable","Nunca","Nunca","Ni buena ni mala","No","No","No",60,1.6,40,6,"Sí","No","No","No","No","No"
"148",17,"Masculino","Bioingeniería","Tercero",1,0.1,"Muy poca","Nunca","Nunca","Nunca","Nunca","Refrescos o jugos","Refrescos o jugos","Tal vez","Casi siempre","Mala","Si","Medianamente saludable","Nunca","Casi nunca","Mala","No","No","No",55,1.75,18,6,"Sí","No","No","No","No","Sí"
"149",18,"Femenino","Bioingeniería","Tercero",3,2,"Ni mucha ni poca","Casi siempre","Nunca","Nunca","A veces","Agua","Agua","No","Casi siempre","Buena","Si","Saludable","Casi nunca","Casi nunca","Buena","No","No","A veces",54,1.65,20,6,"Sí","No","No","Sí","No","No"
"150",19,"Masculino","Ingeniería mecatrónica","Tercero",2.5,1.5,"Mucha","Siempre","Nunca","Casi nunca","Nunca","Agua","Agua","Tal vez","Casi siempre","Ni buena ni mala","Si","Muy saludable","Nunca","A veces","Muy buena","Sí","No","A veces",60,1.75,18,5,"Sí","No","No","No","No","Sí"
"151",18,"Femenino","Ingeniería industrial","Segundo",4,1,"Mucha","Casi siempre","Casi nunca","Casi nunca","Casi nunca","Infusiones","Agua","Tal vez","A veces","Ni buena ni mala","Tal vez","Medianamente saludable","Siempre","A veces","Buena","Sí","Sí","A veces",60,1.56,35,6,"Sí","No","No","No","No","Sí"
"152",18,"Femenino","Bioingeniería","Tercero",2,0.5,"Poca","A veces","Nunca","Nunca","Nunca","Agua","Agua","Sí","Casi siempre","Muy buena","Tal vez","Saludable","Nunca","Casi nunca","Ni buena ni mala","No","No","A veces",59,1.64,50,5,"Sí","No","No","No","No","Sí"
"153",19,"Femenino","Ingeniería industrial","Cuarto",3,2,"Ni mucha ni poca","Casi siempre","Casi nunca","A veces","A veces","Agua","Agua","Sí","Casi siempre","Ni buena ni mala","Si","Saludable","Casi nunca","Casi nunca","Ni buena ni mala","No","Sí","A veces",49,1.55,23,6,"Sí","Sí","Sí","Sí","No","No"
"154",19,"Femenino","Ingeniería ambiental","Cuarto",3,1.5,"Poca","A veces","Nunca","Nunca","Nunca","Agua","Agua","Tal vez","Casi siempre","Ni buena ni mala","Si","Medianamente saludable","A veces","A veces","Ni buena ni mala","No","Sí","A veces",54,1.56,22,5,"Sí","No","No","No","No","No"
"155",18,"Femenino","Administración y negocios digitales","Segundo",2,1,"Mucha","Siempre","Nunca","Nunca","A veces","Agua","Infusiones","No","A veces","Ni buena ni mala","No","Saludable","Siempre","Casi siempre","Muy buena","Sí","Sí","Si",62,1.67,26,6,"Sí","No","No","No","No","No"
"156",20,"Masculino","Ingeniería mecánica","Cuarto",4,1.5,"Ni mucha ni poca","A veces","Nunca","Casi nunca","Casi nunca","Agua","Agua","Sí","Casi siempre","Buena","Si","Medianamente saludable","Nunca","Nunca","Ni buena ni mala","Sí","Sí","Si",89,1.68,6,3,"Sí","No","No","No","No","Sí"
"157",24,"Masculino","Ciencia de la computación","Tercero",3,0.5,"Ni mucha ni poca","Casi siempre","Nunca","Nunca","Nunca","Infusiones","Infusiones","Sí","Casi siempre","Ni buena ni mala","Si","Poco saludable","Nunca","Casi siempre","Ni buena ni mala","Sí","Sí","Si",86,1.72,42,6,"Sí","No","Sí","No","No","Sí"
"158",19,"Femenino","Ingeniería industrial","Segundo",0.5,0.5,"Poca","A veces","Casi siempre","Nunca","Nunca","Gaseosas","Agua","Sí","A veces","Ni buena ni mala","Si","Poco saludable","Casi siempre","Siempre","Muy mala","Sí","Sí","A veces",65,1.63,57,6,"No","No","Sí","No","No","No"
"159",18,"Femenino","Bioingeniería","Segundo",2,2,"Ni mucha ni poca","Casi siempre","Nunca","Nunca","A veces","Agua","Agua","Sí","A veces","Buena","Si","Saludable","Casi nunca","Casi siempre","Ni buena ni mala","Sí","Sí","Si",60,1.55,24,7,"Sí","No","No","No","Sí","No"
"160",20,"Femenino","Ingeniería civil","Quinto",3,3,"Ni mucha ni poca","Casi siempre","Nunca","Casi nunca","A veces","Agua","Agua","Sí","Casi siempre","Muy buena","Si","Saludable","Nunca","Casi nunca","Ni buena ni mala","No","Sí","No",50,1.59,19,6,"Sí","No","No","No","No","No"
"161",18,"Masculino","Ingeniería civil","Cuarto",5,5,"Ni mucha ni poca","Casi siempre","Casi siempre","Casi siempre","A veces","Bebidas energizantes","Refrescos o jugos","No","Casi siempre","Ni buena ni mala","No","Medianamente saludable","A veces","A veces","Ni buena ni mala","Sí","Sí","No",69,1.67,21,6,"No","Sí","No","No","No","No"
"162",20,"Masculino","Ingeniería civil","Cuarto",3,1,"Ni mucha ni poca","A veces","Nunca","Nunca","Nunca","Agua","Agua","No","Siempre","Muy buena","No","Medianamente saludable","Nunca","Casi nunca","Muy buena","No","No","Si",78,1.67,40,5,"Sí","No","No","No","No","Sí"
"163",17,"Masculino","Ingeniería civil","Primero",2.5,1.5,"Ni mucha ni poca","Casi siempre","Nunca","Nunca","Nunca","Refrescos o jugos","Agua","Sí","Casi siempre","Ni buena ni mala","Si","Muy saludable","Nunca","A veces","Ni buena ni mala","No","Sí","Si",65,1.69,22,6,"Sí","No","No","No","No","Sí"
"164",21,"Femenino","Ingeniería ambiental","Segundo",1,1,"Ni mucha ni poca","A veces","Nunca","Nunca","Nunca","Agua","Agua","No","Casi siempre","Buena","Si","Medianamente saludable","Casi siempre","A veces","Ni buena ni mala","No","No","Si",48,1.5,30,6,"Sí","No","No","No","No","No"
"165",18,"Femenino","Ingeniería industrial","Segundo",2,0.2,"Poca","Casi nunca","Nunca","Nunca","Nunca","Agua","Agua","Sí","A veces","Ni buena ni mala","Si","Poco saludable","Nunca","Casi nunca","Mala","No","Sí","No",51,1.56,30,6,"Sí","No","No","No","No","Sí"
"166",24,"Masculino","Ingeniería mecánica","Segundo",3,3,"Demasiada","Siempre","Siempre","Siempre","Siempre","Agua","Agua","Sí","Siempre","Muy buena","Si","Muy saludable","Nunca","Nunca","Muy mala","No","No","No",69,1.68,12,5,"Sí","No","No","No","No","Sí"
"167",18,"Masculino","Ingeniería industrial","Tercero",3,2,"Ni mucha ni poca","Casi siempre","Nunca","Nunca","Nunca","Agua","Agua","Sí","Siempre","Muy buena","Si","Saludable","Nunca","Casi nunca","Buena","No","No","Si",80,1.8,20,6,"Sí","No","Sí","Sí","No","No"
"168",19,"Masculino","Ingeniería industrial","Cuarto",3,3,"Demasiada","Siempre","Siempre","Siempre","Siempre","Otro","Agua","Sí","Siempre","Muy buena","Si","Muy saludable","Siempre","Siempre","Muy buena","No","No","No",70,1.75,21,4,"Sí","No","No","No","No","No"
"169",17,"Femenino","Ingeniería industrial","Segundo",3,3,"Demasiada","Siempre","Siempre","Siempre","Siempre","Agua","Refrescos o jugos","Tal vez","Siempre","Ni buena ni mala","Tal vez","Muy saludable","Siempre","Siempre","Muy buena","Sí","Sí","No",50,1.58,10,6,"Sí","No","Sí","No","No","No"
"170",21,"Masculino","Bioingeniería","Cuarto",2,1,"Ni mucha ni poca","Casi siempre","Nunca","Nunca","Nunca","Agua","Agua","Sí","Casi siempre","Ni buena ni mala","Si","Saludable","Casi nunca","A veces","Ni buena ni mala","Sí","Sí","Si",68,1.75,16,5,"Sí","No","No","No","No","No"
"171",20,"Masculino","Ingeniería mecatrónica","Cuarto",0.5,0.5,"Poca","Nunca","Nunca","Nunca","Nunca","Bebidas energizantes","Otro","Tal vez","Siempre","Buena","Tal vez","Saludable","Nunca","Nunca","Buena","No","No","No",72,1.73,15,6,"Sí","Sí","Sí","No","No","No"
"172",18,"Masculino","Ingeniería mecatrónica","Tercero",3,2,"Poca","Casi nunca","Nunca","Casi siempre","Nunca","Agua","Agua","Tal vez","Casi siempre","Ni buena ni mala","Si","Saludable","Casi nunca","Casi nunca","Ni buena ni mala","No","No","A veces",68,1.75,23,6,"Sí","Sí","No","No","No","No"
"173",18,"Masculino","Ingeniería mecatrónica","Tercero",3,2,"Demasiada","Siempre","Siempre","Siempre","Nunca","Bebidas energizantes","Bebidas energizantes","Sí","A veces","Ni buena ni mala","Si","Medianamente saludable","Casi siempre","Siempre","Mala","Sí","Sí","Si",68,1.74,20,6,"Sí","Sí","Sí","No","No","Sí"
"174",20,"Femenino","Ingeniería electrónica","Quinto",4,1,"Ni mucha ni poca","Casi nunca","Nunca","Nunca","Nunca","Gaseosas","Agua","Sí","A veces","Mala","Si","Muy saludable","Nunca","A veces","Ni buena ni mala","Sí","Sí","No",58,1.64,16,4,"Sí","No","No","No","No","Sí"
"175",17,"Masculino","Ciencia de datos","Primero",1,0.5,"Poca","A veces","Nunca","Nunca","Nunca","Agua","Agua","Tal vez","A veces","Ni buena ni mala","Tal vez","Saludable","Nunca","Casi siempre","Mala","No","Sí","Si",65,1.76,20,6,"Sí","No","No","No","No","Sí"
"176",17,"Otro","Ciencia de datos","Primero",2,1,"Mucha","Siempre","Nunca","Nunca","Nunca","Agua","Agua","Sí","Casi siempre","Ni buena ni mala","Si","Medianamente saludable","Casi nunca","Casi siempre","Mala","No","No","Si",48,1.55,35,6,"Sí","No","No","No","No","No"
"177",17,"Femenino","Ciencia de datos","Primero",2,0.5,"Ni mucha ni poca","Casi nunca","Nunca","Nunca","Nunca","Agua","Agua","Sí","Siempre","Buena","Si","Saludable","Casi nunca","Siempre","Buena","No","No","Si",50,1.57,21,6,"Sí","No","No","Sí","No","No"
"178",19,"Femenino","Ingeniería mecatrónica","Quinto",2.5,1,"Ni mucha ni poca","A veces","Casi nunca","Nunca","Casi nunca","Agua","Agua","Sí","Casi siempre","Buena","Si","Medianamente saludable","Nunca","Casi nunca","Muy buena","No","No","Si",75,1.7,24,6,"Sí","No","No","Sí","No","Sí"
"179",16,"Masculino","Ciencia de datos","Primero",2,0.5,"Muy poca","Casi nunca","Nunca","Nunca","Casi nunca","Agua","Agua","Sí","A veces","Mala","Si","Medianamente saludable","Nunca","Casi siempre","Mala","Sí","Sí","A veces",52,1.73,35,6,"Sí","No","No","No","No","Sí"
"180",17,"Masculino","Ciencia de datos","Primero",1,0.5,"Ni mucha ni poca","A veces","Nunca","Nunca","Nunca","Refrescos o jugos","Agua","No","Casi siempre","Ni buena ni mala","Tal vez","Medianamente saludable","Casi nunca","Casi nunca","Buena","No","No","No",75,1.72,23,6,"Sí","No","Sí","No","No","Sí"
