Año,Marca,Modelo,Condicion,Precio,Rating,Reseñas,TipoVendedor,NombreVendedor,RatingVendedor,ReseñasVendedor,NombreCalle,Estado,Zip,Trato,Comodidad,DiseñoInterior,Performance,Valor,Exterior,Fiabilidad,ColorExt,ColorInt,Conduccion,MinMPG,MaxMPG,Combustible,Transmision,Motor,VIN,Stock,Millas
2018,Ford,Mustang EcoBoost Premium,Used,26499,4.8,192,Dealer,AutoNation Ford Scottsdale,4.3,1366,8555 E Frank Lloyd Wright Blvd Scottsdale,AZ,85260,Great,4.7,4.8,4.9,4.6,4.9,4.8,Ingot Silver Metallic,–,Rear-wheel Drive,21,31,Gasoline,10-Speed Automatic,2.3L I4 16V GDI DOHC Turbo,1FA6P8TH1J5167919,J5167919,33282
2019,Honda,CR-V LX,Used,26500,4.8,540,Dealer,Koons Annapolis Toyota,4.6,942,1107 West St Annapolis,MD,21401,Good,4.8,4.8,4.7,4.7,4.8,4.8,Crystal Black Pearl,Black,Front-wheel Drive,26,32,Gasoline,Automatic CVT,2.4L I4 16V GDI DOHC,2HKRW5H39KH416233,T19261,21310
2019,Jeep,Grand Cherokee Limited,Used,33112,4.8,224,Dealer,Fair Oaks Chrysler Jeep Dodge RAM,4.2,865,4170 Auto Park Cir Chantilly,VA,20151,Great,4.9,4.9,4.8,4.6,4.9,4.8,Diamond Black,Black,Four-wheel Drive,18,25,Gasoline,8-Speed Automatic,3.6L V6 24V MPFI DOHC,1C4RJFBG4KC761892,KC761892A,42477
2019,Mercedes-Benz,GLA 250 Base 4MATIC,Used,31998,4.6,33,Dealer,CarMax Fremont - Now offering Curbside Pickup and Home Delivery,4.8,1,44100 Christy St Fremont,CA,94538,Good,4.6,4.5,4.6,4.5,4.7,4.7,Blue,Crystal Gray,All-wheel Drive,23,31,Flexible,7-Speed Automatic with Auto-Shift,2.0L I4 16V GDI DOHC Turbo Flexible Fuel,WDCTG4GB1KJ581359,22540672,39914
2019,Audi,Q8 3.0T Premium Plus,Used,59999,4.8,27,Dealer,Jack Daniels Audi of Paramus,4.8,1150,123 Route 4 West Paramus,NJ,7652,Fair,4.9,4.8,4.8,4.6,5,4.9,Orca Black Metallic,Black,All-wheel Drive,17,22,Gasoline,8-Speed Automatic,3.0L V6 24V GDI DOHC Turbo,WA1EVAF14KD031299,P15782,43843
2019,Audi,Q5 2.0T Premium Plus,Used,39871,4.7,42,Dealer,Audi North Miami,4.7,163,1995 NE 142nd St North Miami,FL,33181,Good,4.8,4.6,4.7,4.5,4.7,4.7,Mythos Black Metallic,Atlas Beige / Gray,All-wheel Drive,22,27,Gasoline,7-Speed Automatic with Auto-Shift,2.0L I4 16V GDI DOHC Turbo,WA1BNAFY2K2101698,K2101698,29172
2019,Mercedes-Benz,GLA 250 Base 4MATIC,Certified,31998,4.6,33,Dealer,W.I. Simonson Inc.,4.5,788,1626 Wilshire Blvd Santa Monica,CA,90403,Great,4.6,4.5,4.6,4.5,4.7,4.7,White,Beige,All-wheel Drive,23,31,Flexible,7-Speed Automatic with Auto-Shift,2.0L I4 16V GDI DOHC Turbo Flexible Fuel,WDCTG4GB2KJ631508,TKJ631508,17367
2019,Honda,CR-V EX-L,Certified,31495,4.8,540,Dealer,Page Honda of Bloomfield,4.6,328,1819 S Telegraph Rd Bloomfield Hills,MI,48302,Good,4.8,4.8,4.7,4.7,4.8,4.8,Gunmetal Metallic,Gray,All-wheel Drive,27,33,Gasoline,Automatic CVT,1.5L I4 16V GDI DOHC Turbo,2HKRW2H82KH671073,0469-22A,20580
2018,Chevrolet,Equinox Premier w/1LZ,Used,26998,4.7,708,Dealer,CarMax Warner Robins - Now offering Curbside Pickup and Home Delivery,1,2,551 S Houston Lake Rd Warner Robins,GA,31088,Good,4.7,4.7,4.7,4.6,4.8,4.7,White,Gray,Front-wheel Drive,26,32,Gasoline,6-Speed Automatic,1.5L I4 16V GDI DOHC Turbo,2GNAXMEV6J6318071,22753136,43117
2019,BMW,X5 xDrive40i,Certified,57638,4.7,55,Dealer,Advantage BMW Midtown,4.4,723,1305 Gray St Houston,TX,77002,Good,5,4.9,4.9,4.4,4.7,4.6,Arctic Gray Metallic,Black,All-wheel Drive,20,26,Gasoline,8-Speed Automatic,3.0L I6 24V GDI DOHC Turbo,5UXCR6C54KLL10780,KLL10780,13206
2018,Audi,Q5 2.0T Premium Plus,Used,37998,4.7,181,Dealer,CarMax Kansas City - Now offering Curbside Pickup,1.9,273,6801 E Frontage Rd Merriam,KS,66204,Good,4.7,4.7,4.7,4.4,4.7,4.6,Ibis White,Black,All-wheel Drive,23,27,Gasoline,7-Speed Automatic with Auto-Shift,2.0L I4 16V GDI DOHC Turbo,WA1BNAFY2J2085310,22876903,35485
2018,Lexus,RX 350L L,Used,43998,4.6,31,Dealer,CarMax Pharr - Now offering Curbside Pickup,4.2,2,1300 E I-2 Pharr,TX,78577,Fair,4.7,4.7,4.5,4.5,4.6,4.6,Gray,Tan,Front-wheel Drive,19,26,Gasoline,8-Speed Automatic,3.5L V6 24V MPFI DOHC,JTJGZKCA4J2004298,22983737,29594
2019,Jeep,Grand Cherokee Limited,Used,35883,4.8,224,Dealer,BMW of Rockville,4.6,1611,1300 Rockville Pike Rockville,MD,20852,Great,4.9,4.9,4.8,4.6,4.9,4.8,Diamond Black,Black,Four-wheel Drive,18,25,Gasoline,8-Speed Automatic,3.6L V6 24V MPFI DOHC,1C4RJFBG1KC640270,KC640270,33772
2019,Toyota,Camry XSE,Certified,31491,4.8,309,Dealer,Toyota of Hackensack,4.5,2416,278 River St Hackensack,NJ,7601,Good,4.8,4.7,4.7,4.6,4.9,4.8,Blue Streak / Midnight Black Metallic,Black,Front-wheel Drive,28,39,Gasoline,8-Speed Automatic,2.5L I4 16V PDI DOHC,4T1B61HKXKU243146,221487A,16821
2019,Ford,Explorer Limited,Certified,34308,4.8,110,Dealer,Ken Stoepel Ford,4.8,492,400 Sidney Baker St S Kerrville,TX,78028,Good,4.8,4.8,4.8,4.7,4.9,4.8,Ingot Silver Metallic,Ebony Black,Four-wheel Drive,18,25,Gasoline,6-Speed Automatic,3.5L V6 24V MPFI DOHC,1FM5K8F88KGB26897,33218B,80336
2019,Lexus,GX 460 Base,Used,52725,4.7,24,Dealer,Greenville Toyota,4.7,490,3615 S Memorial Dr Greenville,NC,27834,Good,4.8,4.6,4.6,4.5,4.6,4.8,EMINENT,–,Four-wheel Drive,15,18,Gasoline,6-Speed Automatic,4.6L V8 32V MPFI DOHC,JTJBM7FX6K5234267,P12897,34225
2019,Lexus,RX 350 350,Used,47260,4.8,102,Dealer,Volvo Cars of Marietta,4.8,1113,1195 Cobb Pkwy S Marietta,GA,30060,Good,4.8,4.8,4.8,4.6,4.9,4.8,Atomic Silver,Black,All-wheel Drive,19,26,Gasoline,8-Speed Automatic,3.5L V6 24V PDI DOHC,2T2BZMCA5KC190537,QC11605R,20225
2019,Chevrolet,Traverse LT Cloth,Used,28331,4.7,203,Dealer,Atlantic Hyundai,4.6,3181,193 Sunrise Hwy West Islip,NY,11795,Great,4.8,4.8,4.7,4.5,4.9,4.6,Mosaic Black Metallic,Jet Black,All-wheel Drive,17,25,Gasoline,9-Speed Automatic,3.6L V6 24V GDI DOHC,1GNEVGKW5KJ290855,U92602X,24440
2018,Jeep,Grand Cherokee Limited,Certified,31500,4.8,395,Dealer,Koons Tysons Chrysler Dodge Jeep RAM,4,824,2050 Chain Bridge Rd Vienna,VA,22182,Great,4.9,4.8,4.8,4.6,4.9,4.7,Diamond Black,Black,Four-wheel Drive,18,25,Gasoline,8-Speed Automatic,3.6L V6 24V MPFI DOHC,1C4RJFBG6JC350881,00J12450,38065
2018,Toyota,RAV4 Limited,Used,30490,4.8,770,Dealer,Chicago Northside Toyota,4.1,434,6042 N Western Ave Chicago,IL,60659,Good,4.8,4.7,4.8,4.7,4.8,4.9,Black,Cinnamon,All-wheel Drive,22,28,Gasoline,6-Speed Automatic,2.5L I4 16V MPFI DOHC,2T3DFREV4JW814495,P13379,50551
2019,BMW,X5 xDrive40i,Used,52767,4.7,55,Dealer,BMW of Peoria,4.7,394,1720 West Pioneer Parkway Peoria,IL,61615,Fair,5,4.9,4.9,4.4,4.7,4.6,Jet Black,Black,All-wheel Drive,20,26,Gasoline,8-Speed Automatic,3.0L I6 24V GDI DOHC Turbo,5UXCR6C59KLL35819,W6565A,41603
2019,Ford,Flex SEL,Used,29995,4.8,50,Dealer,Elder Ford of Romeo,4.3,193,63300 Van Dyke Romeo,MI,48095,Great,4.9,4.8,4.7,4.7,4.7,4.8,Agate Black,Charcoal Black,All-wheel Drive,16,22,Gasoline,6-Speed Automatic,3.5L V6 24V MPFI DOHC,2FMHK6C81KBA27318,TKBA27318,46386
2019,Chevrolet,Suburban LT,Used,48398,4.6,38,Dealer,Dan Vaden Chevrolet,4.6,252,9393 Abercorn St Savannah,GA,31406,Good,4.7,4.6,4.7,4.4,4.6,4.7,Silver Ice Metallic,Cocoa / Dune,Four-wheel Drive,14,21,Gasoline,6-Speed Automatic,5.3L V8 16V GDI OHV,1GNSKHKC5KR344759,KR344759,80204
2018,Lexus,GX 460 Base,Used,46656,4.6,36,Dealer,Sterling McCall Lexus,4.6,750,10025 Southwest Fwy Houston,TX,77074,Great,4.8,4.5,4.5,4.5,4.6,4.9,Silver Lining Metallic,Sepia,Four-wheel Drive,15,18,Gasoline,6-Speed Automatic,4.6L V8 32V MPFI DOHC,JTJBM7FX8J5184549,J5184549,24212
2019,Mercedes-Benz,C-Class C 300 4MATIC,Used,56999,4.8,40,Dealer,Moses Buick GMC Cadillac of Charleston,4.8,410,1406 Washington Street East Charleston,WV,25301,Fair,4.8,4.8,4.8,4.5,4.8,4.7,Selenite Gray Metallic,AMG Black,All-wheel Drive,21,29,Gasoline,9-Speed Automatic,2.0L I4 16V GDI DOHC Turbo,WDDWK8EB6KF778046,C22031B,14716
2019,Lexus,ES 350 F Sport,Used,42195,4.6,121,Dealer,Jaguar Land Rover Dallas,4.5,309,11400 N Central Expy Dallas,TX,75243,Good,4.7,4.6,4.6,4.4,4.7,4.6,Black,Red,Front-wheel Drive,22,31,Gasoline,8-Speed Automatic,3.5L V6 24V PDI DOHC,58ABZ1B15KU004958,1L3035A,35760
2019,BMW,X3 sDrive30i,Used,34919,4.7,99,Dealer,EchoPark Automotive Greenville,4.6,39,2930 Laurens Rd Greenville,SC,29607,Good,4.7,4.7,4.8,4.3,4.8,4.6,Alpine White,Black,Rear-wheel Drive,23,30,Gasoline,8-Speed Automatic,2.0L I4 16V GDI DOHC Turbo,5UXTR7C54KLR47321,PKLR47321,37559
2019,Jeep,Cherokee Latitude Plus,Used,27500,4.6,568,Dealer,MotorWorld Pre-Owned,4.7,1801,150 Motorworld Dr Wilkes-Barre,PA,18702,Great,4.8,4.7,4.5,4.5,4.7,4.6,Diamond Black,Black,Four-wheel Drive,21,29,Gasoline,9-Speed Automatic,2.4L I4 16V MPFI SOHC,1C4PJMLB9KD402160,J13480A,21870
2019,Ford,Expedition Platinum,Certified,56000,4.8,62,Dealer,Five Star Ford Lewisville,4.9,1663,1144 N Stemmons Fwy Lewisville,TX,75067,Great,4.9,4.9,4.8,4.7,4.9,4.7,Agate Black Metallic,Ebony,Rear-wheel Drive,17,24,Gasoline,10-Speed Automatic,3.5L V6 24V GDI DOHC Twin Turbo,1FMJU1LT1KEA68684,NEA03245A,47221
2019,Honda,Pilot EX-L,Used,34205,4.8,223,Dealer,Tameron Honda Eastern Shore,4.6,781,9871 Justina Ave Daphne,AL,36526,Good,4.9,4.8,4.7,4.7,4.7,4.8,White Diamond Pearl,Black,All-wheel Drive,18,26,Gasoline,6-Speed Automatic,3.5L V6 24V GDI SOHC,5FNYF6H52KB005631,DP12665,61668
2019,Audi,Q7 55 Premium Plus,Used,51840,4.7,44,Dealer,New Rochelle Toyota,4.5,542,47 Cedar St New Rochelle,NY,10801,Good,4.8,4.6,4.8,4.5,4.8,4.6,Florett Silver Metallic,Nougat Brown,All-wheel Drive,19,25,Gasoline,8-Speed Automatic,3.0L V6 24V GDI DOHC Supercharged,WA1LAAF75KD046126,U36472,20854
2019,Audi,A8 L 55,Used,56500,4.8,5,Dealer,Audi Downtown LA,4.8,581,1900 S Figueroa St Los Angeles,CA,90007,Good,5,4.2,5,4.6,4.8,5,Florett Silver Metallic,Black,All-wheel Drive,19,27,Gasoline,8-Speed Automatic,3.0L V6 24V GDI DOHC Turbo,WAU8DAF86KN013347,A2040155-1,34925
2019,Audi,Q5 2.0T Premium Plus,Used,44498,4.7,42,Dealer,Audi Rockville,4.7,1534,1125 Rockville Pike Rockville,MD,20852,Good,4.8,4.6,4.7,4.5,4.7,4.7,Mythos Black Metallic,Nougat Brown / Black,All-wheel Drive,22,27,Gasoline,7-Speed Automatic with Auto-Shift,2.0L I4 16V GDI DOHC Turbo,WA1BNAFYXK2034008,MK2034008,10449
2019,Mercedes-Benz,AMG C 63 S,Used,79998,5,4,Dealer,AutoNation Honda Chandler,4.8,4504,1150 S Gilbert Rd Chandler,AZ,85286,Good,5,5,5,4.8,5,5,designo Graphite,–,Rear-wheel Drive,17,26,Gasoline,9-Speed Automatic,4.0L V8 32V GDI DOHC Twin Turbo,WDDWJ8HB9KF823205,KF823205,33507
2019,Jeep,Grand Cherokee Limited,Used,34000,4.8,224,Dealer,Heritage Chrysler Jeep Dodge RAM Parkville,4.8,2167,9219 Harford Rd Baltimore,MD,21234,Great,4.9,4.9,4.8,4.6,4.9,4.8,Granite Crystal Clearcoat Metallic,Black,Four-wheel Drive,18,25,Gasoline,8-Speed Automatic,3.6L V6 24V MPFI DOHC,1C4RJFBG2KC761566,LP761566,44332
2019,Honda,CR-V EX-L,Used,29718,4.8,540,Dealer,DELLA Mitsubishi,4.6,85,7 Della Dr Plattsburgh,NY,12901,Good,4.8,4.8,4.7,4.7,4.8,4.8,Lunar Silver Metallic,Black,All-wheel Drive,27,33,Gasoline,Automatic CVT,1.5L I4 16V GDI DOHC Turbo,2HKRW2H85KH626080,225409A,34724
2018,Subaru,Outback 2.5i Limited,Used,27293,4.7,445,Dealer,Bob Rohrman Subaru,4.5,1360,1600 S Creasy Ln Lafayette,IN,47905,Great,4.8,4.7,4.6,4.7,4.7,4.8,Dark Blue,Ivy,All-wheel Drive,25,32,Gasoline,Automatic CVT,2.5L,4S4BSANCXJ3204070,3426PPPP,65908
2019,Chevrolet,Tahoe Premier,Used,59995,4.6,70,Dealer,Jaguar Land Rover Frisco,4.3,182,5935 Preston Rd Frisco,TX,75034,Good,4.7,4.6,4.6,4.3,4.7,4.7,Summit White,Jet Black,Four-wheel Drive,15,21,Gasoline,10-Speed Automatic,6.2L V8 16V GDI OHV,1GNSKCKJ2KR255846,2P0052A,51045
2019,Jeep,Grand Cherokee Limited,Used,35963,4.8,224,Dealer,Sunnyside Chrysler Dodge Jeep RAM,4.7,38,4810 W Elm St McHenry,IL,60050,Great,4.9,4.9,4.8,4.6,4.9,4.8,Diamond Black,Black,Four-wheel Drive,18,25,Gasoline,8-Speed Automatic,3.6L V6 24V MPFI DOHC,1C4RJFBG8KC689000,P1695A,36268
2019,Jeep,Grand Cherokee Altitude,Used,41697,4.8,224,Dealer,Progressive Chrysler Jeep Dodge RAM,4.7,1169,7966 Hills and Dales Rd NW Massillon,OH,44646,Fair,4.9,4.9,4.8,4.6,4.9,4.8,Diamond Black,Black,Four-wheel Drive,18,25,Gasoline,8-Speed Automatic,3.6L V6 24V MPFI DOHC,1C4RJFAG1KC625673,DPS15650,32961
2018,Toyota,RAV4 XLE,Used,28648,4.8,770,Dealer,Kings Toyota,4.3,522,9500 Kings Auto Mall Rd Cincinnati,OH,45249,Good,4.8,4.7,4.8,4.7,4.8,4.9,Ruby Flare Pearl,Black,Front-wheel Drive,23,30,Gasoline,6-Speed Automatic,2.5L I4 16V MPFI DOHC,JTMWFREV0JD109084,JD109084,24989
2019,Ford,Edge SEL,Used,31883,4.7,193,Dealer,Berlin City Honda of Portland,4.8,1472,255 Maine Mall Rd South Portland,ME,4106,Good,4.8,4.7,4.7,4.6,4.8,4.7,Ingot Silver Metallic,Ebony,All-wheel Drive,21,28,Gasoline,8-Speed Automatic,2.0L I4 16V GDI DOHC Turbo,2FMPK4J97KBB59012,HU28546,41661
2019,BMW,330 i,Certified,34998,4.9,30,Dealer,Stevens Creek BMW,4.4,1572,4343 Stevens Creek Blvd Santa Clara,CA,95051,Fair,4.9,4.9,5,4.6,4.9,4.9,Black,Beige,Rear-wheel Drive,26,36,Gasoline,8-Speed Automatic,2.0L I4 16V GDI DOHC Turbo,WBA5R1C57KAK09951,LKAK09951,19099
2019,BMW,530 i,Certified,38997,4.8,15,Dealer,BMW North Scottsdale,4.5,517,18018 N Scottsdale Rd. Phoenix,AZ,85054,Good,4.9,4.8,4.8,4.5,4.9,4.7,Glacier Silver Metallic,Black,Rear-wheel Drive,24,34,Gasoline,8-Speed Automatic,2.0L I4 16V GDI DOHC Turbo,WBAJA5C59KWW05900,BF9509,43515
2019,Mercedes-Benz,GLC 300 Base,Used,33395,4.6,72,Dealer,Mercedes-Benz of Pompano,4.5,657,350 W Copans Road Pompano Beach,FL,33064,Good,4.8,4.8,4.6,4.5,4.7,4.6,Black,–,Rear-wheel Drive,22,27,Gasoline,9-Speed Automatic,2.0L I4 16V GDI DOHC Turbo,WDC0G4JB3KF631418,KF631418,50465
2019,BMW,X6 xDrive35i,Used,56983,4,8,Dealer,BMW of Orland Park,4.5,611,11030 W 159th St Orland Park,IL,60467,Good,4,4.5,3.5,3.6,4.8,3.5,Carbon Black Metallic,Coral Red / Black,All-wheel Drive,18,24,Gasoline,8-Speed Automatic,3.0L I6 24V GDI DOHC Turbo,5UXKU2C57K0Z64032,VB716,27579
2018,BMW,X1 xDrive28i,Used,29990,4.8,79,Dealer,Autohaus BMW,4.9,2698,3015 S Hanley Rd Saint Louis,MO,63143,Fair,4.7,4.7,4.8,4.6,4.8,4.8,Black Sapphire Metallic,Black,All-wheel Drive,22,31,Gasoline,8-Speed Automatic,2.0L I4 16V GDI DOHC Turbo,WBXHT3C30J5K31859,24932B,45284
2018,Toyota,Tundra SR5,Used,44550,4.8,198,Dealer,AutoNation Toyota Corpus Christi,4.6,1155,6672 S Padre Island Dr Corpus Christi,TX,78412,Good,4.8,4.6,4.9,4.6,4.8,4.9,Midnight Black Metallic,–,Four-wheel Drive,13,17,Flexible,6-Speed Automatic,5.7L V8 32V MPFI DOHC Flexible Fuel,5TFDW5F15JX734798,JX734798,43786
2019,Lexus,RX 350 350,Used,41777,4.8,102,Dealer,Dashcars of CT,1.6,25,750 Bridgeport Avenue Milford,CT,6460,Great,4.8,4.8,4.8,4.6,4.9,4.8,White,Red,All-wheel Drive,19,26,Gasoline,8-Speed Automatic,3.5L V6 24V PDI DOHC,2T2BZMCA3KC203365,DP203365,19388
2019,Mercedes-Benz,GLA 250 Base 4MATIC,Used,29977,4.6,33,Dealer,Ourisman Super Center,1,1,15301 N. Frederick Road Rockville,MD,20852,Good,4.6,4.5,4.6,4.5,4.7,4.7,Black,Black,All-wheel Drive,23,31,Flexible,7-Speed Automatic with Auto-Shift,2.0L I4 16V GDI DOHC Turbo Flexible Fuel,WDCTG4GB5KU005711,SC0457,54578
2019,Chevrolet,Camaro 1LT,Used,31491,4.8,68,Dealer,Classic Chevrolet Sugar Land,4.6,1128,13115 Southwest Freeway Sugar Land,TX,77478,Great,4.5,4.6,4.9,4.7,4.9,4.8,Black,Jet Black,Rear-wheel Drive,20,30,Gasoline,8-Speed Automatic,3.6L V6 GDI DOHC,1G1FB1RS0K0159739,PK0159739,28576
2019,Mercedes-Benz,S-Class S 560 4MATIC,Used,71495,4.6,14,Dealer,Mercedes-Benz of Massapequa,4.8,1724,101 Sunrise Hwy Amityville,NY,11701,Great,5,4.8,4.4,4.4,4.7,4.3,Black,Black,All-wheel Drive,17,27,Gasoline,9-Speed Automatic,4.0L V8 32V GDI DOHC Twin Turbo,WDDUG8GB8KA475787,KA475787P,28098
2019,Honda,CR-V EX,Used,28994,4.8,540,Dealer,"Maguire Automotive (Imports - Audi, VW, Volvo, Kia and Toyota)",4.8,1844,370 Elmira Rd Ithaca,NY,14850,Good,4.8,4.8,4.7,4.7,4.8,4.8,White,Gray,All-wheel Drive,27,33,Gasoline,Automatic CVT,1.5L I4 16V GDI DOHC Turbo,2HKRW2H59KH618571,22A837A,35565
2019,Toyota,Corolla LE,Used,21822,4.8,167,Dealer,AutoNation Subaru Arapahoe,4.5,1519,9955 E Arapahoe Rd Centennial,CO,80112,Good,4.8,4.7,4.7,4.7,4.8,4.9,Barcelona Red Metallic,–,Front-wheel Drive,28,36,Gasoline,Automatic CVT,1.8L I4 16V MPFI DOHC,5YFBURHE4KP942398,KP942398,42390
2019,Chevrolet,Equinox 1LT,Used,22577,4.5,415,Dealer,Ourisman Super Center,1,1,15301 N. Frederick Road Rockville,MD,20852,Great,4.6,4.6,4.5,4.4,4.6,4.5,Sandy Ridge Metallic,Jet Black,Front-wheel Drive,26,32,Gasoline,6-Speed Automatic,1.5L I4 16V GDI DOHC Turbo,2GNAXKEV2K6220113,SC0450,49244
2019,Mercedes-Benz,C-Class C 300 4MATIC,Certified,56900,4.8,40,Dealer,Mercedes-Benz of Silver Spring,4.8,1645,3301 Briggs Chaney Rd Silver Spring,MD,20904,Fair,4.8,4.8,4.8,4.5,4.8,4.7,Black,AMG Saddle Brown,All-wheel Drive,21,29,Gasoline,9-Speed Automatic,2.0L I4 16V GDI DOHC Turbo,WDDWK8EB6KF870001,JP72882,19603
2019,Jeep,Cherokee Limited,Certified,31995,4.6,568,Dealer,Allen Mello Chrysler Dodge Jeep RAM,3.7,231,13 Marmon Drive Nashua,NH,3060,Good,4.8,4.7,4.5,4.5,4.7,4.6,Diamond Black,Black,Four-wheel Drive,19,27,Gasoline,9-Speed Automatic,3.2L V6 24V MPFI DOHC,1C4PJMDX8KD414455,220342A,32176
2019,Honda,CR-V EX-L,Certified,32715,4.8,540,Dealer,Silko Honda,4.8,1373,1580 New State Hwy Rt. 44 Raynham,MA,2767,Good,4.8,4.8,4.7,4.7,4.8,4.8,Platinum White Pearl,Ivory,All-wheel Drive,27,33,Gasoline,Automatic CVT,1.5L I4 16V GDI DOHC Turbo,2HKRW2H87KH633869,34633A,15801
2018,Lexus,RX 350 350,Used,38995,4.8,90,Dealer,Lexus of Arlington,4.7,3035,1510 W Dundee Rd Palatine,IL,60074,Good,4.8,4.9,4.8,4.6,4.8,4.8,Nightfall Mica,Black,All-wheel Drive,19,26,Gasoline,8-Speed Automatic,3.5L V6 24V GDI DOHC,2T2BZMCA1JC161485,7854P,39580
2019,Honda,Pilot EX-L,Used,34995,4.8,223,Dealer,Northshore Toyota,4.4,189,68500 Hwy 190 Service Rd Covington,LA,70433,Great,4.9,4.8,4.7,4.7,4.7,4.8,Deep Scarlet Pearl,Beige Leather,Front-wheel Drive,19,27,Gasoline,6-SPEED A/T,V6 Cylinder Engine,5FNYF5H55KB043851,NN06371,38383
2018,Audi,Q3 2.0T Premium,Used,25205,4.8,52,Dealer,Sport City Toyota,3.9,182,12650 Lyndon B Johnson Fwy Dallas,TX,75228,Good,4.8,4.8,4.7,4.6,4.9,4.8,Brilliant Black,Black,Front-wheel Drive,20,28,Gasoline,6-Speed Automatic,2.0L I4 16V GDI DOHC Turbo,WA1BCCFS5JR000285,JR000285P,80383
2019,BMW,330 i,Used,39597,4.9,30,Dealer,Century Automotive,2.1,12,3800 University Dr NW Huntsville,AL,35816,Good,4.9,4.9,5,4.6,4.9,4.9,Black Sapphire Metallic,Cognac,Rear-wheel Drive,26,36,Gasoline,8-Speed Automatic,2.0L I4 16V GDI DOHC Turbo,WBA5R1C51KAJ98753,J98753,19377
2019,Audi,A4 2.0T Premium,Used,33994,4.8,21,Dealer,DCH Millburn Audi,4.7,1023,2211 Millburn Ave Maplewood,NJ,7040,Good,5,4.9,4.7,4.5,4.7,4.8,Florett Silver Metallic,Black,All-wheel Drive,23,34,Gasoline,7-Speed Automatic with Auto-Shift,2.0L I4 16V GDI DOHC Turbo,WAUDNAF4XKA060977,NN009284A,27873
2019,Honda,CR-V EX-L,Used,30000,4.8,540,Dealer,DCH Academy Honda,4.8,7350,1101 U.S. 9 Old Bridge Township,NJ,8857,Great,4.8,4.8,4.7,4.7,4.8,4.8,Modern Steel Metallic,Black,All-wheel Drive,27,33,Gasoline,Automatic CVT,1.5L I4 16V GDI DOHC Turbo,7FARW2H85KE029479,NE026983A,22532
2018,Mercedes-Benz,C-Class C 300,Used,26491,4.8,66,Dealer,Mercedes-Benz of Houston North,4.5,1343,17510 I-45 North Freeway Houston,TX,77090,Good,4.8,4.9,4.9,4.7,4.9,4.8,Iridium Silver Metallic,–,Rear-wheel Drive,24,33,Gasoline,9-Speed Automatic,2.0L I4 16V GDI DOHC Turbo,55SWF4JB4JU253114,JU253114,80388
2019,Jeep,Cherokee Limited,Certified,24989,4.6,568,Dealer,Hollywood Chrysler-Jeep,4.4,1772,2100 N. State Road 7 Hollywood,FL,33021,Great,4.8,4.7,4.5,4.5,4.7,4.6,Bright White Clearcoat,Black,Front-wheel Drive,22,31,Gasoline,9-Speed Automatic,2.4L I4 16V MPFI SOHC,1C4PJLDB2KD325835,H2A153066A,33148
2018,Jeep,Wrangler Sport,Used,35998,4.7,63,Dealer,CarMax Frederick - Now offering Curbside Pickup,4.4,7,5601 Urbana Pike Frederick,MD,21704,Good,4.7,4.8,4.7,4.6,5,4.6,Red,Black,Four-wheel Drive,17,25,Gasoline,8-Speed Automatic,3.6L V6 24V MPFI DOHC,1C4GJXAG4JW152670,23010437,44235
2019,Honda,Accord Sport,Certified,30795,4.7,223,Dealer,Frank Leta Honda,4.7,922,500 Auto Mall Dr O'Fallon,MO,63368,Good,4.7,4.8,4.7,4.7,4.8,4.8,Modern Steel Metallic,Black,Front-wheel Drive,29,35,Gasoline,Automatic CVT,1.5L I4 16V GDI DOHC Turbo,1HGCV1F38KA064811,220577A,30028
2019,Ford,Edge SEL,Used,29571,4.7,193,Dealer,Serra Ford Farmington Hills,4.8,644,39300 West 10 Mile Road Farmington Hills,MI,48335,Great,4.8,4.7,4.7,4.6,4.8,4.7,Magnetic Metallic,Ebony,All-wheel Drive,21,28,Gasoline,8-Speed Automatic,2.0L I4 16V GDI DOHC Turbo,2FMPK4J90KBB86777,KBB86777,11107
2019,Mercedes-Benz,C-Class C 300,Certified,33769,4.8,40,Dealer,Mercedes-Benz of San Francisco / Smart Center San Francisco,4,59,2233 Gellert Blvd South San Francisco,CA,94080,Great,4.8,4.8,4.8,4.5,4.8,4.7,Black,Black,Rear-wheel Drive,23,34,Gasoline,9-Speed Automatic,2.0L I4 16V GDI DOHC Turbo,55SWF8DB3KU313209,24444,19956
2018,Ford,Focus SE,Used,17998,4.6,199,Dealer,CarMax Dayton - Now offering Curbside Pickup,1,1,3555 Miamisburg-Centerville Rd West Carrollton,OH,45449,Good,4.6,4.6,4.5,4.6,4.7,4.7,Black,Black,Front-wheel Drive,30,40,Gasoline,Automatic,1.0L I3 12V GDI DOHC Turbo,1FADP3FE6JL232707,22084874,44920
2019,Honda,CR-V EX-L,Used,28888,4.8,540,Dealer,Herb Connolly Hyundai,4.6,1024,520 Worcester Rd Framingham,MA,1702,Great,4.8,4.8,4.7,4.7,4.8,4.8,Black,Gray,All-wheel Drive,27,33,Gasoline,Automatic CVT,1.5L I4 16V GDI DOHC Turbo,JHLRW2H89KX001334,H412603A,36920
2019,Chevrolet,Traverse LS,Used,28564,4.7,203,Dealer,West Herr Chevrolet of Orchard Park,4.8,496,3575 Southwestern Blvd Orchard Park,NY,14127,Good,4.8,4.8,4.7,4.5,4.9,4.6,Satin Steel Metallic,Dark Atmosphere,Front-wheel Drive,18,27,Gasoline,9-Speed Automatic,3.6L V6 24V GDI DOHC,1GNERFKW7KJ320291,CO22L803,64230
2018,Mercedes-Benz,AMG GLE 43 Coupe 4MATIC,Used,66440,4.9,14,Dealer,Right Toyota,4.6,1811,7701 E. Frank Lloyd Wright Blvd. Scottsdale,AZ,85260,NA,4.9,4.9,4.9,4.8,4.8,5,Selenite Gray Metallic,Black,All-wheel Drive,17,22,Gasoline,9-Speed Automatic,3.0L V6 24V GDI DOHC Twin Turbo,4JGED6EB7JA100627,00989406,44290
2018,BMW,X2 xDrive28i,Used,33988,4.7,42,Dealer,BMW of Gwinnett Place,4.7,846,3264 Commerce Ave Duluth,GA,30096,Fair,4.6,4.7,4.7,4.5,4.9,4.5,Jet Black,Oyster / Black,All-wheel Drive,21,31,Gasoline,8-Speed Automatic,2.0L I4 16V GDI DOHC Turbo,WBXYJ5C39JEF70480,P43294,34341
2019,Honda,CR-V EX-L,Used,31500,4.8,540,Dealer,Patty Peck Honda,4.7,958,555 Sunnybrook Rd Ridgeland,MS,39157,Good,4.8,4.8,4.7,4.7,4.8,4.8,Modern Steel Metallic,Gray,Front-wheel Drive,28,34,Gasoline,Automatic CVT,1.5L I4 16V GDI DOHC Turbo,5J6RW1H85KA026364,A017056A,35203
2019,Jeep,Grand Cherokee Limited,Used,34739,4.8,224,Dealer,EchoPark Automotive Salt Lake City Delivery Center,3,2,3638 South State St Salt Lake City,UT,84115,Great,4.9,4.9,4.8,4.6,4.9,4.8,Diamond Black,Black,Four-wheel Drive,18,25,Gasoline,8-Speed Automatic,3.6L V6 24V MPFI DOHC,1C4RJFBGXKC729786,PKC729786,44657
2019,Mercedes-Benz,C-Class C 300 4MATIC,Certified,33977,4.8,40,Dealer,Mercedes-Benz of Naperville,4.7,650,1569 W. Ogden Ave. Naperville,IL,60540,Great,4.8,4.8,4.8,4.5,4.8,4.7,Black,–,All-wheel Drive,22,33,Gasoline,9-Speed Automatic,2.0L I4 16V GDI DOHC Turbo,55SWF8EB0KU290082,KU290082,38309
2019,Ford,F-150 Lariat,Used,39988,4.8,425,Dealer,Roseville Toyota,4.5,3787,700 Automall Drive Roseville,CA,95661,Good,4.9,4.8,4.8,4.6,4.8,4.7,Ingot Silver Metallic,Black,Rear-wheel Drive,20,26,Gasoline,10-Speed Automatic,5.0L V8 32V PDI DOHC,1FTEW1C56KKC40873,KKC40873A,55187
2019,Audi,Q5 2.0T Premium Plus,Used,37999,4.7,42,Dealer,Beverly Hills BMW,4.6,499,5070 Wilshire Blvd LA,CA,90036,Good,4.8,4.6,4.7,4.5,4.7,4.7,Mythos Black Metallic,Nougat Brown / Black,All-wheel Drive,22,27,Gasoline,7-Speed Automatic with Auto-Shift,2.0L I4 16V GDI DOHC Turbo,WA1BNAFY1K2080228,TK2080228,20920
2019,BMW,X1 xDrive28i,Certified,35888,4.7,17,Dealer,Rallye BMW,4.8,6596,1 Brush Hollow Rd Westbury,NY,11590,Good,4.8,4.6,4.8,4.7,4.8,4.6,Jet Black,Mocha,All-wheel Drive,22,31,Gasoline,8-Speed Automatic,2.0L I4 16V GDI DOHC Turbo,WBXHT3C53K5L38519,U38404,23610
2019,Chevrolet,Equinox 1LT,Used,24699,4.5,415,Dealer,Onalaska Chevrolet,4.3,50,531 Theater Rd Onalaska,WI,54650,Great,4.6,4.6,4.5,4.4,4.6,4.5,Cajun Red Tintcoat,Jet Black,Front-wheel Drive,26,32,Gasoline,6-Speed Automatic,1.5L I4 16V GDI DOHC Turbo,2GNAXKEV0K6264398,VN00016A,12436
2019,Jeep,Cherokee Limited,Used,27900,4.6,568,Dealer,Tasca Automotive Group,4.8,5714,1300 Pontiac Ave Cranston,RI,2920,Great,4.8,4.7,4.5,4.5,4.7,4.6,Bright White Clearcoat,Black,Four-wheel Drive,19,27,Gasoline,9-Speed Automatic,2.0L I4 16V GDI DOHC Turbo,1C4PJMDN5KD191922,CR9722A,38491
2019,Lexus,RX 350 Base,Used,37995,4.8,102,Dealer,Lexus of Tampa Bay,4.7,1929,5804 N Dale Mabry Highway Tampa,FL,33614,Good,4.8,4.8,4.8,4.6,4.9,4.8,Caviar,–,Front-wheel Drive,20,28,Gasoline,8-Speed Automatic,3.5L V6 24V PDI DOHC,2T2ZZMCA8KC121095,KC121095,51298
2019,Lexus,RX 350 350,Used,37997,4.8,102,Dealer,Toyota Santa Monica,4.4,608,801 Santa Monica Blvd Santa Monica,CA,90401,Great,4.8,4.8,4.8,4.6,4.9,4.8,Nebula Gray Pearl,Gray,Front-wheel Drive,20,28,Gasoline,8-Speed Automatic,3.5L V6 24V PDI DOHC,2T2ZZMCA1KC135050,LCA135050,36549
2019,Chevrolet,Tahoe LT,Used,45921,4.6,70,Dealer,Jim Ellis Buick GMC Mall of GA,4.6,3019,3600 Buford Dr Buford,GA,30519,Good,4.7,4.6,4.6,4.3,4.7,4.7,Black,Cocoa / Dune,Rear-wheel Drive,15,22,Gasoline,6-Speed Automatic,5.3L V8 16V GDI OHV,1GNSCBKCXKR352477,BI879A,67205
2019,Lexus,IS 300 Base,Used,36998,4.9,11,Dealer,Earl Stewart Toyota,4.9,2003,1215 N. Federal Highway #1 Lake Park,FL,33403,Good,5,4.8,4.8,4.9,5,5,Black,Black,Rear-wheel Drive,21,30,Gasoline,8-Speed Automatic,2.0L I4 16V PDI DOHC Turbo,JTHBA1D20K5094652,P11297,23118
2018,Mercedes-Benz,AMG C 43 Base 4MATIC,Used,47998,4.8,10,Dealer,CarMax Glencoe (Edens Expy) - Now offering Curbside Pickup,3,2,2000 Frontage Rd Glencoe,IL,60022,Fair,4.8,4.9,4.9,4.5,4.9,5,Black,Black,All-wheel Drive,20,27,Gasoline,9-Speed Automatic,3.0L V6 24V GDI DOHC Twin Turbo,55SWF6EB7JU247197,22433912,33040
2019,BMW,X5 xDrive40i,Certified,56487,4.7,55,Dealer,Sewell BMW of Grapevine,3.9,60,1111 E State Hwy 114 Grapevine,TX,76051,Good,5,4.9,4.9,4.4,4.7,4.6,Tanzanite Blue II Metallic,Black,All-wheel Drive,20,26,Gasoline,8-Speed Automatic,3.0L I6 24V GDI DOHC Turbo,5UXCR6C55KLL24932,5142652,29970
2018,BMW,X3 xDrive30i,Used,34491,4.8,64,Dealer,Mercedes-Benz of Boerne,4.8,415,31445 Interstate 10 Frontage Rd Boerne,TX,78006,Fair,4.9,4.9,4.8,4.4,4.9,4.6,Jet Black,–,All-wheel Drive,22,29,Gasoline,8-Speed Automatic,2.0L I4 16V GDI DOHC Turbo,5UXTR9C50JLD61678,JLD61678,62594
2019,Lexus,GX 460 Base,Used,43495,4.7,24,Dealer,Russell Westbrook Alfa Romeo Maserati Fiat,4.6,1596,5711 Van Nuys Blvd Sherman Oaks,CA,91401,Great,4.8,4.6,4.6,4.5,4.6,4.8,Black,Black,Four-wheel Drive,15,18,Gasoline,6-Speed Automatic,4.6L V8 32V MPFI DOHC,JTJBM7FX3K5233917,BK6197,32079
2018,Subaru,Forester 2.5i Premium,Certified,25998,4.8,505,Dealer,Williams Subaru of Sayre,4.4,21,1730 Elmira Street  Sayre,PA,18840,Great,4.8,4.6,4.7,4.8,4.7,4.8,Ice Silver Metallic,Black,All-wheel Drive,26,32,Gasoline,Automatic CVT,2.5L H4 16V MPFI DOHC,JF2SJAEC5JH471936,ST2810A,24931
2019,Ford,Flex Limited,Used,26996,4.8,50,Dealer,North Central Ford,4.7,944,1819 N Central Expy Richardson,TX,75080,Great,4.9,4.8,4.7,4.7,4.7,4.8,White,Black,Front-wheel Drive,16,23,Gasoline,6-Speed Automatic,3.5L V6 24V MPFI DOHC,2FMGK5D81KBA10569,TKBA10569,57951
2018,Ford,F-150 XLT,Used,38749,4.8,817,Dealer,Dahl Automotive Onalaska,4.8,965,561 Theater Rd Onalaska,WI,54650,Good,4.9,4.8,4.8,4.6,4.8,4.7,Lead Foot,Black,Four-wheel Drive,18,23,Gasoline,10-Speed Automatic,2.7L V6 24V PDI DOHC Twin Turbo,1FTEW1EP6JFD03038,3P3217,49629
2019,Chevrolet,Silverado 1500 LD LT,Used,37200,4.8,46,Dealer,Ira Toyota of Danvers,4.4,2622,99B Andover St Danvers,MA,1923,Good,4.9,4.8,4.8,4.8,4.9,4.9,Graphite Metallic,Jet Black,Four-wheel Drive,15,21,Gasoline,6-Speed Automatic,5.3L V8 16V GDI OHV,2GCVKPECXK1220698,K1220698,30996
2019,Honda,CR-V EX-L,Certified,32290,4.8,540,Dealer,Faulkner Honda,4.7,617,2008 Paxton St Harrisburg,PA,17111,Good,4.8,4.8,4.7,4.7,4.8,4.8,Platinum White Pearl,Ivory,All-wheel Drive,27,33,Gasoline,Automatic CVT,1.5L I4 16V GDI DOHC Turbo,7FARW2H83KE024913,KE024913,32032
2018,Jeep,Grand Cherokee Limited,Used,33923,4.8,395,Dealer,Elgin Kia,1,1,909 E. Chicago Street Elgin,IL,60120,Great,4.9,4.8,4.8,4.6,4.9,4.7,–,Black,Four-wheel Drive,18,25,Gasoline,8-Speed Automatic,3.6L V6 24V MPFI DOHC,1C4RJFBG6JC140166,504800A,43266
2018,BMW,330 i xDrive,Used,24995,4.8,32,Dealer,Victory Mitsubishi,3.4,472,4070 Boston rd Bronx,NY,10475,Great,4.9,4.7,4.9,4.6,4.8,4.8,Alpine White,Black,All-wheel Drive,23,33,Gasoline,8-Speed Automatic,2.0L I4 16V GDI DOHC Turbo,WBA8D9C52JA013392,901PS,34973
2019,BMW,X5 xDrive40i,Used,55987,4.7,55,Dealer,Hendrick Southpoint Auto Mall,4.8,797,200 Kentington Dr Durham,NC,27713,Fair,5,4.9,4.9,4.4,4.7,4.6,Alpine White,Amarone,All-wheel Drive,20,26,Gasoline,8-Speed Automatic,3.0L I6 24V GDI DOHC Turbo,5UXCR6C59KLL63569,PB0619,30572
2019,Jeep,Grand Cherokee Limited,Used,33990,4.8,224,Dealer,Suburban Chrysler Dodge Jeep RAM of Farmington Hills,4.7,1602,38123 W 10 Mile Road Farmington Hills,MI,48335,Great,4.9,4.9,4.8,4.6,4.9,4.8,Granite Crystal Clearcoat Metallic,Black,Four-wheel Drive,18,25,Gasoline,8-Speed Automatic,3.6L V6 24V MPFI DOHC,1C4RJFBG2KC856404,DP22206,31483
2019,Chevrolet,Trax LT,Used,21000,4.3,151,Dealer,Tasca Chevrolet,4.9,510,114 Fortin Dr Woonsocket,RI,2895,Great,4.4,4.3,4.2,4.2,4.5,4.4,Satin Steel Metallic,Jet Black,Front-wheel Drive,26,31,Gasoline,6-Speed Automatic,1.4L I4 16V MPFI DOHC Turbo,KL7CJLSB9KB866732,SU3288,10778
2019,Ford,Edge SEL,Used,30998,4.7,193,Dealer,Tom Masano Ford Lincoln,4.5,401,1600 Lancaster Ave Reading,PA,19607,Good,4.8,4.7,4.7,4.6,4.8,4.7,Burgundy,Ebony,All-wheel Drive,21,28,Gasoline,8-Speed Automatic,2.0L I4 16V GDI DOHC Turbo,2FMPK4J96KBB73211,220318A,17700
2019,BMW,X5 xDrive40i,Used,50985,4.7,55,Dealer,AutoNation Cadillac West Palm Beach,4.7,598,2101 45th St West Palm Beach,FL,33407,Good,5,4.9,4.9,4.4,4.7,4.6,Black Sapphire Metallic,–,All-wheel Drive,20,26,Gasoline,8-Speed Automatic,3.0L I6 24V GDI DOHC Turbo,5UXCR6C51KLK87393,KLK87393,42448
2018,Chevrolet,Equinox Premier,Used,25918,4.7,708,Dealer,Covert Chevrolet GMC Buick,3.7,98,702 Hwy 71 West Bastrop,TX,78602,Good,4.7,4.7,4.7,4.6,4.8,4.7,Mosaic Black Metallic,Jet Black,Front-wheel Drive,26,32,Gasoline,Automatic,Turbocharged Gas I4 1.5L/,2GNAXMEVXJ6257114,222256A,58682
2018,Toyota,RAV4 LE,Used,27495,4.8,770,Dealer,Albany Subaru,4,23,718 San Pablo Avenue Albany,CA,94706,Great,4.8,4.7,4.8,4.7,4.8,4.9,Electric Storm Blue,Black,All-wheel Drive,22,28,Gasoline,6-Speed Automatic,2.5L I4 16V MPFI DOHC,2T3BFREV8JW742658,71B07012,19669
2019,Toyota,Highlander XLE,Used,38947,4.6,363,Dealer,Ambar Motors,3.4,70,4875 NW 77th Ave Doral,FL,33166,Fair,4.8,4.7,4.6,4.5,4.7,4.6,Blizzard Pearl,Black,Front-wheel Drive,21,27,Gasoline,8-Speed Automatic,3.5L V6 24V PDI DOHC,5TDKZRFH0KS567678,20240,21550
2019,Mercedes-Benz,C-Class C 300 4MATIC,Used,32989,4.8,40,Dealer,EchoPark Automotive New Orleans Delivery Center,2,1,Online Only Metairie,LA,70001,Great,4.8,4.8,4.8,4.5,4.8,4.7,Lunar Blue Metallic,Beige,All-wheel Drive,22,33,Gasoline,9-Speed Automatic,2.0L I4 16V GDI DOHC Turbo,55SWF8EB3KU284874,PKU284874,27311
2019,Jeep,Grand Cherokee Limited,Used,40971,4.8,224,Dealer,Hertrich Chrysler Dodge Jeep Ram of Elkton,4.6,228,1147 E Pulaski Hwy Elkton,MD,21921,Fair,4.9,4.9,4.8,4.6,4.9,4.8,Granite Crystal Clearcoat Metallic,Black,Four-wheel Drive,18,25,Gasoline,8-Speed Automatic,3.6L V6 24V MPFI DOHC,1C4RJFBG5KC847082,R30107,42579
2019,Honda,CR-V EX-L,Certified,34499,4.8,540,Dealer,Mungenast St. Louis Honda,4.9,2629,5939 S Lindbergh Blvd Saint Louis,MO,63123,Good,4.8,4.8,4.7,4.7,4.8,4.8,Modern Steel Metallic,Gray,All-wheel Drive,27,33,Gasoline,Automatic CVT,1.5L I4 16V GDI DOHC Turbo,7FARW2H82KE036938,221597A,36188
2018,Jeep,Grand Cherokee Limited,Certified,31500,4.8,395,Dealer,Koons Tysons Chrysler Dodge Jeep RAM,4,824,2050 Chain Bridge Rd Vienna,VA,22182,Great,4.9,4.8,4.8,4.6,4.9,4.7,Diamond Black,Black,Four-wheel Drive,18,25,Gasoline,8-Speed Automatic,3.6L V6 24V MPFI DOHC,1C4RJFBG6JC350881,00J12450,38065
2019,Chevrolet,Blazer 2LT,Used,35000,4.5,115,Dealer,Don Johnson's Cumberland Motors Ford Chrysler Dodge Jeep RAM,4.6,135,1925 Elm St Cumberland,WI,54829,Good,4.7,4.6,4.5,4.1,4.6,4.4,Cajun Red Tintcoat,Jet Black,All-wheel Drive,18,25,Gasoline,9-Speed Automatic,3.6L V6 24V GDI DOHC,3GNKBGRS9KS574020,C22148A,42630
2018,BMW,M2 Base,Used,52180,4.9,16,Dealer,AutoNation Volkswagen Hilton Head,4.6,267,137 Auto Mall Blvd Hardeeville,SC,29927,Fair,4.6,4.8,5,4.7,4.9,5,Black Sapphire Metallic,Black,Rear-wheel Drive,18,26,Gasoline,7-Speed Automatic with Auto-Shift,3.0L I6 24V GDI DOHC Turbo,WBS1J5C59JVE51868,JVE51868,33546
2019,Chevrolet,Trax LT,Used,22917,4.3,151,Dealer,West Herr Toyota of Williamsville,4.9,1898,8129 Main St Williamsville,NY,14221,Good,4.4,4.3,4.2,4.2,4.5,4.4,Satin Steel Metallic,Jet Black,All-wheel Drive,24,29,Gasoline,6-Speed Automatic,1.4L I4 16V MPFI DOHC Turbo,KL7CJPSB9KB879732,CW22Z1232,17978
2019,Lexus,GX 460 Base,Used,45498,4.7,24,Dealer,Rick Case Volkswagen,4.2,341,3520 Weston Rd Davie,FL,33331,Good,4.8,4.6,4.6,4.5,4.6,4.8,Black Onyx,Black,Four-wheel Drive,15,18,Gasoline,6-Speed Automatic,4.6L V8 32V MPFI DOHC,JTJBM7FX0K5225970,TK5225970,34666
2018,Mercedes-Benz,GLS 450 Base 4MATIC,Used,54994,4.8,13,Dealer,Silver Star Motors,4.6,685,3611 Northern Blvd Long Island City,NY,11101,Good,4.8,4.8,4.8,4.6,4.6,4.8,Black,Espresso Brown,All-wheel Drive,17,22,Gasoline,9-Speed Automatic,3.0L V6 24V GDI DOHC Twin Turbo,4JGDF6EE7JB173698,U16491,17927
2019,Subaru,Outback 2.5i Limited,Certified,33997,4.7,262,Dealer,LaFontaine Subaru,4.4,251,3055 E West Maple Rd Commerce Charter Twp,MI,48390,Good,4.8,4.7,4.7,4.7,4.7,4.7,Ice Silver Metallic,Black,All-wheel Drive,25,32,Gasoline,Automatic CVT,2.5L H4 16V MPFI DOHC,4S4BSANC3K3329591,2X399P,11905
2018,Lexus,RX 350 RX 350,Used,39964,4.8,90,Dealer,Nalley Lexus Galleria,4.6,666,2750 Cobb Pkwy SE Smyrna,GA,30080,Good,4.8,4.9,4.8,4.6,4.8,4.8,Nebula Gray Pearl,Gray,All-wheel Drive,19,26,Gasoline,8-Speed Automatic,3.5L V6 24V GDI DOHC,2T2BZMCA5JC136721,NLS221451A,45133
2019,BMW,X5 xDrive50i,Used,69995,4.7,55,Dealer,Sears Imported Autos,4.9,1952,13500 Wayzata Blvd Minnetonka,MN,55305,Fair,5,4.9,4.9,4.4,4.7,4.6,Black Sapphire Metallic,Black,All-wheel Drive,17,22,Gasoline,8-Speed Automatic,4.4L V8 32V GDI DOHC Twin Turbo,5UXJU2C53KLN65502,5352,13965
2018,Ford,F-150 Platinum,Used,52952,4.8,817,Dealer,AutoNation Ford Bellevue,4.5,745,411 116th Ave NE Bellevue,WA,98004,Good,4.9,4.8,4.8,4.6,4.8,4.7,Shadow Black,–,Four-wheel Drive,16,22,Gasoline,10-Speed Automatic,3.5L V6 24V PDI DOHC Twin Turbo,1FTEW1EGXJFC29171,JFC29171,38486
2019,BMW,X3 xDrive30i,Used,38942,4.7,99,Dealer,Ourisman Volkswagen Volvo of Bethesda,4.3,283,7001 Arlington Rd Bethesda,MD,20814,Good,4.7,4.7,4.8,4.3,4.8,4.6,Black Sapphire Metallic,Black,All-wheel Drive,22,29,Gasoline,8-Speed Automatic,2.0L I4 16V GDI DOHC Turbo,5UXTR9C59KLP82166,V20419A,37486
2018,Honda,Accord EX-L 1.5T,Used,18985,4.8,652,Dealer,Auto Kingdom,4,4,4901 Albemarle Rd Charlotte,NC,28205,Great,4.8,4.8,4.7,4.7,4.8,4.8,Modern Steel Metallic,Gray,Front-wheel Drive,30,38,Gasoline,–,Engine: 1.5T I-4 DOHC 16-Valve Turbocharged VTEC,1HGCV1F5XJA185307,VF1905,87091
2018,Mercedes-Benz,E-Class E 300,Used,37749,4.8,64,Dealer,EchoPark Automotive Charleston Delivery Center,4.6,19,ONLINE ONLY Charleston,SC,29406,Good,4.9,5,4.8,4.6,4.9,4.8,Black,Black,Rear-wheel Drive,22,30,Gasoline,9-Speed Automatic,2.0L I4 16V GDI DOHC Turbo,WDDZF4JB4JA467646,PJA467646,38272
2018,Toyota,RAV4 XLE,Used,26985,4.8,770,Dealer,AutoNation Chevrolet North Richland Hills,4.6,837,7769 Boulevard 26 North Richland Hills,TX,76180,Good,4.8,4.7,4.8,4.7,4.8,4.9,Ruby Flare Pearl,–,Front-wheel Drive,23,30,Gasoline,6-Speed Automatic,2.5L I4 16V MPFI DOHC,2T3WFREV2JW422639,JW422639,47348
2018,Audi,Q7 3.0T Premium Plus,Used,43895,4.7,63,Dealer,Audi Hunt Valley,4.7,394,9800 York Rd Cockeysville,MD,21030,Good,4.9,4.8,4.8,4.5,4.7,4.7,Florett Silver Metallic,Nougat Brown,All-wheel Drive,19,25,Gasoline,8-Speed Automatic,3.0L V6 24V GDI DOHC Supercharged,WA1LAAF77JD041850,JD041850,30827
2019,Jeep,Grand Cherokee Limited,Used,38998,4.8,224,Dealer,CarMax Winston-Salem - Now offering Curbside Pickup and Home Delivery,3.5,3,1580 Hanes Mall Blvd Winston-Salem,NC,27103,Good,4.9,4.9,4.8,4.6,4.9,4.8,Black,Black,Four-wheel Drive,18,25,Gasoline,8-Speed Automatic,3.6L V6 24V MPFI DOHC,1C4RJFBG6KC578641,22836299,23461
2019,Chevrolet,Trax LT,Certified,21885,4.3,151,Dealer,AutoNation Chevrolet Arrowhead,4.5,902,9055 W Bell Rd Peoria,AZ,85382,Great,4.4,4.3,4.2,4.2,4.5,4.4,Nightfall Gray Metallic,–,Front-wheel Drive,26,31,Gasoline,6-Speed Automatic,1.4L I4 16V MPFI DOHC Turbo,3GNCJLSB4KL351520,KL351520,23466
2019,Honda,Odyssey EX-L,Used,38500,4.6,133,Dealer,Kunes Chrysler Dodge Jeep Ram of Woodstock,4.5,613,1790 S Eastwood Dr Woodstock,IL,60098,Good,4.8,4.6,4.5,4.3,4.7,4.5,White Diamond Pearl,Beige,FWD,19,28,Gasoline,9-Speed Automatic,3.5L V6 24V GDI SOHC,5FNRL6H75KB062663,16P511,43985
2019,BMW,330 i xDrive,Used,36990,4.9,30,Dealer,Terryville Chevrolet,4.4,78,302 Main St Terryville,CT,6786,Good,4.9,4.9,5,4.6,4.9,4.9,Sunset Orange Metallic,Black,All-wheel Drive,25,34,Gasoline,8-Speed Automatic,2.0L I4 16V GDI DOHC Turbo,WBA5R7C58KAJ83573,J83573T,42479
2019,Jeep,Grand Cherokee Limited,Used,35998,4.8,224,Dealer,Walser Buick GMC Bloomington,4.6,399,4601 American Blvd West Bloomington,MN,55437,Great,4.9,4.9,4.8,4.6,4.9,4.8,Diamond Black Crystal Pearlcoat,Black,Four-wheel Drive,18,25,Gasoline,Automatic,Regular Unleaded V-6 3.6 L/220,1C4RJFBG6KC583712,4AK442T,31688
2019,Jeep,Cherokee Limited,Certified,27894,4.6,568,Dealer,Larry H. Miller Chrysler Jeep Dodge RAM Boise,4.7,1160,222 Auto Drive Boise,ID,83709,Great,4.8,4.7,4.5,4.5,4.7,4.6,Bright White Clearcoat,Black,Four-wheel Drive,19,27,Gasoline,9-Speed Automatic,3.2L V6 24V MPFI DOHC,1C4PJMDX3KD423922,U423922,61113
2019,Audi,A6 55 Premium Plus,Used,41139,4.6,23,Dealer,EchoPark Automotive Thornton,4.7,1703,500 E 104th Ave Thornton,CO,80233,Fair,4.7,4.8,4.6,4.3,5,4.5,Glacier White Metallic,Black,All-wheel Drive,24,32,Gasoline,7-Speed Automatic with Auto-Shift,2.0L I4 16V GDI DOHC Turbo,WAUE8AF25KN115936,PKN115936,37770
2019,Toyota,RAV4 LE,Certified,31988,4.6,444,Dealer,Heiser Toyota,4.7,4075,11301 W Metro Auto Mall Milwaukee,WI,53224,Good,4.6,4.6,4.4,4.4,4.7,4.6,Super White,Black,All-wheel Drive,25,33,Gasoline,8-Speed Automatic,2.5L I4 16V PDI DOHC,2T3F1RFV2KW076607,T48774A,22618
2018,Subaru,Forester 2.5i Limited,Used,28998,4.8,505,Dealer,Walser Subaru St. Paul,3.9,15,740 Concord St. S St. Paul,MN,55075,Fair,4.8,4.6,4.7,4.8,4.7,4.8,Quartz Blue Pearl,Gray,All-wheel Drive,26,32,Gasoline,Automatic CVT,2.5L H4 16V MPFI DOHC,JF2SJAJCXJH466107,25AF746T,33262
2019,Subaru,Forester Base (CVT),Used,23988,4.7,279,Dealer,Ira Toyota of Manchester,4.7,1997,33 Auto Center Road Manchester,NH,3103,Good,4.8,4.7,4.6,4.7,4.7,4.8,Horizon Blue Pearl,Gray,All-wheel Drive,26,33,Gasoline,Automatic CVT,2.5L H4 16V GDI DOHC,JF2SKACC7KH561493,KH561493,57527
2019,Audi,Q5 2.0T Premium Plus,Used,37998,4.7,42,Dealer,CarMax Oxnard - Now offering Curbside Pickup and Home Delivery,2.8,12,2001 Lockwood St Oxnard,CA,93036,Good,4.8,4.6,4.7,4.5,4.7,4.7,Mythos Black Metallic,Nougat Brown / Black,All-wheel Drive,22,27,Gasoline,7-Speed Automatic with Auto-Shift,2.0L I4 16V GDI DOHC Turbo,WA1BNAFY0K2051707,22856456,40962
2019,Ford,Escape Titanium,Certified,29839,4.7,264,Dealer,Apple Ford Shakopee,4.7,808,1624 Weston Ct Shakopee,MN,55379,Great,4.8,4.7,4.7,4.6,4.7,4.7,White Platinum Tri-Coat Metallic,Charcoal Black,Four-wheel Drive,21,27,Gasoline,6-Speed Automatic,2.0L I4 16V GDI DOHC Turbo,1FMCU9J97KUC04496,RS44367A,22076
2019,BMW,X3 xDrive30i,Used,37739,4.7,99,Dealer,EchoPark Automotive Salt Lake City Delivery Center,3,2,3638 South State St Salt Lake City,UT,84115,Good,4.7,4.7,4.8,4.3,4.8,4.6,White,Black,All-wheel Drive,22,29,Gasoline,8-Speed Automatic,2.0L I4 16V GDI DOHC Turbo,5UXTR9C56KLP87292,PKLP87292,23735
2019,Audi,Q7 55 Prestige,Used,52991,4.7,44,Dealer,Audi North Houston,3.9,80,17815 North Fwy Houston,TX,77090,Fair,4.8,4.6,4.8,4.5,4.8,4.6,Samurai Gray Metallic,Black,All-wheel Drive,19,25,Gasoline,Automatic,Intercooled Supercharger Premium Unleaded V-6 3.0 L/183,WA1VAAF79KD034800,5144123A,35424
2019,Subaru,Forester Touring,Used,33499,4.7,279,Dealer,DELLA Mitsubishi,4.6,85,7 Della Dr Plattsburgh,NY,12901,Good,4.8,4.7,4.6,4.7,4.7,4.8,Jasper Green Metallic,Saddle Brown,All-wheel Drive,26,33,Gasoline,Automatic CVT,2.5L H4 16V GDI DOHC,JF2SKAWC4KH482827,223292A,15767
2019,Toyota,Camry XSE,Certified,30959,4.8,309,Dealer,Sansone Rt 1 Auto Mall,4.1,365,90-100 Rt 1 North Avenel,NJ,7001,Good,4.8,4.7,4.7,4.6,4.9,4.8,Midnight Black Metallic,Black,Front-wheel Drive,28,39,Gasoline,8-Speed Automatic,2.5L I4 16V PDI DOHC,4T1B61HK6KU785957,T785957U,15341
2019,Mercedes-Benz,AMG C 43 Base 4MATIC,Certified,54890,4.9,5,Dealer,Mercedes-Benz of Union,4.9,891,2585 US-22 Union,NJ,7083,Good,4.8,5,5,5,5,4.6,Black,Black,All-wheel Drive,19,27,Gasoline,9-Speed Automatic,3.0L V6 24V GDI DOHC Twin Turbo,55SWF6EB1KU302387,P8438,22748
2018,Mercedes-Benz,C-Class C 300,Certified,28893,4.8,66,Dealer,Fletcher Jones Motorcars,4.8,5262,3300 Jamboree Rd Newport Beach,CA,92660,Great,4.8,4.9,4.9,4.7,4.9,4.8,Black,Black,Rear-wheel Drive,24,33,Gasoline,9-Speed Automatic,2.0L I4 16V GDI DOHC Turbo,55SWF4JB7JU275558,UL49214,39903
2018,Ford,Explorer XLT,Used,32800,4.8,265,Dealer,Blaise Alexander Ford,4.8,418,2265 Old Turnpike Rd Lewisburg,PA,17837,Good,4.9,4.8,4.8,4.7,4.9,4.8,Blue Metallic,Ebony Black,Four-wheel Drive,16,22,Gasoline,6-Speed Automatic,3.5L V6 24V MPFI DOHC,1FM5K8D87JGA75863,LU8185A,60137
2018,Ford,Escape SE,Used,23947,4.7,578,Dealer,Vandergriff Honda,4.6,1629,1104 West I-20 Arlington,TX,76096,Fair,4.8,4.7,4.7,4.6,4.8,4.8,Magnetic,Charcoal Black,Front-wheel Drive,23,30,Gasoline,6-Speed Automatic,1.5L I4 16V GDI DOHC Turbo,1FMCU0GD1JUB51624,JUB51624,33502
2019,BMW,X5 xDrive40i,Used,55888,4.7,55,Dealer,Mark Motors,5,3,140 Enterprise Pkwy Boerne,TX,78006,Fair,5,4.9,4.9,4.4,4.7,4.6,–,–,All-wheel Drive,20,26,Gasoline,8-Speed Automatic,3.0L I6 24V GDI DOHC Turbo,5UXCR6C56KLK88040,PK88040,38106
2019,Lexus,GX 460 Base,Used,48490,4.7,24,Dealer,Hennessy Lexus Gwinnett,4.8,969,3383 Satellite Blvd Duluth,GA,30096,Good,4.8,4.6,4.6,4.5,4.6,4.8,Silver Lining Metallic,Black,Four-wheel Drive,15,18,Gasoline,6-Speed Automatic,4.6L V8 32V MPFI DOHC,JTJBM7FX4K5231707,G1244Z,43391
2019,Mercedes-Benz,C-Class C 300,Certified,30498,4.8,40,Dealer,Autobahn Motors,4.7,923,700 Island Pkwy Belmont,CA,94002,Great,4.8,4.8,4.8,4.5,4.8,4.7,Gold,Black,Rear-wheel Drive,23,34,Gasoline,9-Speed Automatic,2.0L I4 16V GDI DOHC Turbo,55SWF8DB3KU298954,SDU298954,36725
2018,Toyota,RAV4 LE,Used,27987,4.8,770,Dealer,Toyota of Richardson,4.4,1713,1221 N Central Expy Richardson,TX,75080,Good,4.8,4.7,4.8,4.7,4.8,4.9,Magnetic Gray Metallic,Black,Front-wheel Drive,23,30,Gasoline,6-Speed Automatic,2.5L I4 16V MPFI DOHC,JTMZFREV4JJ153751,35652P,45973
2019,Honda,Civic LX,Certified,23995,4.9,275,Dealer,Holler Honda,4.7,1390,2211 N. Semoran Blvd. Orlando,FL,32807,Good,4.8,4.8,4.9,4.8,4.9,4.9,Modern Steel Metallic,Black,Front-wheel Drive,30,38,Gasoline,Automatic CVT,2.0L I4 16V MPFI DOHC,2HGFC2F63KH570910,0H570910,22381
2018,Mercedes-Benz,C-Class C 300,Certified,34088,4.8,66,Dealer,RBM of Atlanta,4.9,1013,7640 Roswell Rd Atlanta,GA,30350,Good,4.8,4.9,4.9,4.7,4.9,4.8,Black,Black,Rear-wheel Drive,24,33,Gasoline,9-Speed Automatic,2.0L I4 16V GDI DOHC Turbo,55SWF4JB9JU264223,U18703,34344
2019,BMW,X3 xDrive30i,Used,39998,4.7,99,Dealer,CarMax South Boulevard - Now offering Curbside Pickup and Home Delivery,3.6,12,10510 Cadillac St Pineville,NC,28134,Fair,4.7,4.7,4.8,4.3,4.8,4.6,Black,Black,All-wheel Drive,22,29,Gasoline,8-Speed Automatic,2.0L I4 16V GDI DOHC Turbo,5UXTR9C50KLP95551,22835992,33923
2018,Ford,F-150 Lariat,Certified,43998,4.8,817,Dealer,Lake Ford,4.7,3996,4201 S. 27th Street Milwaukee,WI,53221,Good,4.9,4.8,4.8,4.6,4.8,4.7,Shadow Black,Black,Four-wheel Drive,19,24,Gasoline,10-Speed Automatic,5.0L V8 32V PDI DOHC,1FTFW1E5XJFD06575,F32498HC,58700
2018,BMW,X2 xDrive28i,Used,33490,4.7,42,Dealer,Hennessy Lexus Gwinnett,4.8,969,3383 Satellite Blvd Duluth,GA,30096,Fair,4.6,4.7,4.7,4.5,4.9,4.5,Black Sapphire Metallic,Black,All-wheel Drive,21,31,Gasoline,8-Speed Automatic,2.0L I4 16V GDI DOHC Turbo,WBXYJ5C31JEF69453,G1265D,36673
2018,Ford,F-150 XLT,Used,32500,4.8,817,Dealer,Auto Boutique,4.8,1047,10100 Atlantic BLVD Jacksonville,FL,32225,Great,4.9,4.8,4.8,4.6,4.8,4.7,Black,–,Four-wheel Drive,18,23,Gasoline,Automatic,5.0L V8 32V PDI DOHC,1FTFX1E55JKC75742,08657,28186
2019,Ford,Escape SEL,Certified,24988,4.7,264,Dealer,Hines Park Ford,4.7,633,56558 Pontiac Trl New Hudson,MI,48165,Great,4.8,4.7,4.7,4.6,4.7,4.7,Gray,Black,Front-wheel Drive,23,30,Gasoline,6-Speed Automatic,1.5L I4 16V GDI DOHC Turbo,1FMCU0HD8KUA40634,0019495A,12666
2019,Honda,Pilot EX-L,Used,29992,4.8,223,Dealer,DELLA Mitsubishi,4.6,85,7 Della Dr Plattsburgh,NY,12901,Good,4.9,4.8,4.7,4.7,4.7,4.8,Modern Steel Metallic,Black,All-wheel Drive,18,26,Gasoline,6-Speed Automatic,3.5L V6 24V GDI SOHC,5FNYF6H58KB080236,14782A,83644
2018,Ford,Explorer Limited,Used,32493,4.8,265,Dealer,Ford of Murfreesboro,4.7,1478,1550 NW Broad St Murfreesboro,TN,37129,Good,4.9,4.8,4.8,4.7,4.9,4.8,White Platinum,Medium Stone,Front-wheel Drive,19,27,Gasoline,6-Speed Automatic,3.5L V6 24V MPFI DOHC,1FM5K7F84JGB39283,P7669,64974
2019,BMW,X5 xDrive40i,Certified,54914,4.7,55,Dealer,Schomp BMW,4.7,1804,1190 Plum Valley Ln Highlands Ranch,CO,80129,Fair,5,4.9,4.9,4.4,4.7,4.6,Alpine White,Black,All-wheel Drive,20,26,Gasoline,8-Speed Automatic,3.0L I6 24V GDI DOHC Turbo,5UXCR6C54KLL23741,B221348A,40720
2019,Audi,A6 55 Premium Plus,Used,50000,4.6,23,Dealer,Audi Arlington,3.2,291,3200 Columbia Pike Arlington,VA,22204,Great,4.7,4.8,4.6,4.3,5,4.5,Mythos Black Metallic,Okapi Brown,All-wheel Drive,22,29,Hybrid,7-Speed Automatic with Auto-Shift,3.0L V6 24V GDI DOHC Turbo Hybrid,WAUL2AF21KN026518,Z26518AN,14321
2019,Ford,F-150 XLT,Used,41922,4.8,425,Dealer,Hudson Nissan,4.7,537,7331 Rivers Ave North Charleston,SC,29406,Good,4.9,4.8,4.8,4.6,4.8,4.7,Black,Black,Four-wheel Drive,18,23,Gasoline,10-Speed Automatic,2.7L V6 24V PDI DOHC Twin Turbo,1FTEW1EP7KFB35153,PB35153,46946
2019,Mercedes-Benz,GLA 250 Base 4MATIC,Used,30750,4.6,33,Dealer,Millennium Chevrolet,4.6,467,220 N Franklin St Hempstead,NY,11550,Great,4.6,4.5,4.6,4.5,4.7,4.7,Polar White,Black,All-wheel Drive,23,31,Flexible,7-Speed Automatic with Auto-Shift,2.0L I4 16V GDI DOHC Turbo Flexible Fuel,WDCTG4GB0KJ599707,P03829,16154
2018,Toyota,Highlander Limited,Used,35991,4.8,419,Dealer,Mercedes-Benz of Houston North,4.5,1343,17510 I-45 North Freeway Houston,TX,77090,Great,4.8,4.7,4.7,4.6,4.8,4.8,Black,–,Front-wheel Drive,21,27,Gasoline,8-Speed Automatic,3.5L V6 24V PDI DOHC,5TDYZRFHXJS245560,JS245560,38108
2019,BMW,X3 xDrive30i,Used,37489,4.7,99,Dealer,Ourisman Hyundai Genesis of Bowie -Curbside Pick Up and Home Delivery Available,1.3,30,2404 Crain Hwy Bowie,MD,20716,Good,4.7,4.7,4.8,4.3,4.8,4.6,Black Sapphire Metallic,Black,All-wheel Drive,22,29,Gasoline,8-Speed Automatic,2.0L I4 16V GDI DOHC Turbo,5UXTR9C51KLD98076,226005A,45390
2018,BMW,330 i xDrive,Certified,33457,4.8,32,Dealer,Tulley BMW of Manchester,4.3,70,170 Auto Center Rd Manchester,NH,3103,Great,4.9,4.7,4.9,4.6,4.8,4.8,Glacier Silver Metallic,Black,All-wheel Drive,23,33,Gasoline,8-Speed Automatic,2.0L I4 16V GDI DOHC Turbo,WBA8D9C55JA607619,MPA3972,16244
2019,BMW,330 i xDrive,Used,37522,4.9,30,Dealer,Key Hyundai of Manchester,4.8,2065,21 Hartford Tpke Vernon,CT,6066,Fair,4.9,4.9,5,4.6,4.9,4.9,Black Sapphire Metallic,Cognac,All-wheel Drive,25,34,Gasoline,8-Speed Automatic,2.0L I4 16V GDI DOHC Turbo,WBA5R7C57KAJ80549,KV5134,50001
2018,BMW,X2 sDrive28i,Used,28989,4.7,42,Dealer,EchoPark Automotive Atlanta (Duluth),4.9,297,3296 Commerce Ave Duluth,GA,30096,Good,4.6,4.7,4.7,4.5,4.9,4.5,Alpine White,Black,Front-wheel Drive,23,32,Gasoline,8-Speed Automatic,2.0L I4 16V GDI DOHC Turbo,WBXYJ3C32JEJ82783,PJEJ82783,36409
2019,Ford,Edge Titanium,Certified,34519,4.7,193,Dealer,Performance Lincoln Ford,4.9,2576,906 NJ-10 Randolph,NJ,7869,Good,4.8,4.7,4.7,4.6,4.8,4.7,Ingot Silver,Ebony,All-wheel Drive,21,28,Gasoline,8-Speed Automatic,2.0L I4 16V GDI DOHC Turbo,2FMPK4K92KBC08129,F11029,22216
2019,BMW,X5 xDrive40i,Certified,57990,4.7,55,Dealer,BMW of Alexandria,4.4,734,499 S Pickett St Alexandria,VA,22304,Fair,5,4.9,4.9,4.4,4.7,4.6,Arctic Gray Metallic,Black,All-wheel Drive,20,26,Gasoline,8-Speed Automatic,3.0L I6 24V GDI DOHC Turbo,5UXCR6C55KLK87400,K87400AN,22656
2019,Ford,Fiesta SE,Used,16999,4.6,76,Dealer,Ron Tonkin Chrysler Jeep Dodge Ram Fiat,4.4,528,16800 SE McLoughlin Blvd Milwaukie,OR,97267,Good,4.5,4.6,4.6,4.7,4.5,4.8,White,Medium Light Stone,Front-wheel Drive,27,35,Gasoline,6-Speed Automatic with Auto-Shift,1.6L I4 16V MPFI DOHC,3FADP4EJ1KM143650,PD11295,53094
2019,BMW,330 i xDrive,Used,40000,4.9,30,Dealer,McCarthy Blue Springs Hyundai,4.6,324,3000 NW S Outer Rd Blue Springs,MO,64015,Good,4.9,4.9,5,4.6,4.9,4.9,Alpine White,Black,All-wheel Drive,25,34,Gasoline,8-Speed Automatic,2.0L I4 16V GDI DOHC Turbo,WBA5R7C59KAJ80651,UH6647A,39186
2019,Jeep,Cherokee Limited,Used,24500,4.6,568,Dealer,Zeigler Cadillac of Lincolnwood,4.1,134,7373 N Cicero Ave Lincolnwood,IL,60712,Great,4.8,4.7,4.5,4.5,4.7,4.6,Granite Crystal Clearcoat Metallic,Black,Four-wheel Drive,19,27,Gasoline,9-Speed Automatic,3.2L V6 24V MPFI DOHC,1C4PJMDX8KD303677,P2203,65806
2019,Subaru,Forester Premium,Used,28568,4.7,279,Dealer,Ira Subaru,4.4,680,97 Andover St Danvers,MA,1923,Good,4.8,4.7,4.6,4.7,4.7,4.8,Crystal Black Silica,Black,All-wheel Drive,26,33,Gasoline,Automatic CVT,2.5L H4 16V GDI DOHC,JF2SKAGC9KH423450,KH423450,30760
2019,Mercedes-Benz,C-Class C 300 4MATIC,Used,38999,4.8,40,Dealer,Steve White Volkswagen Audi - Greenville,4.8,934,100 Duvall Drive Greenville,SC,29607,Fair,4.8,4.8,4.8,4.5,4.8,4.7,Brilliant Blue Metallic,Black,All-wheel Drive,22,33,Gasoline,9-Speed Automatic,2.0L I4 16V GDI DOHC Turbo,WDDWF8EB2KR519606,P5890,44851
2018,Mercedes-Benz,GLE 350 Base,Used,37990,4.7,51,Dealer,Autos of Dallas,4.3,1341,4472 W Plano Pkwy Plano,TX,75093,Great,4.9,4.7,4.8,4.4,4.8,4.8,Silver,Tan,Rear-wheel Drive,18,23,Gasoline,7-Speed Automatic,3.5L V6 24V GDI DOHC,4JGDA5JB9JB198140,198140,41530
2019,Lexus,GX 460 Base,Used,54949,4.7,24,Dealer,Westside Lexus,4.9,7343,12000 Katy Fwy Houston,TX,77079,Good,4.8,4.6,4.6,4.5,4.6,4.8,Starfire Pearl,Brown,Four-wheel Drive,15,18,Gasoline,6-Speed Automatic,4.6L V8 32V MPFI DOHC,JTJBM7FX0K5220591,W26751A,21563
2019,Jeep,Grand Cherokee Limited,Used,30372,4.8,224,Dealer,Bayway Chrysler Dodge Jeep Ram,2.8,43,4000 Pasadena Freeway Pasadena,TX,77503,Good,4.9,4.9,4.8,4.6,4.9,4.8,Bright White Clearcoat,Black,Rear-wheel Drive,19,26,Gasoline,8-Speed Automatic,3.6L V6 24V MPFI DOHC,1C4RJEBG2KC805639,B221162A,80202
2019,Lexus,RX 350 350,Used,43988,4.8,102,Dealer,Lexus of Stevens Creek,4.9,905,3333 Stevens Creek Blvd San Jose,CA,95117,Good,4.8,4.8,4.8,4.6,4.9,4.8,Silver Lining Metallic,Gray,Front-wheel Drive,20,28,Gasoline,8-Speed Automatic,3.5L V6 24V PDI DOHC,2T2ZZMCA2KC145957,3P06517,44693
2018,Audi,Q5 2.0T Tech Premium,Used,32995,4.7,181,Dealer,McGovern Subaru of Acton,4.9,17,61 Powder Mill Road Acton,MA,1720,Good,4.7,4.7,4.7,4.4,4.7,4.6,Mythos Black Metallic,Nougat Brown / Black,All-wheel Drive,23,27,Gasoline,7-Speed Automatic with Auto-Shift,2.0L I4 16V GDI DOHC Turbo,WA1BNAFY8J2223707,SM1294A,45350
2018,Chevrolet,Silverado 1500 LT,Used,35385,4.6,349,Dealer,Burritt Motors,4.5,417,340 Route 104 East Oswego,NY,13126,Good,4.7,4.6,4.6,4.5,4.7,4.6,Black,Black,Four-wheel Drive,17,22,Gasoline,6-Speed Automatic,5.3L V8 16V GDI OHV,1GCVKREC8JZ362324,22276A,44800
2019,Lexus,RX 350L Premium,Used,42569,4.9,14,Dealer,Lexus of Manhattan,4.4,432,679 11th Ave New York,NY,10019,Great,5,4.8,4.9,4.8,4.8,4.9,Nightfall Mica,Gray,All-wheel Drive,18,25,Gasoline,8-Speed Automatic,3.5L V6 24V PDI DOHC,JTJDZKCA0K2016940,LM18565,21221
2019,BMW,X1 sDrive28i,Certified,33999,4.7,17,Dealer,Beverly Hills BMW,4.6,499,5070 Wilshire Blvd LA,CA,90036,Good,4.8,4.6,4.8,4.7,4.8,4.6,Black,Black,Front-wheel Drive,23,32,Gasoline,8-Speed Automatic,2.0L I4 16V GDI DOHC Turbo,WBXHU7C5XK5L11063,TK5L11063,18808
2019,BMW,X5 xDrive40i,Used,55888,4.7,55,Dealer,Mark Motors,5,3,140 Enterprise Pkwy Boerne,TX,78006,Fair,5,4.9,4.9,4.4,4.7,4.6,–,–,All-wheel Drive,20,26,Gasoline,8-Speed Automatic,3.0L I6 24V GDI DOHC Turbo,5UXCR6C56KLK88040,PK88040,38106
2018,Ford,Explorer XLT,Used,25000,4.8,265,Dealer,Don Wood Chevrolet Buick,4.4,48,12916 Oh-664 Logan,OH,43138,Good,4.9,4.8,4.8,4.7,4.9,4.8,Ingot Silver,Ebony Black,Four-wheel Drive,16,22,Gasoline,6-Speed Automatic,3.5L V6 24V MPFI DOHC,1FM5K8D88JGB18770,L7012795,99957
2018,Jeep,Grand Cherokee Limited,Used,28988,4.8,395,Dealer,Barnett Chrysler Jeep Kia,4.1,206,3610 North Highway 61 White Bear Lake,MN,55110,Great,4.9,4.8,4.8,4.6,4.9,4.7,Diamond Black,Black,Four-wheel Drive,18,25,Gasoline,8-Speed Automatic,3.6L V6 24V MPFI DOHC,1C4RJFBG6JC432996,520633,80784
2018,Audi,S4 3.0T Premium Plus,Used,44500,4.8,19,Dealer,Schomp Mazda,4.6,177,505 S Havana St  Denver,CO,80247,Good,4.8,4.9,4.9,4.6,4.7,4.8,Glacier White Metallic,Rotor Gray,All-wheel Drive,21,30,Gasoline,8-Speed Automatic,3.0L V6 24V GDI DOHC Turbo,WAUB4AF41JA003852,8MK0185,35104
2019,Honda,CR-V EX-L,Used,31588,4.8,540,Dealer,Ourisman Lexus,3.7,11,15501 FREDERICK ROAD Rockville,MD,20855,Good,4.8,4.8,4.7,4.7,4.8,4.8,Crystal Black Pearl,Black,All-wheel Drive,27,33,Gasoline,Automatic CVT,1.5L I4 16V GDI DOHC Turbo,7FARW2H80KE048635,TE048635,25210
2019,Mercedes-Benz,C-Class C 300,Used,34499,4.8,40,Dealer,EchoPark Automotive Phoenix,4.9,237,10555 West Papago Freeway Avondale,AZ,85323,Good,4.8,4.8,4.8,4.5,4.8,4.7,White,Black,Rear-wheel Drive,23,34,Gasoline,9-Speed Automatic,2.0L I4 16V GDI DOHC Turbo,55SWF8DB2KU291705,PKU291705,22592
2019,Toyota,4Runner TRD Off Road,Certified,44454,4.8,189,Dealer,Burnsville Toyota,4.8,948,14730 Buck Hill Rd Burnsville,MN,55306,Great,4.8,4.7,4.8,4.7,4.8,4.9,Midnight Black Metallic,Black,Four-wheel Drive,17,20,Gasoline,5-Speed Automatic,4.0L V6 24V MPFI DOHC,JTEBU5JR4K5657098,1029523,20405
2018,BMW,X6 xDrive35i,Certified,54491,4.7,9,Dealer,Schomp BMW,4.7,1804,1190 Plum Valley Ln Highlands Ranch,CO,80129,Fair,4.7,4.8,4.8,4.3,4.9,4.6,Flamenco Red Metallic,Black,All-wheel Drive,18,24,Gasoline,8-Speed Automatic,3.0L I6 24V GDI DOHC Turbo,5UXKU2C57J0X49460,1BA2314A,24799
2019,Lexus,ES 350 Luxury,Used,42998,4.6,121,Dealer,CarMax Hillside (Eisenhower Expy) - Now offering Curbside Pickup,4,9,101 N Wolf Rd Hillside,IL,60162,Good,4.7,4.6,4.6,4.4,4.7,4.6,Black,Black,Front-wheel Drive,22,33,Gasoline,8-Speed Automatic,3.5L V6 24V PDI DOHC,58ABZ1B1XKU007063,22932547,24855
2019,BMW,X4 xDrive30i,Used,44990,4.6,21,Dealer,Autos of Dallas,4.3,1341,4472 W Plano Pkwy Plano,TX,75093,Fair,4.6,4.9,4.7,4.1,4.8,4.5,Flamenco Red Metallic,Mocha,All-wheel Drive,22,29,Gasoline,8-Speed Automatic,2.0L I4 16V GDI DOHC Turbo,5UXUJ3C5XKLG55325,G55325,36805
2018,Ford,Explorer XLT,Used,28900,4.8,265,Dealer,Byers Toyota,4.7,2206,1599 Columbus Pike Delaware,OH,43015,Great,4.9,4.8,4.8,4.7,4.9,4.8,Burgundy Velvet Metallic Tinted Clearcoat,Medium Stone,Front-wheel Drive,17,24,Gasoline,6-Speed Automatic,3.5L V6 24V MPFI DOHC,1FM5K7D83JGA41333,T11682,43869
2018,Ford,Explorer XLT,Used,31419,4.8,265,Dealer,Parks Chevrolet,4.2,93,11865 US-54 Augusta,KS,67010,Good,4.9,4.8,4.8,4.7,4.9,4.8,Shadow Black,Ebony Black,Front-wheel Drive,17,24,Gasoline,6-SPEED A/T,V6 Cylinder Engine,1FM5K7D85JGB55074,C22-136B,48033
2019,Chevrolet,Trax LS,Used,21729,4.3,151,Dealer,Hertrich Buick GMC of Seaford,4.5,49,26953 Sussex Hwy Seaford,DE,19973,Good,4.4,4.3,4.2,4.2,4.5,4.4,Nightfall Gray Metallic,Jet Black,All-wheel Drive,24,29,Gasoline,6-Speed Automatic,1.4L I4 16V MPFI DOHC Turbo,3GNCJNSB1KL378251,R2586,35811
2019,Honda,CR-V EX-L,Certified,31387,4.8,540,Dealer,Mohawk Honda,4.9,7383,175 Freemans Bridge Rd Schenectady,NY,12302,Good,4.8,4.8,4.7,4.7,4.8,4.8,Gunmetal Metallic,Gray,All-wheel Drive,27,33,Gasoline,Automatic CVT,1.5L I4 16V GDI DOHC Turbo,2HKRW2H83KH658204,CUP21008,33255
2019,Ford,Escape SEL,Certified,24988,4.7,264,Dealer,Hines Park Ford,4.7,633,56558 Pontiac Trl New Hudson,MI,48165,Great,4.8,4.7,4.7,4.6,4.7,4.7,Gray,Black,Front-wheel Drive,23,30,Gasoline,6-Speed Automatic,1.5L I4 16V GDI DOHC Turbo,1FMCU0HD8KUA40634,0019495A,12666
2019,Ford,Explorer XLT,Used,34595,4.8,110,Dealer,Action Auto Sales and Finance Inc.,4.3,104,170 W State Rd Lehi,UT,84043,Good,4.8,4.8,4.8,4.7,4.9,4.8,Blue,Black,Front-wheel Drive,17,24,Gasoline,6-Speed Automatic,3.5L V6 24V MPFI DOHC,1FM5K7D87KGA52014,L11929,14705
2019,Honda,Pilot EX-L,Certified,37319,4.8,223,Dealer,Madison Honda,4.7,1494,280 Main St Madison,NJ,7940,Good,4.9,4.8,4.7,4.7,4.7,4.8,Crystal Black Pearl,Black,All-wheel Drive,18,26,Gasoline,Automatic,Regular Unleaded V-6 3.5 L/212,5FNYF6H57KB099926,51659A,18487
2019,Audi,Q7 45 Premium,Used,42591,4.7,44,Dealer,Audi Brooklyn,3.9,273,665 65th St Brooklyn,NY,11220,Great,4.8,4.6,4.8,4.5,4.8,4.6,Florett Silver Metallic,Black,All-wheel Drive,19,25,Gasoline,8-Speed Automatic,2.0L I4 16V GDI DOHC Turbo,WA1AHAF77KD016211,AU118164,22417
2019,BMW,330 i xDrive,Certified,39816,4.9,30,Dealer,BMW of Turnersville,4.7,329,3400 Route 42 Turnersville,NJ,8012,Good,4.9,4.9,5,4.6,4.9,4.9,Jet Black,Black,All-wheel Drive,25,34,Gasoline,8-Speed Automatic,2.0L I4 16V GDI DOHC Turbo,3MW5R7J51K8A05082,WW05082F,17072
